/*
Navicat MySQL Data Transfer

Source Server         : dev-dever-pub
Source Server Version : 50556
Source Host           : 121.12.252.172:33066
Source Database       : ins_edu

Target Server Type    : MYSQL
Target Server Version : 50556
File Encoding         : 65001

Date: 2018-03-26 11:36:00
*/

SET FOREIGN_KEY_CHECKS=0;

-- ----------------------------
-- Table structure for `b_account`
-- ----------------------------
DROP TABLE IF EXISTS `b_account`;
CREATE TABLE `b_account` (
  `phone` varchar(32) NOT NULL DEFAULT '' COMMENT '手机号码',
  `pwd` varchar(32) DEFAULT NULL COMMENT '密码',
  PRIMARY KEY (`phone`)
) ENGINE=InnoDB DEFAULT CHARSET=utf8;

-- ----------------------------
-- Records of b_account
-- ----------------------------
INSERT INTO `b_account` VALUES ('12432142144', '9e912a1888604c45c12cbba6f39e84cb');
INSERT INTO `b_account` VALUES ('13100131000', '834bd59018ac969c360c27c5fae4cf8c');
INSERT INTO `b_account` VALUES ('13123456789', 'e35cf7b66449df565f93c607d5a81d09');
INSERT INTO `b_account` VALUES ('13132324231', '819e6ca62fc96e52a92312363af0788c');
INSERT INTO `b_account` VALUES ('13200132000', 'b84e048fec79b7b9793cf9b24fb8d753');
INSERT INTO `b_account` VALUES ('13211111111', '96e79218965eb72c92a549dd5a330112');
INSERT INTO `b_account` VALUES ('13211132111', '6625804b83e4ca0c92651a2763692086');
INSERT INTO `b_account` VALUES ('13243523231', 'd2d247ff1e52f3420995729e5358f17b');
INSERT INTO `b_account` VALUES ('13311113211', '7bbe1e12c5d9f0798b0c532ab6f4aa8c');
INSERT INTO `b_account` VALUES ('13311133111', 'dab04c32bdfaebb711d16df59a241c6f');
INSERT INTO `b_account` VALUES ('13421450672', 'dfacf6444c6bc5e98bc858b5f7086ced');
INSERT INTO `b_account` VALUES ('13512133222', '976688d3fb4d8f3b19089a983519f974');
INSERT INTO `b_account` VALUES ('13800138000', '4fb01fdfe538b7ac6583a175dd3de1eb');
INSERT INTO `b_account` VALUES ('13824749045', 'c391941dba04ded490eb6821dc016475');
INSERT INTO `b_account` VALUES ('13824749046', 'c391941dba04ded490eb6821dc016475');
INSERT INTO `b_account` VALUES ('17666483518', 'b0a8b27daba2e557bc92d40ab10ec9cd');
INSERT INTO `b_account` VALUES ('18988888888', '21218cca77804d2ba1922c33e0151105');

-- ----------------------------
-- Table structure for `b_building_room`
-- ----------------------------
DROP TABLE IF EXISTS `b_building_room`;
CREATE TABLE `b_building_room` (
  `id` varchar(32) NOT NULL DEFAULT '' COMMENT '教室ID',
  `hid` varchar(8) NOT NULL COMMENT '学校ID',
  `name` varchar(32) DEFAULT NULL COMMENT '教室名称',
  `building` varchar(32) DEFAULT NULL COMMENT '教学楼名称',
  `floor` varchar(32) DEFAULT NULL COMMENT '楼层名称',
  `type` varchar(8) DEFAULT NULL COMMENT '类型(公共教室：PUB，私有教室：PRV)',
  PRIMARY KEY (`id`),
  KEY `inx_hid` (`hid`)
) ENGINE=InnoDB DEFAULT CHARSET=utf8;

-- ----------------------------
-- Records of b_building_room
-- ----------------------------
INSERT INTO `b_building_room` VALUES ('00000001201802051358257259014721', '00000001', '101室1', '12栋', '1', 'PUB');
INSERT INTO `b_building_room` VALUES ('00000001201802051358257259014726', '00000001', '322室', '13栋', '3', 'PRV');
INSERT INTO `b_building_room` VALUES ('00000001201802051358257259014727', '00000001', '202室', '12栋', '2', 'PUB');
INSERT INTO `b_building_room` VALUES ('00000001201802051359285019064058', '00000001', '412室', '13栋', '4', 'PRV');
INSERT INTO `b_building_room` VALUES ('00000001201802051400026938620723', '00000001', '302室', '13栋', '3', 'PUB');
INSERT INTO `b_building_room` VALUES ('00000023201803161529188689296025', '00000023', '1202室', '12栋', '1', 'PUB');
INSERT INTO `b_building_room` VALUES ('00000023201803231451544240779667', '00000023', '1201室', '12栋', '1', 'PUB');

-- ----------------------------
-- Table structure for `b_card`
-- ----------------------------
DROP TABLE IF EXISTS `b_card`;
CREATE TABLE `b_card` (
  `hid` varchar(8) NOT NULL DEFAULT '' COMMENT '学校ID',
  `card` varchar(32) NOT NULL DEFAULT '' COMMENT '卡号',
  `u_type` varchar(8) DEFAULT NULL COMMENT '持卡用户类型(STU,TCH,FAM)',
  `u_id` varchar(32) DEFAULT NULL COMMENT '持卡用户ID',
  `status` varchar(16) DEFAULT NULL COMMENT '状态',
  `money` int(11) DEFAULT '0' COMMENT '卡余额(分)',
  `acc_money` int(11) DEFAULT '0' COMMENT '账户余额(分)',
  `ct` datetime DEFAULT NULL COMMENT '发卡时间',
  `ot` date DEFAULT NULL COMMENT '过期时间',
  PRIMARY KEY (`card`,`hid`)
) ENGINE=InnoDB DEFAULT CHARSET=utf8;

-- ----------------------------
-- Records of b_card
-- ----------------------------
INSERT INTO `b_card` VALUES ('00000001', '0123456788', 'TCH', '00000001201803131358536331387000', 'NORMAL', '0', '0', '2018-03-12 16:19:13', null);
INSERT INTO `b_card` VALUES ('00000023', '0123456788', 'STU', '00000023201803141129517847787463', 'NORMAL', '0', '0', '2018-03-14 14:40:33', null);
INSERT INTO `b_card` VALUES ('00000001', '0123456789', 'STU', '00000001201803121619137060949464', 'NORMAL', '0', '0', '2018-03-12 16:19:13', null);
INSERT INTO `b_card` VALUES ('00000023', '0123456789', 'STU', '00000023201803141129517847787463', 'NORMAL', '0', '0', '2018-03-14 14:49:05', null);
INSERT INTO `b_card` VALUES ('00000001', '0911529042', 'STU', '00000001201803221340518529533671', 'NORMAL', '0', '0', '2018-03-22 13:40:51', null);
INSERT INTO `b_card` VALUES ('00000001', '0911650914', 'STU', '00000001201803221341374175693441', 'NORMAL', '0', '0', '2018-03-22 13:41:37', null);
INSERT INTO `b_card` VALUES ('00000001', '1212121212', 'STU', '00000001201803241056350767256773', 'NORMAL', '0', '0', '2018-03-24 10:57:47', null);
INSERT INTO `b_card` VALUES ('00000023', '1212232132', 'STU', '00000023201803231446592585247017', 'NORMAL', '0', '0', '2018-03-23 14:46:59', null);
INSERT INTO `b_card` VALUES ('00000028', '1234567890', 'STU', '00000028201803171454166386085340', 'NORMAL', '0', '0', '2018-03-19 08:43:03', null);
INSERT INTO `b_card` VALUES ('00000028', '1234567891', 'FAM', '00000028201803190839316774896372', 'NORMAL', '0', '0', '2018-03-19 08:44:37', null);
INSERT INTO `b_card` VALUES ('00000001', '1313131313', 'STU', '00000001201803161154543483169895', 'NORMAL', '0', '0', '2018-03-16 11:54:54', null);
INSERT INTO `b_card` VALUES ('00000001', '1414141414', 'STU', '00000001201803241100492774605974', 'NORMAL', '0', '0', '2018-03-24 11:00:49', null);

-- ----------------------------
-- Table structure for `b_card_rec`
-- ----------------------------
DROP TABLE IF EXISTS `b_card_rec`;
CREATE TABLE `b_card_rec` (
  `id` varchar(32) NOT NULL DEFAULT '' COMMENT '卡变更记录ID',
  `hid` varchar(8) DEFAULT NULL COMMENT '学校ID',
  `card_bf` varchar(32) DEFAULT NULL COMMENT '原卡号',
  `card_af` varchar(32) DEFAULT '' COMMENT '新卡号',
  `type` varchar(16) DEFAULT NULL COMMENT '变更类型(ADD：发卡；LOSS：挂失；REISSUE：补卡）',
  `ut` datetime DEFAULT NULL COMMENT '变更时间',
  `u_type` varchar(8) DEFAULT NULL COMMENT '持卡用户类型(STU,TCH,FAM)',
  `u_id` varchar(32) DEFAULT NULL COMMENT '持卡用户ID',
  `u_name` varchar(32) DEFAULT NULL COMMENT '持卡用户姓名',
  `u_group` varchar(64) DEFAULT NULL COMMENT '持卡用户群组(班级名称/教师类型名称)',
  `o_type` varchar(8) DEFAULT NULL COMMENT '操作人类型(SYS,SAU,TCH)',
  `o_id` varchar(32) DEFAULT NULL COMMENT '操作人ID',
  `o_name` varchar(32) DEFAULT NULL COMMENT '操作人姓名',
  `reason` varchar(200) DEFAULT NULL COMMENT '变更原因',
  `remark` varchar(200) DEFAULT NULL COMMENT '变更备注',
  PRIMARY KEY (`id`),
  KEY `inx_card` (`hid`,`card_bf`,`ut`)
) ENGINE=InnoDB DEFAULT CHARSET=utf8;

-- ----------------------------
-- Records of b_card_rec
-- ----------------------------
INSERT INTO `b_card_rec` VALUES ('00000001201803121613128552862688', '00000001', null, '0123456789', 'ADD', '2018-03-12 16:13:12', 'STU', '00000001201803121613122122672452', '考勤测试（切勿删）', null, 'SAU', '00012017123100000000000000000001', '模拟SA用户', null, null);
INSERT INTO `b_card_rec` VALUES ('00000001201803121617090346061399', '00000001', null, '0123456789', 'ADD', '2018-03-12 16:17:09', 'STU', '00000001201803121617090271306358', '考勤测试（切勿删）', null, 'SAU', '00012017123100000000000000000001', '模拟SA用户', null, null);
INSERT INTO `b_card_rec` VALUES ('00000001201803121617550676144905', '00000001', null, '0123456789', 'ADD', '2018-03-12 16:17:55', 'STU', '00000001201803121617550601757179', '考勤测试（切勿删）', null, 'SAU', '00012017123100000000000000000001', '模拟SA用户', null, null);
INSERT INTO `b_card_rec` VALUES ('00000001201803121618336031858913', '00000001', null, '0123456789', 'ADD', '2018-03-12 16:18:33', 'STU', '00000001201803121618335955574121', '考勤测试（切勿删）', null, 'SAU', '00012017123100000000000000000001', '模拟SA用户', null, null);
INSERT INTO `b_card_rec` VALUES ('00000001201803121619137138782966', '00000001', null, '0123456789', 'ADD', '2018-03-12 16:19:13', 'STU', '00000001201803121619137060949464', '考勤测试（切勿删）', null, 'SAU', '00012017123100000000000000000001', '模拟SA用户', null, null);
INSERT INTO `b_card_rec` VALUES ('00000001201803161154544287840552', '00000001', null, '1313131313', 'ADD', '2018-03-16 11:54:54', 'STU', '00000001201803161154543483169895', null, null, 'SAU', '00012018010309543384780649411303', '', null, null);
INSERT INTO `b_card_rec` VALUES ('00000001201803221340518654206650', '00000001', null, '0911529042', 'ADD', '2018-03-22 13:40:51', 'STU', '00000001201803221340518529533671', null, null, 'DEV', 'CPad0001', '模拟电子班牌', null, null);
INSERT INTO `b_card_rec` VALUES ('00000001201803221341374242267297', '00000001', null, '0911650914', 'ADD', '2018-03-22 13:41:37', 'STU', '00000001201803221341374175693441', null, null, 'DEV', 'CPad0001', '模拟电子班牌', null, null);
INSERT INTO `b_card_rec` VALUES ('00000001201803241057478325686639', '00000001', null, '1212121212', 'ADD', '2018-03-24 10:57:47', 'STU', '00000001201803241056350767256773', null, null, 'SAU', '00012018010309543384780649411303', '', null, null);
INSERT INTO `b_card_rec` VALUES ('00000001201803241100492794362491', '00000001', null, '1414141414', 'ADD', '2018-03-24 11:00:49', 'STU', '00000001201803241100492774605974', null, null, 'SAU', '00012018010309543384780649411303', '', null, null);
INSERT INTO `b_card_rec` VALUES ('00000023201803141440336697685516', '00000023', null, '0123456788', 'ADD', '2018-03-14 14:40:33', 'STU', '00000023201803141129517847787463', null, null, 'SAU', '00012018010309543384780649411303', '', null, null);
INSERT INTO `b_card_rec` VALUES ('00000023201803141449057853179128', '00000023', null, '0123456789', 'ADD', '2018-03-14 14:49:05', 'STU', '00000023201803141129517847787463', null, null, 'SAU', '00012018010309543384780649411303', '', null, null);
INSERT INTO `b_card_rec` VALUES ('00000023201803231446592623257200', '00000023', null, '1212232132', 'ADD', '2018-03-23 14:46:59', 'STU', '00000023201803231446592585247017', null, null, 'SAU', '00012018010309543384780649411303', '', null, null);
INSERT INTO `b_card_rec` VALUES ('00000028201803190843037118576125', '00000028', null, '1234567890', 'ADD', '2018-03-19 08:43:03', 'STU', '00000028201803171454166386085340', null, null, 'SAU', '00012017123100000000000000000001', '模拟SA用户', null, null);
INSERT INTO `b_card_rec` VALUES ('00000028201803190844377334798675', '00000028', null, '1234567891', 'ADD', '2018-03-19 08:44:37', 'FAM', '00000028201803190839316774896372', null, null, 'SAU', '00012017123100000000000000000001', '模拟SA用户', null, null);

-- ----------------------------
-- Table structure for `b_class`
-- ----------------------------
DROP TABLE IF EXISTS `b_class`;
CREATE TABLE `b_class` (
  `id` varchar(32) NOT NULL DEFAULT '' COMMENT '班级ID',
  `hid` varchar(8) DEFAULT NULL COMMENT '学校ID',
  `gid` varchar(32) DEFAULT NULL COMMENT '年级ID',
  `room_id` varchar(32) DEFAULT NULL COMMENT '教室ID',
  `graduated` tinyint(1) DEFAULT '0' COMMENT '是否已毕业',
  `year` varchar(4) DEFAULT NULL COMMENT '注册年份',
  `code` tinyint(4) DEFAULT NULL COMMENT '班级代码',
  `name` varchar(64) DEFAULT NULL COMMENT '班级名称',
  `alias` varchar(32) DEFAULT NULL COMMENT '班级别名',
  `snum` int(11) DEFAULT NULL COMMENT '学生数量',
  `ut` datetime DEFAULT NULL COMMENT '更新时间',
  `deleted` tinyint(1) DEFAULT '0' COMMENT '删除标识(0:未删除)',
  PRIMARY KEY (`id`),
  KEY `inx_sch` (`hid`)
) ENGINE=InnoDB DEFAULT CHARSET=utf8;

-- ----------------------------
-- Records of b_class
-- ----------------------------
INSERT INTO `b_class` VALUES ('00000001201803121547079170506088', '00000001', '00000001201803121143504510146393', '00000001201802051358257259014721', '0', null, '1', '小一（1）班', '1-1', '30', '2018-03-15 15:53:37', '0');
INSERT INTO `b_class` VALUES ('00000001201803121547163726221280', '00000001', '00000001201803121143504510146393', '00000001201802051358257259014726', '0', null, '2', '小一（2）班', null, null, '2018-03-24 11:05:12', '0');
INSERT INTO `b_class` VALUES ('00000001201803121547240560049970', '00000001', '00000001201803121144008720003056', '', '0', null, '1', '小二（1）班', '', null, '2018-03-13 10:47:53', '0');
INSERT INTO `b_class` VALUES ('00000001201803121547313803308326', '00000001', '00000001201803121144008720003056', '', '0', null, '2', '小二（2）班', '', null, '2018-03-12 15:47:31', '0');
INSERT INTO `b_class` VALUES ('00000001201803121547404328776155', '00000001', '00000001201803121143504510146393', '', '0', null, '3', '小一（3）班', '', null, '2018-03-12 15:47:40', '0');
INSERT INTO `b_class` VALUES ('00000001201803131034460667269874', '00000001', '00000001201803121143504510146393', '', '0', null, '4', '小一（4）班', '', null, '2018-03-13 10:57:09', '1');
INSERT INTO `b_class` VALUES ('00000001201803201422252956548236', '00000001', '00000001201803121144094337710726', '', '0', null, '111', '小三（111）班', null, null, '2018-03-20 14:22:25', '0');
INSERT INTO `b_class` VALUES ('00000001201803201423407664283897', '00000001', '00000001201803121144094337710726', '', '0', null, '2', '小三（2）班', null, null, '2018-03-20 14:23:40', '0');
INSERT INTO `b_class` VALUES ('00000001201803260946342977889935', '00000001', '00000001201803121143504510146393', '', '0', null, '4', '小一（4）班', null, null, '2018-03-26 09:49:01', '0');
INSERT INTO `b_class` VALUES ('00000001201803260949229097909524', '00000001', '00000001201803121143504510146393', '', '0', null, '5', '小一（5）班', null, null, '2018-03-26 09:49:22', '0');
INSERT INTO `b_class` VALUES ('00000001201803260949404368267483', '00000001', '00000001201803121143504510146393', '', '0', null, '6', '小一（6）班', null, null, '2018-03-26 09:49:40', '0');
INSERT INTO `b_class` VALUES ('00000001201803260950138837831961', '00000001', '00000001201803121144008720003056', '', '0', null, '6', '小二（6）班', null, null, '2018-03-26 09:50:13', '0');
INSERT INTO `b_class` VALUES ('00000023201803121640049113038763', '00000023', '00000023201803121156250022325255', '', '0', null, '1', '小三（1）班', '1', null, '2018-03-23 16:41:18', '0');
INSERT INTO `b_class` VALUES ('00000023201803131115330303332841', '00000023', '00000023201803121156250022325255', 'null', '0', null, '2', '小三（2）班', '', null, '2018-03-23 16:41:18', '0');
INSERT INTO `b_class` VALUES ('00000023201803131115330465285135', '00000023', '00000023201803121156250022325255', 'null', '0', null, '3', '小三（3）班', '', null, '2018-03-23 16:41:18', '0');
INSERT INTO `b_class` VALUES ('00000023201803131116070594813594', '00000023', '00000023201803121348047167994665', 'null', '0', null, '1', '小四（1）班', null, null, '2018-03-23 16:41:19', '0');
INSERT INTO `b_class` VALUES ('00000023201803131116070729827967', '00000023', '00000023201803121348047167994665', 'null', '0', null, '2', '小四（2）班', null, null, '2018-03-23 16:41:19', '0');
INSERT INTO `b_class` VALUES ('00000023201803131532363349878468', '00000023', '00000023201803121156250022325255', '', '0', null, '4', '小三（4）班', null, null, '2018-03-23 16:41:18', '0');
INSERT INTO `b_class` VALUES ('00000023201803231443577225808983', '00000023', '00000023201803121350039932404508', null, '0', null, '1', '初三（1）班', null, null, '2018-03-23 16:41:19', '0');
INSERT INTO `b_class` VALUES ('00000023201803231443577251000442', '00000023', '00000023201803121350039932404508', null, '0', null, '2', '初三（2）班', null, null, '2018-03-23 16:41:19', '0');
INSERT INTO `b_class` VALUES ('00000023201803231443577254745868', '00000023', '00000023201803121350039932404508', null, '0', null, '3', '初三（3）班', null, null, '2018-03-23 16:41:19', '0');
INSERT INTO `b_class` VALUES ('00000023201803231443577256007982', '00000023', '00000023201803121350039932404508', null, '0', null, '4', '初三（4）班', null, null, '2018-03-23 16:41:19', '0');
INSERT INTO `b_class` VALUES ('00000023201803231443577261224479', '00000023', '00000023201803121350039932404508', null, '0', null, '5', '初三（5）班', null, null, '2018-03-23 16:41:19', '0');
INSERT INTO `b_class` VALUES ('00000028201803171452183730885547', '00000028', '00000028201803171449463213645259', null, '0', null, '1', '幼儿考勤测试班级', '幼儿考勤测试', null, '2018-03-17 14:52:18', '0');

-- ----------------------------
-- Table structure for `b_class_teacher`
-- ----------------------------
DROP TABLE IF EXISTS `b_class_teacher`;
CREATE TABLE `b_class_teacher` (
  `id` varchar(32) NOT NULL DEFAULT '',
  `cid` varchar(32) DEFAULT NULL COMMENT '班级ID',
  `tid` varchar(32) DEFAULT NULL COMMENT '教师ID',
  `type` varchar(1) DEFAULT 'N' COMMENT '类型(H:班主任,N:任课教师)',
  PRIMARY KEY (`id`),
  KEY `inx_uq` (`cid`,`tid`)
) ENGINE=InnoDB DEFAULT CHARSET=utf8;

-- ----------------------------
-- Records of b_class_teacher
-- ----------------------------
INSERT INTO `b_class_teacher` VALUES ('00000001201802271701117730783814', '00000001201801041812359701991115', '00000001201801051725327358076250', 'H');
INSERT INTO `b_class_teacher` VALUES ('00000001201802271701117843380925', '00000001201801041812359701991115', '00000001201801051723560728074112', 'N');
INSERT INTO `b_class_teacher` VALUES ('00000001201802271701244957545538', '00000001201801051100482265429686', '00000001201801051723560728074112', 'H');
INSERT INTO `b_class_teacher` VALUES ('00000001201802271701245076268580', '00000001201801051100482265429686', '00000001201801051723560728074112', 'N');
INSERT INTO `b_class_teacher` VALUES ('00000001201802271701245129788502', '00000001201801051100482265429686', '00000001201801051725327358076250', 'N');
INSERT INTO `b_class_teacher` VALUES ('00000001201802271703243775838158', '00000001201802271703243563121054', '00000001201801051715494924647560', 'H');
INSERT INTO `b_class_teacher` VALUES ('00000001201803021505419672975456', '00000001201803021505419625890752', '00000001201801051725327358076250', 'H');
INSERT INTO `b_class_teacher` VALUES ('00000001201803021505419727184948', '00000001201803021505419625890752', '00000001201801051723560728074112', 'N');
INSERT INTO `b_class_teacher` VALUES ('00000001201803091730538935253798', '00000001201803091730538803143129', '00000001201801051715494924647560', 'H');
INSERT INTO `b_class_teacher` VALUES ('00000001201803091730539033235132', '00000001201803091730538803143129', '', 'N');
INSERT INTO `b_class_teacher` VALUES ('00000001201803091827031358840501', '00000001201803091827031237956116', '00000001201801051715494924647560', 'H');
INSERT INTO `b_class_teacher` VALUES ('00000001201803091827031453449023', '00000001201803091827031237956116', '', 'N');
INSERT INTO `b_class_teacher` VALUES ('00000001201803091827209288820532', '00000001201803091827209102815810', '00000001201801051715494924647560', 'H');
INSERT INTO `b_class_teacher` VALUES ('00000001201803091827209371770369', '00000001201803091827209102815810', '', 'N');
INSERT INTO `b_class_teacher` VALUES ('00000001201803121547313926705659', '00000001201803121547313803308326', '00000001201801051715494924647560', 'H');
INSERT INTO `b_class_teacher` VALUES ('00000001201803121547314037679033', '00000001201803121547313803308326', '', 'N');
INSERT INTO `b_class_teacher` VALUES ('00000001201803121547404429937217', '00000001201803121547404328776155', '00000001201801051715494924647560', 'H');
INSERT INTO `b_class_teacher` VALUES ('00000001201803121547404510766405', '00000001201803121547404328776155', '', 'N');
INSERT INTO `b_class_teacher` VALUES ('00000001201803131046185322788429', '00000001201803131034460667269874', '00000001201801051715494924647560', 'H');
INSERT INTO `b_class_teacher` VALUES ('00000001201803131046185434497917', '00000001201803131034460667269874', '', 'N');
INSERT INTO `b_class_teacher` VALUES ('00000001201803131047535093820044', '00000001201803121547240560049970', '00000001201801051715494924647560', 'H');
INSERT INTO `b_class_teacher` VALUES ('00000001201803131047535189337073', '00000001201803121547240560049970', '', 'N');
INSERT INTO `b_class_teacher` VALUES ('00000001201803171550536945316262', '00000001201803121547079170506088', '00000001201803151626311955776660', null);
INSERT INTO `b_class_teacher` VALUES ('00000001201803171550537311628363', '00000001201803121547163726221280', '00000001201803151626311955776660', null);
INSERT INTO `b_class_teacher` VALUES ('00000001201803201422253174234389', '00000001201803201422252956548236', '00000001201801051723560728074112', 'H');
INSERT INTO `b_class_teacher` VALUES ('00000001201803201422253318266886', '00000001201803201422252956548236', '', 'N');
INSERT INTO `b_class_teacher` VALUES ('00000001201803201423407785068269', '00000001201803201423407664283897', '00000001201803170930356028125829', 'H');
INSERT INTO `b_class_teacher` VALUES ('00000001201803201423407902042627', '00000001201803201423407664283897', '', 'N');
INSERT INTO `b_class_teacher` VALUES ('00000001201803211042002571805637', '00000001201803121547240560049970', '00000001201803211042002092504667', 'N');
INSERT INTO `b_class_teacher` VALUES ('00000001201803211042002653010704', '00000001201803121547313803308326', '00000001201803211042002092504667', 'N');
INSERT INTO `b_class_teacher` VALUES ('00000001201803211059321441667431', '00000001201803121547079170506088', '00000001201803211059321121211520', 'N');
INSERT INTO `b_class_teacher` VALUES ('00000001201803211059321607203743', '00000001201803121547404328776155', '00000001201803211059321121211520', 'N');
INSERT INTO `b_class_teacher` VALUES ('00000001201803211148388105543247', '00000001201803121547079170506088', '00000001201803211102215562550059', 'N');
INSERT INTO `b_class_teacher` VALUES ('00000001201803211148388163179136', '00000001201803121547240560049970', '00000001201803211102215562550059', 'N');
INSERT INTO `b_class_teacher` VALUES ('00000001201803211148388217879339', '00000001201803201422252956548236', '00000001201803211102215562550059', 'N');
INSERT INTO `b_class_teacher` VALUES ('00000001201803211234023502668926', '00000001201803121547404328776155', '00000001201803151626311955776660', 'N');
INSERT INTO `b_class_teacher` VALUES ('00000001201803211234023574909675', '00000001201803201422252956548236', '00000001201803151626311955776660', 'N');
INSERT INTO `b_class_teacher` VALUES ('00000001201803211234023640404583', '00000001201803201423407664283897', '00000001201803151626311955776660', 'N');
INSERT INTO `b_class_teacher` VALUES ('00000001201803211234023716333669', '00000001201803121547079170506088', '00000001201803151626311955776660', 'N');
INSERT INTO `b_class_teacher` VALUES ('00000001201803231011293008056827', '00000001201803121547079170506088', '00000001201801051715494924647210', 'N');
INSERT INTO `b_class_teacher` VALUES ('00000001201803231016387394100693', '00000001201803121547079170506088', '00000001201801051715494924647560', 'N');
INSERT INTO `b_class_teacher` VALUES ('00000001201803231016387463838342', '00000028201803171452183730885547', '00000001201801051715494924647560', 'N');
INSERT INTO `b_class_teacher` VALUES ('00000001201803241105128060542239', '00000001201803121547163726221280', '00000001201801051715494924647560', 'H');
INSERT INTO `b_class_teacher` VALUES ('00000001201803241105128087277290', '00000001201803121547163726221280', '00000001201803211059321121211520', 'N');
INSERT INTO `b_class_teacher` VALUES ('00000001201803260949015397287506', '00000001201803260946342977889935', '00000001201803241132358525317216', 'H');
INSERT INTO `b_class_teacher` VALUES ('00000001201803260949015415729484', '00000001201803260946342977889935', '', 'N');
INSERT INTO `b_class_teacher` VALUES ('00000001201803260949229113083267', '00000001201803260949229097909524', '00000001201803241132358525317216', 'H');
INSERT INTO `b_class_teacher` VALUES ('00000001201803260949229125036446', '00000001201803260949229097909524', '', 'N');
INSERT INTO `b_class_teacher` VALUES ('00000001201803260949404386541690', '00000001201803260949404368267483', '00000001201803241132358525317216', 'H');
INSERT INTO `b_class_teacher` VALUES ('00000001201803260949404392304532', '00000001201803260949404368267483', '', 'N');
INSERT INTO `b_class_teacher` VALUES ('00000001201803260950138852429004', '00000001201803260950138837831961', '00000001201803241132358525317216', 'H');
INSERT INTO `b_class_teacher` VALUES ('00000001201803260950138869535267', '00000001201803260950138837831961', '', 'N');
INSERT INTO `b_class_teacher` VALUES ('00000023201803121350330368348275', '00000023201803121349156829995873', '00000023201801051715494924647210', 'H');
INSERT INTO `b_class_teacher` VALUES ('00000023201803121350330456148393', '00000023201803121349156829995873', '', 'N');
INSERT INTO `b_class_teacher` VALUES ('00000023201803131146313185017411', '00000023201803121640049113038763', '00000023201801051715494924647210', 'H');
INSERT INTO `b_class_teacher` VALUES ('00000023201803131146313294967133', '00000023201803121640049113038763', '', 'N');
INSERT INTO `b_class_teacher` VALUES ('00000023201803131146581227949264', '00000023201803131115330303332841', '00000023201801051715494924647210', 'H');
INSERT INTO `b_class_teacher` VALUES ('00000023201803131146581348232550', '00000023201803131115330303332841', '', 'N');
INSERT INTO `b_class_teacher` VALUES ('00000023201803131147199185282148', '00000023201803131115330465285135', '00000023201801051715494924647210', 'H');
INSERT INTO `b_class_teacher` VALUES ('00000023201803131147199272263473', '00000023201803131115330465285135', '', 'N');
INSERT INTO `b_class_teacher` VALUES ('00000023201803131532363555330198', '00000023201803131532363349878468', '00000023201801051715494924647210', 'H');
INSERT INTO `b_class_teacher` VALUES ('00000023201803131532363694094932', '00000023201803131532363349878468', '', 'N');
INSERT INTO `b_class_teacher` VALUES ('00000023201803131555435415502477', '00000023201803131116070594813594', '00000023201801051715494924647210', 'H');
INSERT INTO `b_class_teacher` VALUES ('00000023201803131555435634080408', '00000023201803131116070594813594', '', 'N');
INSERT INTO `b_class_teacher` VALUES ('00000023201803131555550092287198', '00000023201803131116070729827967', '00000023201801051715494924647210', 'H');
INSERT INTO `b_class_teacher` VALUES ('00000023201803131555550210642174', '00000023201803131116070729827967', '', 'N');
INSERT INTO `b_class_teacher` VALUES ('00000028201803171452184779742879', '00000028201803171452183730885547', '00000001201801051715494924647560', 'H');
INSERT INTO `b_class_teacher` VALUES ('00000028201803171452184833761826', '00000001201803121547079170506088', '00000001201803131358536331387000', 'N');

-- ----------------------------
-- Table structure for `b_family`
-- ----------------------------
DROP TABLE IF EXISTS `b_family`;
CREATE TABLE `b_family` (
  `id` varchar(32) NOT NULL DEFAULT '',
  `hid` varchar(8) DEFAULT NULL COMMENT '学校ID',
  `sid` varchar(32) DEFAULT NULL COMMENT '学生ID',
  `photo` varchar(200) DEFAULT NULL COMMENT '照片相对路径',
  `phone` varchar(32) DEFAULT NULL COMMENT '手机号码',
  `name` varchar(64) DEFAULT NULL COMMENT '姓名',
  `rlsh` varchar(16) DEFAULT NULL COMMENT '关系',
  `card` varchar(32) DEFAULT NULL COMMENT '卡号',
  `ut` datetime DEFAULT NULL,
  `deleted` tinyint(4) DEFAULT '0' COMMENT '删除标识(0:未删除)',
  PRIMARY KEY (`id`),
  KEY `inx_sch` (`hid`),
  KEY `inx_stu` (`sid`)
) ENGINE=InnoDB DEFAULT CHARSET=utf8;

-- ----------------------------
-- Records of b_family
-- ----------------------------
INSERT INTO `b_family` VALUES ('00000001201801051741089955473908', '00000001', '00000001201801051633197022650593', null, '13824749044', '刘大钊他爹', '3', '1234567890', '2018-03-07 16:57:22', '0');
INSERT INTO `b_family` VALUES ('00000001201801231806254271305051', '00000001', '00000001201801231806245810105970', null, '13800138000', '马爸爸', '1', '1234567890', '2018-01-23 18:06:25', '0');
INSERT INTO `b_family` VALUES ('00000001201801231806254271703988', '00000001', '00000001201801231806245810105970', null, '13800138000', '马爷爷', '5', '1234567890', '2018-01-23 18:06:25', '0');
INSERT INTO `b_family` VALUES ('00000001201801231806254276579783', '00000001', '00000001201801231806245810105970', null, '13800138000', '马妈妈', '1', '1234567890', '2018-01-23 18:06:25', '0');
INSERT INTO `b_family` VALUES ('00000001201801231806255114302111', '00000001', '00000001201801231806254868401067', null, '13800138000', '张爷爷', '5', '1234567890', '2018-01-23 18:06:25', '0');
INSERT INTO `b_family` VALUES ('00000001201801231806255115549177', '00000001', '00000001201801231806254868401067', null, '13800138000', '张爸爸', '1', '1234567890', '2018-01-23 18:06:25', '0');
INSERT INTO `b_family` VALUES ('00000001201801231806255116338341', '00000001', '00000001201801231806254868401067', null, '13800138000', '张妈妈', '1', '1234567890', '2018-01-23 18:06:25', '0');
INSERT INTO `b_family` VALUES ('00000001201801231806255697123283', '00000001', '00000001201801231806255270427329', null, '13800138000', '李爷爷', '5', '1234567890', '2018-01-23 18:06:25', '0');
INSERT INTO `b_family` VALUES ('00000001201801231806255698745457', '00000001', '00000001201801231806255270427329', null, '13800138000', '李爸爸', '1', '1234567890', '2018-01-23 18:06:25', '0');
INSERT INTO `b_family` VALUES ('00000001201801231806255699814995', '00000001', '00000001201801231806255270427329', null, '13800138000', '李妈妈', '1', '1234567890', '2018-01-23 18:06:25', '0');
INSERT INTO `b_family` VALUES ('00000001201801231806256111230973', '00000001', '00000001201801231806255867082091', null, '13800138000', '王爷爷', '5', '1234567890', '2018-01-23 18:06:25', '0');
INSERT INTO `b_family` VALUES ('00000001201801231806256114931007', '00000001', '00000001201801231806255867082091', null, '13800138000', '王妈妈', '1', '1234567890', '2018-01-23 18:06:25', '0');
INSERT INTO `b_family` VALUES ('00000001201801231806256691590912', '00000001', '00000001201801231806256273789296', null, '13800138000', '赵爷爷', '5', '1234567890', '2018-01-23 18:06:25', '0');
INSERT INTO `b_family` VALUES ('00000001201801231806256692099114', '00000001', '00000001201801231806256273789296', null, '13800138000', '赵爸爸', '1', '1234567890', '2018-01-23 18:06:25', '0');
INSERT INTO `b_family` VALUES ('00000001201803071906140095924420', '00000001', '00000001201801231806255563080165', null, '13824749044', '111', '6', null, '2018-03-09 16:00:43', '0');
INSERT INTO `b_family` VALUES ('00000001201803091528164042057880', '00000001', '00000001201803091527415332616287', null, '13211231123', '11', null, null, '2018-03-09 15:59:58', '0');
INSERT INTO `b_family` VALUES ('00000001201803091600436844685115', '00000001', '00000001201801231806255563080165', null, '13532443221', '222', '5', null, '2018-03-09 16:00:43', '0');
INSERT INTO `b_family` VALUES ('00000001201803091737537961983860', '00000001', '00000001201803091737537161072950', null, '13232321234', '12321', null, null, '2018-03-09 17:37:53', '0');
INSERT INTO `b_family` VALUES ('00000001201803121619260438656942', '00000001', '00000001201803121619137060949464', null, '18933341692', '考勤测试家长', null, null, '2018-03-12 16:19:27', '0');
INSERT INTO `b_family` VALUES ('00000001201803151647484741236710', '00000001', '00000001201803131657469530181965', '00000001/fam/20180315165438170822.jpg', '13824740939', '22', '6', null, '2018-03-15 17:46:40', '0');
INSERT INTO `b_family` VALUES ('00000001201803151744316218140699', '00000001', '00000001201803131657469530181965', '00000001/fam/20180315174431613208.jpg', '13433321233', '33', '5', null, '2018-03-15 17:44:31', '0');
INSERT INTO `b_family` VALUES ('00000001201803161155599025675900', '00000001', '00000001201803161154543483169895', '00000001/fam/20180316115559891880.jpg', '13827761002', '哈哈哒', null, null, '2018-03-16 13:50:54', '1');
INSERT INTO `b_family` VALUES ('00000001201803161155599912775423', '00000001', '00000001201803161154543483169895', null, '13898277122', '啊啊啊', null, null, '2018-03-16 13:51:37', '1');
INSERT INTO `b_family` VALUES ('00000001201803161351423001736863', '00000001', '00000001201803161154543483169895', '00000001/fam/20180316135230148513.jpg', '13323234432', '是是是1', '6', null, '2018-03-21 13:57:42', '1');
INSERT INTO `b_family` VALUES ('00000001201803161351423674799464', '00000001', '00000001201803161154543483169895', null, '13442334422', '额外若无', null, null, '2018-03-16 13:52:25', '1');
INSERT INTO `b_family` VALUES ('00000001201803161352302939524756', '00000001', '00000001201803161154543483169895', null, '13423232224', '11111', null, null, '2018-03-21 13:57:37', '1');
INSERT INTO `b_family` VALUES ('00000001201803161354025576237229', '00000001', '00000001201803161154543483169895', '00000001/fam/20180316135402551436.jpg', '13212312311', '2222', null, null, '2018-03-16 13:54:02', '0');
INSERT INTO `b_family` VALUES ('00000001201803191433005298727622', '00000001', '00000001201803191432423983435077', null, '13231211111', '1', null, null, '2018-03-22 11:20:21', '0');
INSERT INTO `b_family` VALUES ('00000001201803241100492908142181', '00000001', '00000001201803241100492774605974', null, '13112312323', '121', '1', null, '2018-03-24 11:00:49', '0');
INSERT INTO `b_family` VALUES ('00000023201803141124008951697525', '00000023', '00000023201803141124008943503085', null, '13824849044', '刘老钊', '1', null, '2018-03-14 11:24:00', '0');
INSERT INTO `b_family` VALUES ('00000023201803141516112240744277', '00000023', '00000023201803141129517847787463', null, '13824749088', 'AAA1', '2', null, '2018-03-14 15:51:11', '1');
INSERT INTO `b_family` VALUES ('00000023201803141517326351826495', '00000023', '00000023201803141129517847787463', null, '13423332344', 'SSS', '1', null, '2018-03-14 15:51:54', '1');
INSERT INTO `b_family` VALUES ('00000023201803141608516149194543', '00000023', '00000023201803141129517847787463', '00000023/fam/20180314165547074210.jpg', '13222123211', '111', '1', null, '2018-03-16 15:18:10', '1');
INSERT INTO `b_family` VALUES ('00000023201803161518155550411388', '00000023', '00000023201803141129517847787463', '00000023/fam/20180316151815547990.jpg', '13422312312', '小乌龟', '7', null, '2018-03-16 15:27:20', '1');
INSERT INTO `b_family` VALUES ('00000023201803161649481141425388', '00000023', '00000023201803141129517847787463', '00000023/fam/20180323171453889490.jpg', '13827238881', '1', null, null, '2018-03-23 17:14:53', '0');
INSERT INTO `b_family` VALUES ('00000023201803161717521828946643', '00000023', '00000023201803161717521625083247', '00000023/fam/20180323171535511762.jpg', '13423324232', '111', null, null, '2018-03-23 17:15:35', '0');
INSERT INTO `b_family` VALUES ('00000023201803171125516640798454', '00000023', '00000023201803171125516338444078', null, null, '去去去', null, null, '2018-03-17 11:25:51', '0');
INSERT INTO `b_family` VALUES ('00000023201803231446592862069817', '00000023', '00000023201803231446592585247017', null, null, '小明的爸爸', '1', null, '2018-03-23 14:46:59', '0');
INSERT INTO `b_family` VALUES ('00000028201803190839316774896372', '00000028', '00000028201803171454166386085340', null, '18933341692', '考勤测试家长', null, '1234567891', '2018-03-22 15:28:34', '0');

-- ----------------------------
-- Table structure for `b_grade`
-- ----------------------------
DROP TABLE IF EXISTS `b_grade`;
CREATE TABLE `b_grade` (
  `id` varchar(32) NOT NULL DEFAULT '' COMMENT '年级ID',
  `hid` varchar(8) DEFAULT NULL COMMENT '学校ID',
  `graduated` tinyint(1) DEFAULT '0' COMMENT '是否已毕业',
  `name` varchar(32) DEFAULT NULL COMMENT '年级名称',
  `k12` tinyint(4) DEFAULT NULL COMMENT '年级级别(k12:1~12,幼儿园:101~110)',
  `ut` datetime DEFAULT NULL COMMENT '更新时间',
  `deleted` tinyint(1) DEFAULT '0' COMMENT '删除标识(0:未删除)',
  PRIMARY KEY (`id`),
  KEY `inx_sch` (`hid`,`graduated`)
) ENGINE=InnoDB DEFAULT CHARSET=utf8;

-- ----------------------------
-- Records of b_grade
-- ----------------------------
INSERT INTO `b_grade` VALUES ('00000001201803121143504510146393', '00000001', '0', '小一', '1', '2018-03-12 11:43:50', '0');
INSERT INTO `b_grade` VALUES ('00000001201803121144008720003056', '00000001', '0', '小二', '2', '2018-03-12 11:44:00', '0');
INSERT INTO `b_grade` VALUES ('00000001201803121144094337710726', '00000001', '0', '小三', '3', '2018-03-12 11:44:09', '0');
INSERT INTO `b_grade` VALUES ('00000001201803121144180817536383', '00000001', '0', '小四', '4', '2018-03-12 11:44:18', '0');
INSERT INTO `b_grade` VALUES ('00000001201803121144260258660552', '00000001', '0', '小五', '5', '2018-03-12 11:44:26', '0');
INSERT INTO `b_grade` VALUES ('00000001201803121144354370965512', '00000001', '0', '小六', '6', '2018-03-13 10:35:08', '1');
INSERT INTO `b_grade` VALUES ('00000001201803171449251903568337', '00000001', '0', '初一', '7', '2018-03-17 14:49:25', '0');
INSERT INTO `b_grade` VALUES ('00000023201803121156250022325255', '00000023', '0', '小三', '3', '2018-03-23 16:41:18', '0');
INSERT INTO `b_grade` VALUES ('00000023201803121348047167994665', '00000023', '0', '小四', '4', '2018-03-23 16:41:19', '0');
INSERT INTO `b_grade` VALUES ('00000023201803121348124426620978', '00000023', '0', '小五', '5', '2018-03-23 16:41:19', '0');
INSERT INTO `b_grade` VALUES ('00000023201803121348205861390762', '00000023', '0', '小六', '6', '2018-03-23 16:41:19', '0');
INSERT INTO `b_grade` VALUES ('00000023201803121348299103045751', '00000023', '1', '小六（毕业）', '6', '2018-03-23 16:41:19', '0');
INSERT INTO `b_grade` VALUES ('00000023201803121348404186120892', '00000023', '1', '小六（毕业）', '6', '2018-03-14 15:15:15', '1');
INSERT INTO `b_grade` VALUES ('00000023201803121350039932404508', '00000023', '0', '初三', '9', '2018-03-23 16:41:19', '0');
INSERT INTO `b_grade` VALUES ('00000023201803231606022043450774', '00000023', '0', 'qq', null, '2018-03-23 16:20:00', '0');
INSERT INTO `b_grade` VALUES ('00000023201803231616015975022539', '00000023', '0', '初二', '8', '2018-03-23 16:41:19', '0');
INSERT INTO `b_grade` VALUES ('00000023201803231637217446526128', '00000023', '1', '初三（毕业）', '9', '2018-03-23 16:41:19', '0');
INSERT INTO `b_grade` VALUES ('00000028201803171449463213645259', '00000028', '0', '考勤测试年级', '101', '2018-03-17 14:49:46', '0');

-- ----------------------------
-- Table structure for `b_school`
-- ----------------------------
DROP TABLE IF EXISTS `b_school`;
CREATE TABLE `b_school` (
  `id` varchar(8) NOT NULL DEFAULT '' COMMENT '学校id',
  `name` varchar(128) DEFAULT NULL COMMENT '学校名称',
  `alias` varchar(32) DEFAULT NULL COMMENT '学校别名',
  `lang` varchar(8) DEFAULT 'cn' COMMENT '学校默认语言(cn,hk,en)',
  `level` varchar(16) DEFAULT NULL COMMENT '学校等级(STATE:国家重点 PROVINCIAL:省重点 CITY:市重点 COUNTY:县重点 OTHER:其他)',
  `youer` tinyint(1) DEFAULT '0' COMMENT '是否幼儿园',
  `model` varchar(16) DEFAULT NULL COMMENT '办学模式(PUBLIC:公办 PRIVATE:民办)',
  `contact_name` varchar(32) DEFAULT NULL COMMENT '联系人姓名',
  `contact_phone` varchar(32) DEFAULT NULL COMMENT '联系人电话',
  `rector_name` varchar(32) DEFAULT NULL COMMENT '校长姓名',
  `rector_phone` varchar(32) DEFAULT NULL COMMENT '校长电话',
  `prv_id` varchar(32) DEFAULT NULL COMMENT '省份ID',
  `cty_id` varchar(32) DEFAULT NULL COMMENT '地市ID',
  `twn_id` varchar(32) DEFAULT NULL COMMENT '镇区ID',
  `address` varchar(200) DEFAULT NULL COMMENT '详细地址',
  `sa_id` varchar(4) DEFAULT NULL COMMENT '所属代理商',
  `sa_user` varchar(32) DEFAULT NULL COMMENT 'SA客户经理(SA用户)ID',
  `consumed` tinyint(4) DEFAULT '0' COMMENT '是否接入消费系统(0:未接入)',
  `ut` datetime DEFAULT NULL COMMENT '更新时间',
  PRIMARY KEY (`id`),
  KEY `inx_sa` (`sa_id`)
) ENGINE=InnoDB DEFAULT CHARSET=utf8;

-- ----------------------------
-- Records of b_school
-- ----------------------------
INSERT INTO `b_school` VALUES ('00000001', '英特小学', null, 'cn', 'STATE', '1', 'PUB', null, null, null, null, '01', '0102', '010201', null, '0002', null, '0', '2018-03-13 10:23:09');
INSERT INTO `b_school` VALUES ('00000002', '测试学校', '测试学校别名', 'cn', 'STATE', '1', 'PUB', '', 'null', 'null', 'null', '01', '0102', '010201', 'null', '0002', null, '1', '2018-02-12 16:07:46');
INSERT INTO `b_school` VALUES ('00000003', '测试学校2', '测试学校02 alias', 'cn', 'STATE', '1', 'PUB', '', 'null', 'null', 'null', '01', '0102', '010201', 'null', '0001', null, '1', '2018-02-12 16:05:40');
INSERT INTO `b_school` VALUES ('00000004', '测试学校04', '测试学校04 alias', 'cn', 'STATE', '1', 'PUB', null, null, null, null, '01', '0102', '010201', null, '0001', null, '0', '2018-01-17 17:06:05');
INSERT INTO `b_school` VALUES ('00000005', '测试新增学校', '', 'cn', 'PROVINCIAL', '1', 'PRV', '', '', '', '', '01', '0102', '010206', '', '0001', null, '1', '2018-02-08 11:10:08');
INSERT INTO `b_school` VALUES ('00000011', '啦啦啦1123232', '111', 'cn', 'PROVINCIAL', '1', 'PUB', '', '789', '123', '45', '01', '0102', '010206', '大三反五反', '0001', '00012018010309543384780649411303', '1', '2018-02-12 16:05:14');
INSERT INTO `b_school` VALUES ('00000012', '测试学校23', '1', 'cn', 'OTHER', '1', 'PUB', '', '5', '3', '4', '01', '0102', '010206', '2', '0001', null, '0', '2018-02-12 11:34:29');
INSERT INTO `b_school` VALUES ('00000016', '213444444', null, 'cn', 'STATE', '1', 'PUB', null, null, null, null, '01', '0102', '010201', null, '0001', null, '0', '2018-03-13 10:18:22');
INSERT INTO `b_school` VALUES ('00000017', '哈哈', '', 'cn', 'PROVINCIAL', '1', 'PUB', '', '', '', '', '01', '0102', '010201', '', '0001', null, '0', '2018-02-24 09:29:48');
INSERT INTO `b_school` VALUES ('00000018', 'hehehe', 'lalala', 'cn', 'STATE', '1', 'PRV', '', 'dd', 'dd', 'dd', '01', '0102', '010202', 'adfass', '0001', '00022018010414381484742828750888', '1', '2018-02-24 15:07:20');
INSERT INTO `b_school` VALUES ('00000019', 'hehehe', '11', 'cn', 'PROVINCIAL', '1', 'PRV', '', '', '', '', '01', '0102', '010201', '11', '0001', null, '0', '2018-02-24 15:08:08');
INSERT INTO `b_school` VALUES ('00000020', 'ssfdsfdss', '', 'cn', 'STATE', '1', 'PUB', '', '', '', '', '01', '0102', '010201', '', '0001', null, '1', '2018-02-24 15:10:24');
INSERT INTO `b_school` VALUES ('00000021', 'lsjkfdslf', '', 'cn', 'STATE', '1', 'PUB', '', '', '', '', '01', '0102', '010201', '', '0001', null, '1', '2018-02-24 16:28:12');
INSERT INTO `b_school` VALUES ('00000022', '111', '', 'cn', 'STATE', '1', 'PRV', '', '', '', '', '01', '0102', '010205', '', '0001', '00032018010410324158581940731541', '1', '2018-03-09 16:30:00');
INSERT INTO `b_school` VALUES ('00000023', '英特韦特小2', '小2', 'cn', 'STATE', '1', 'PRV', null, null, null, null, '01', '0102', '010201', null, '0001', '00012018010309543384780649411303', '1', '2018-03-14 15:14:48');
INSERT INTO `b_school` VALUES ('00000024', '英特韦特小学2', null, 'cn', 'STATE', '1', 'PUB', null, null, null, null, '01', '0102', '010206', null, '0001', null, '0', '2018-03-13 10:01:21');
INSERT INTO `b_school` VALUES ('00000025', '其他地区小学', '测试', 'cn', 'STATE', '1', 'PUB', null, null, null, null, '02', '0201', '020101', '太阳城', '0001', null, '1', '2018-03-12 11:11:11');
INSERT INTO `b_school` VALUES ('00000026', '广州天河英特学校', '广天英', 'cn', 'STATE', '1', 'PRV', '', '110222', '王大大', '110', '01', '0101', '010101', '广州天河', '0001', '00022018010414381484742828750888', '0', '2018-03-13 11:13:24');
INSERT INTO `b_school` VALUES ('00000027', 'dddd', null, 'cn', 'STATE', '1', 'PRV', null, null, null, null, '01', '0102', '010201', null, '0001', null, '0', '2018-03-17 11:11:46');
INSERT INTO `b_school` VALUES ('00000028', '考勤测试幼儿园', '考勤测试', 'cn', 'PROVINCIAL', '1', 'PUB', null, null, null, null, '01', '0101', '010101', null, '0001', null, '0', '2018-03-17 14:18:29');
INSERT INTO `b_school` VALUES ('00000029', '11111111', null, 'cn', 'STATE', '0', 'PUB', null, null, null, null, '01', '0102', '010202', null, '0001', null, '0', '2018-03-19 14:59:58');
INSERT INTO `b_school` VALUES ('00000030', 'integrated2', null, 'cn', 'STATE', '0', 'PUB', null, null, null, null, '01', '0102', '010201', null, '0001', '00012018010309543384780649411303', '0', '2018-03-23 14:38:02');

-- ----------------------------
-- Table structure for `b_school_func`
-- ----------------------------
DROP TABLE IF EXISTS `b_school_func`;
CREATE TABLE `b_school_func` (
  `hid` varchar(8) NOT NULL DEFAULT '' COMMENT '学校ID',
  `func_id` varchar(64) NOT NULL DEFAULT '' COMMENT '资源ID',
  PRIMARY KEY (`hid`,`func_id`)
) ENGINE=InnoDB DEFAULT CHARSET=utf8 COMMENT='SA-资源对应表';

-- ----------------------------
-- Records of b_school_func
-- ----------------------------
INSERT INTO `b_school_func` VALUES ('00000002', 'P_DATA');
INSERT INTO `b_school_func` VALUES ('00000002', 'P_DATA_ENP');

-- ----------------------------
-- Table structure for `b_student`
-- ----------------------------
DROP TABLE IF EXISTS `b_student`;
CREATE TABLE `b_student` (
  `id` varchar(32) NOT NULL DEFAULT '' COMMENT '学生ID',
  `hid` varchar(8) DEFAULT NULL COMMENT '学校ID',
  `cid` varchar(32) DEFAULT NULL COMMENT '班级ID',
  `type` varchar(10) DEFAULT NULL COMMENT '学生类型(WALK:走读 DORM:住读 NOON:午休)',
  `code` varchar(32) DEFAULT NULL COMMENT '学号',
  `name` varchar(64) DEFAULT NULL COMMENT '姓名',
  `spell` varchar(32) DEFAULT NULL COMMENT '拼音(简写)',
  `sex` varchar(8) DEFAULT NULL COMMENT '性别',
  `card` varchar(32) DEFAULT NULL COMMENT '卡号',
  `photo` varchar(200) DEFAULT NULL COMMENT '照片相对路径',
  `in_date` varchar(10) DEFAULT NULL COMMENT '入校日期',
  `bt_date` varchar(10) DEFAULT NULL COMMENT '出生日期',
  `address` varchar(200) DEFAULT NULL COMMENT '家庭地址',
  `remark` varchar(100) DEFAULT NULL COMMENT '备注信息',
  `ut` datetime DEFAULT NULL COMMENT '更新时间',
  `deleted` tinyint(1) DEFAULT '0' COMMENT '删除标识(0:未删除)',
  PRIMARY KEY (`id`),
  KEY `inx_sch` (`hid`),
  KEY `inx_cla` (`cid`)
) ENGINE=InnoDB DEFAULT CHARSET=utf8;

-- ----------------------------
-- Records of b_student
-- ----------------------------
INSERT INTO `b_student` VALUES ('00000001201803121619137060949464', '00000001', '00000001201803121547079170506088', 'WALK', '123456', '考勤测试（切勿删）', null, 'MALE', '0123456789', null, '2018-03-12', null, null, null, '2018-03-12 16:19:30', '0');
INSERT INTO `b_student` VALUES ('00000001201803131657469530181965', '00000001', '00000001201803121547079170506088', 'WALK', '', '1', null, 'MALE', null, '00000001/stu/20180322094636485197.jpeg', '2018-03-13', null, null, '22', '2018-03-22 09:46:36', '0');
INSERT INTO `b_student` VALUES ('00000001201803161154543483169895', '00000001', '00000001201803121547079170506088', 'WALK', '', '呵呵哒', null, 'MALE', '1313131313', null, '2018-03-16', null, null, null, '2018-03-16 13:48:47', '0');
INSERT INTO `b_student` VALUES ('00000001201803171357336263966366', '00000001', '00000001201803121547079170506088', 'WALK', '', '刘武钊', null, 'MALE', null, null, '2018-03-17', null, null, null, '2018-03-17 13:57:33', '0');
INSERT INTO `b_student` VALUES ('00000001201803191432423983435077', '00000001', '00000001201803121547163726221280', 'DORM', '', '1', null, 'MALE', null, null, '2018-03-06', null, null, null, '2018-03-20 09:56:01', '0');
INSERT INTO `b_student` VALUES ('00000001201803221340518529533671', '00000001', '00000001201803121547079170506088', 'DORM', '0911529042', '周佳佳', null, 'FEMALE', '0911529042', null, '2018-01-01', null, null, '测试', '2018-03-22 17:03:57', '0');
INSERT INTO `b_student` VALUES ('00000001201803221341374175693441', '00000001', '00000001201803121547079170506088', 'DORM', '0911650914', '杨柳', 'zhoujiajia', 'FEMALE', '0911650914', null, '2018-01-01', '1990-04-14', null, '测试', '2018-03-22 13:41:37', '0');
INSERT INTO `b_student` VALUES ('00000001201803241056350767256773', '00000001', '00000001201803121547079170506088', 'DORM', '', '啦啦', null, 'MALE', '1212121212', null, '2018-03-24', null, null, null, '2018-03-24 10:57:47', '0');
INSERT INTO `b_student` VALUES ('00000001201803241100492774605974', '00000001', '00000001201803201423407664283897', 'WALK', '', '哈哈啦', null, 'MALE', '1414141414', null, '2018-03-24', null, null, null, '2018-03-24 11:00:49', '0');
INSERT INTO `b_student` VALUES ('00000001201803241129143340905359', '00000001', '00000001201803121547079170506088', 'DORM', '', 'ct', null, 'MALE', null, '00000001/stu/20180324112914336589.jpg', '2018-03-20', null, null, null, '2018-03-24 11:29:14', '0');
INSERT INTO `b_student` VALUES ('00000023201803141129517847787463', '00000023', '00000023201803121640049113038763', 'DORM', '', '刘大钊1', null, 'MALE', null, '00000023/stu/20180314161612025316.jpg', '2018-03-14', null, null, null, '2018-03-16 17:00:59', '0');
INSERT INTO `b_student` VALUES ('00000023201803161701558128753100', '00000023', '00000023201803121640049113038763', 'DORM', '', '11231', null, 'MALE', null, '00000023/stu/20180321152228690733.jpg', '2018-03-16', null, null, null, '2018-03-23 16:33:09', '0');
INSERT INTO `b_student` VALUES ('00000023201803161706160965428273', '00000023', '00000023201803131115330465285135', 'NOON', '', '2222', null, 'MALE', null, '00000023/stu/20180316170616097386.jpg', '2018-03-15', null, null, null, '2018-03-16 17:06:16', '0');
INSERT INTO `b_student` VALUES ('00000023201803161707315172685441', '00000023', '00000023201803131532363349878468', 'NOON', '', '3333', null, 'MALE', null, '00000023/stu/20180316170731517974.jpg', '2018-03-15', null, null, null, '2018-03-16 17:07:31', '0');
INSERT INTO `b_student` VALUES ('00000023201803161708224123681907', '00000023', '00000023201803131115330303332841', 'NOON', '', '4444', null, 'MALE', null, '00000023/stu/20180316170829213473.jpg', '2018-03-14', null, null, null, '2018-03-16 17:09:05', '0');
INSERT INTO `b_student` VALUES ('00000023201803161717521625083247', '00000023', '00000023201803131116070729827967', 'NOON', '', '上来就浪费点卡', null, 'FEMALE', null, null, '2018-03-13', null, null, null, '2018-03-16 17:18:37', '0');
INSERT INTO `b_student` VALUES ('00000023201803171125516338444078', '00000023', '00000023201803121640049113038763', 'DORM', '', '乐乐', null, 'MALE', null, '00000023/stu/20180317112614810487.jpg', '2018-03-16', null, null, null, '2018-03-17 11:26:14', '0');
INSERT INTO `b_student` VALUES ('00000023201803231446592585247017', '00000023', '00000023201803121640049113038763', 'WALK', '', '小明', null, 'MALE', '1212232132', null, '2018-03-23', null, null, null, '2018-03-23 14:46:59', '0');
INSERT INTO `b_student` VALUES ('00000028201803171454166386085340', '00000028', '00000028201803171452183730885547', 'WALK', null, '考勤测试', null, 'MALE', '1234567890', null, '2018-03-17', null, null, null, '2018-03-19 08:43:03', '0');

-- ----------------------------
-- Table structure for `b_teacher`
-- ----------------------------
DROP TABLE IF EXISTS `b_teacher`;
CREATE TABLE `b_teacher` (
  `id` varchar(32) NOT NULL DEFAULT '' COMMENT 'ID',
  `hid` varchar(8) DEFAULT NULL COMMENT '学校ID',
  `phone` varchar(32) DEFAULT NULL COMMENT '手机',
  `code` varchar(32) DEFAULT NULL COMMENT '工号',
  `name` varchar(64) DEFAULT NULL COMMENT '姓名',
  `spell` varchar(32) DEFAULT NULL COMMENT '拼音(简写)',
  `status` varchar(16) DEFAULT NULL COMMENT '状态',
  `sex` varchar(8) DEFAULT NULL COMMENT '性别',
  `card` varchar(32) DEFAULT NULL COMMENT '卡号',
  `photo` varchar(200) DEFAULT NULL COMMENT '照片相对路径',
  `role_id` varchar(32) DEFAULT NULL COMMENT '角色ID',
  `kq` tinyint(1) DEFAULT '0' COMMENT '是否考勤',
  `adm` tinyint(1) DEFAULT '0' COMMENT '是否平台管理员(1:是)',
  `ut` datetime DEFAULT NULL COMMENT '更新时间',
  `deleted` tinyint(1) DEFAULT '0' COMMENT '删除标识(0:未删除)',
  PRIMARY KEY (`id`),
  UNIQUE KEY `inx_phone` (`phone`)
) ENGINE=InnoDB DEFAULT CHARSET=utf8;

-- ----------------------------
-- Records of b_teacher
-- ----------------------------
INSERT INTO `b_teacher` VALUES ('00000001201801051715494924647210', '00000001', '13421450611', '2222', '何裕华', null, 'NORMAL', 'MALE', null, null, '00000001201801031740460184825309', '1', '0', '2018-03-23 10:11:29', '0');
INSERT INTO `b_teacher` VALUES ('00000001201801051715494924647560', '00000001', '13800138000', '1111', '何老師', null, 'NORMAL', 'MALE', null, null, '00000001201802261819179235577256', '1', '1', '2018-03-23 10:16:38', '0');
INSERT INTO `b_teacher` VALUES ('00000001201801051723560728074112', '00000001', '13824749045', '1111', '啦啦啦', null, 'NORMAL', 'MALE', null, null, '00000001201802261819305500229022', '1', '0', '2018-01-05 17:23:57', '0');
INSERT INTO `b_teacher` VALUES ('00000001201801051725327358076250', '00000001', '13824749046', '1111', '啦啦啦1', null, 'NORMAL', 'MALE', null, null, '00000001201802261819305500229022', '1', '0', '2018-01-05 17:25:32', '0');
INSERT INTO `b_teacher` VALUES ('00000001201803131358536331387000', '00000001', '18988888888', 'test', '考勤教师(切勿删)', null, 'NORMAL', 'FEMALE', '0123456788', null, '00000001201802261819179235577256', '1', '0', '2018-03-13 13:58:53', '0');
INSERT INTO `b_teacher` VALUES ('00000001201803151548189744350797', '00000001', '17666483518', '00046984', 'Luis', 'LUZHIHUA', 'NORMAL', 'MALE', '1689688117', null, '00000001201802261819179235577256', '0', '1', '2018-03-21 15:28:32', '1');
INSERT INTO `b_teacher` VALUES ('00000001201803151626311955776660', '00000001', '13200132000', '1111', '11', null, 'DISABLE', 'MALE', null, null, '00000001201801031740460184825309', '0', '0', '2018-03-21 15:28:28', '1');
INSERT INTO `b_teacher` VALUES ('00000001201803151640311894211213', '00000001', '13211132111', null, '222', null, 'NORMAL', 'MALE', null, null, '00000001201801031740460184825309', '0', '0', '2018-03-21 10:04:42', '1');
INSERT INTO `b_teacher` VALUES ('00000001201803151640571933055792', '00000001', '13311133111', null, '333', null, 'NORMAL', 'MALE', null, null, '00000001201801301422098545211769', '0', '0', '2018-03-21 10:04:48', '1');
INSERT INTO `b_teacher` VALUES ('00000001201803151641568208099218', '00000001', '13311113211', null, '111', null, 'DISABLE', 'MALE', null, null, '00000001201802261818372740143390', '0', '0', '2018-03-17 14:13:55', '1');
INSERT INTO `b_teacher` VALUES ('00000001201803151819591662405685', '00000001', '13211111111', null, '111', null, 'NORMAL', 'MALE', null, '_t_20180315/20180315181957496833.png', '00000001201801031740460184825309', '0', '0', '2018-03-17 14:13:52', '1');
INSERT INTO `b_teacher` VALUES ('00000001201803170930356028125829', '00000001', '13100131000', null, '李老师', null, 'NORMAL', 'MALE', null, null, '00000001201802261819305500229022', '0', '0', '2018-03-17 09:30:35', '0');
INSERT INTO `b_teacher` VALUES ('00000001201803211042002092504667', '00000001', '13132324231', null, '王老师', null, 'NORMAL', 'MALE', null, null, '00000001201802261819305500229022', '0', '0', '2018-03-21 10:58:29', '0');
INSERT INTO `b_teacher` VALUES ('00000001201803211059321121211520', '00000001', '13243523231', null, '马老师', null, 'NORMAL', 'FEMALE', null, null, '00000001201802261818372740143390', '0', '0', '2018-03-21 10:59:32', '0');
INSERT INTO `b_teacher` VALUES ('00000001201803211102215562550059', '00000001', '12432142144', null, 'ss', null, 'NORMAL', 'MALE', null, null, '00000001201802261818372740143390', '0', '0', '2018-03-21 15:28:34', '1');
INSERT INTO `b_teacher` VALUES ('00000001201803221440029865257994', '00000001', '13123456789', '1689688117', '卢志华', 'luzhihua', 'NORMAL', 'MALE', '1689688117', null, '00000001201802261819305500229022', '0', '1', '2018-03-22 14:40:02', '0');
INSERT INTO `b_teacher` VALUES ('00000001201803241132358525317216', '00000001', '13512133222', null, '仓老师', null, 'NORMAL', 'FEMALE', null, '_t_20180324/20180324113146609663.jpg', '00000001201802261819305500229022', '0', '0', '2018-03-24 11:32:35', '0');
INSERT INTO `b_teacher` VALUES ('00000023201801051715494924647210', '00000023', '13421450672', '2222', '刘老师', '', 'NORMAL', 'MALE', '', '', '00000023201802270942134288954977', '1', '0', '2018-03-12 13:45:31', '0');

-- ----------------------------
-- Table structure for `b_teacher_role`
-- ----------------------------
DROP TABLE IF EXISTS `b_teacher_role`;
CREATE TABLE `b_teacher_role` (
  `id` varchar(32) NOT NULL DEFAULT '' COMMENT 'ID',
  `hid` varchar(8) DEFAULT NULL COMMENT '学校ID',
  `name` varchar(32) DEFAULT NULL COMMENT '角色名称',
  `kq` tinyint(1) DEFAULT NULL COMMENT '是否考勤(1:是)',
  `sort` tinyint(4) DEFAULT NULL COMMENT '排序(asc)',
  `readonly` tinyint(1) DEFAULT NULL COMMENT '是否只读(1:是)',
  `tnum` int(11) DEFAULT '0' COMMENT '教师数量',
  `ut` datetime DEFAULT NULL,
  PRIMARY KEY (`id`),
  KEY `hid` (`hid`)
) ENGINE=InnoDB DEFAULT CHARSET=utf8;

-- ----------------------------
-- Records of b_teacher_role
-- ----------------------------
INSERT INTO `b_teacher_role` VALUES ('00000001201801031740460184825309', '00000001', '保安', '1', '4', '0', '0', '2018-01-03 17:40:46');
INSERT INTO `b_teacher_role` VALUES ('00000001201801301422098545211769', '00000001', '教导主任', '1', '10', '1', '0', '2018-02-26 09:12:59');
INSERT INTO `b_teacher_role` VALUES ('00000001201802261818372740143390', '00000001', '校领导', '1', '0', '1', '0', '2018-03-12 09:20:33');
INSERT INTO `b_teacher_role` VALUES ('00000001201802261819005594031791', '00000001', '学校管理员', '0', '2', '1', '0', '2018-03-05 16:18:29');
INSERT INTO `b_teacher_role` VALUES ('00000001201802261819118319172881', '00000001', '年级组长', '1', '13', '1', '0', '2018-03-01 11:34:50');
INSERT INTO `b_teacher_role` VALUES ('00000001201802261819179235577256', '00000001', '班主任', '1', '1', '1', '0', '2018-03-05 13:41:39');
INSERT INTO `b_teacher_role` VALUES ('00000001201802261819305500229022', '00000001', '科任老师', '1', '13', '1', '0', '2018-03-01 11:35:13');
INSERT INTO `b_teacher_role` VALUES ('00000001201802261819390612528322', '00000001', '后勤员工', '1', '1', '1', '0', '2018-02-26 18:19:39');
INSERT INTO `b_teacher_role` VALUES ('00000001201802261819585939320461', '00000001', '临时员工', '0', '5', '0', '0', '2018-02-26 18:19:58');
INSERT INTO `b_teacher_role` VALUES ('00000001201802261820159364870527', '00000001', '职工家属', '1', '5', '0', '0', '2018-03-01 11:35:32');
INSERT INTO `b_teacher_role` VALUES ('00000001201803011038519333012777', '00000001', '测试', '0', '12', '0', '0', '2018-03-01 10:38:51');
INSERT INTO `b_teacher_role` VALUES ('00000003201802270941029625643190', '00000003', '安保人员', '1', '1', '0', '0', '2018-02-27 09:41:02');
INSERT INTO `b_teacher_role` VALUES ('00000003201802270942134288954977', '00000003', '测试', '1', '2', '0', '0', '2018-02-27 09:42:22');
INSERT INTO `b_teacher_role` VALUES ('00000023201802270942134288954977', '00000023', '测试', '1', '2', '0', '0', '2018-02-27 09:42:22');

-- ----------------------------
-- Table structure for `bsi_bv`
-- ----------------------------
DROP TABLE IF EXISTS `bsi_bv`;
CREATE TABLE `bsi_bv` (
  `id` varchar(2) NOT NULL DEFAULT '' COMMENT '基础服务ID',
  `name` varchar(128) DEFAULT NULL COMMENT '基础服务名称',
  `status` varchar(16) DEFAULT NULL COMMENT '状态',
  `ut` datetime DEFAULT NULL COMMENT '更新时间',
  PRIMARY KEY (`id`)
) ENGINE=InnoDB DEFAULT CHARSET=utf8 COMMENT='基础服务';

-- ----------------------------
-- Records of bsi_bv
-- ----------------------------
INSERT INTO `bsi_bv` VALUES ('01', '考勤短信/Attendance', 'NORMAL', '2018-02-07 14:32:43');
INSERT INTO `bsi_bv` VALUES ('02', '亲情电话/Phone', 'NORMAL', '2018-02-07 14:33:11');

-- ----------------------------
-- Table structure for `bsi_cd`
-- ----------------------------
DROP TABLE IF EXISTS `bsi_cd`;
CREATE TABLE `bsi_cd` (
  `cd` varchar(64) NOT NULL DEFAULT '' COMMENT '业务代码(只读)',
  `name` varchar(64) DEFAULT NULL COMMENT '业务名称(只读)',
  `type` varchar(32) DEFAULT NULL COMMENT '业务类型(只读)',
  `sms_cn_content` varchar(400) DEFAULT NULL COMMENT '短信模版 - 简体中文',
  `sms_hk_content` varchar(400) DEFAULT NULL COMMENT '短信模版 - 繁体中文',
  `sms_en_content` varchar(400) DEFAULT NULL COMMENT '短信模版 - 英文',
  `wtm_cn` varchar(32) DEFAULT NULL COMMENT '模版消息模版ID - 简体中文',
  `wtm_hk` varchar(32) DEFAULT NULL COMMENT '模版消息模版ID - 繁体中文',
  `wtm_en` varchar(32) DEFAULT NULL COMMENT '模版消息模版ID - 英文',
  `sort` int(11) DEFAULT NULL COMMENT '排序(只读)',
  PRIMARY KEY (`cd`)
) ENGINE=InnoDB DEFAULT CHARSET=utf8 COMMENT='业务代码';

-- ----------------------------
-- Records of bsi_cd
-- ----------------------------
INSERT INTO `bsi_cd` VALUES ('BSI_BUY', '订购通知', 'BSI', null, null, null, null, null, null, '1');
INSERT INTO `bsi_cd` VALUES ('BSI_DUE', '服务到期提醒', 'BSI', null, null, null, null, null, null, '9');
INSERT INTO `bsi_cd` VALUES ('KQ_QJ_APPLY', '请假申请 ', 'KQ', null, null, null, null, null, null, '21');
INSERT INTO `bsi_cd` VALUES ('KQ_QJ_APPROV', '请假审批', 'KQ', null, null, null, null, null, null, '22');
INSERT INTO `bsi_cd` VALUES ('KQ_QJ_NOTICE', '请假通知', 'KQ', null, null, null, null, null, null, '23');
INSERT INTO `bsi_cd` VALUES ('KQ_STU_DORM', '考勤通知-住读', 'KQ', '【${hname}】${ktime}，您的孩子${sname}已${kinout}宿舍考勤 （微信关注“英特韦特Edu”查询更多）', '【${hname}】${ktime}，您的孩子${sname}已${kinout}宿舍考勤 （微信關注“英特韋特Edu”查詢更多）', null, null, null, null, '2');
INSERT INTO `bsi_cd` VALUES ('KQ_STU_NOON', '考勤通知-午休', 'KQ', '【${hname}】${ktime}，您的孩子${sname}已${kinout}宿舍考勤 （微信关注“英特韦特Edu”查询更多）', '【${hname}】${ktime}，您的孩子${sname}已${kinout}宿舍考勤 （微信關注“英特韋特Edu”查詢更多）', null, null, null, null, '3');
INSERT INTO `bsi_cd` VALUES ('KQ_STU_PICKUP', '考勤通知-接送', 'KQ', '【${hname}】${ktime}，您的孩子${sname}已由家长${fname}接送${kinout}考勤 （微信关注“英特韦特Edu”查询更多）', '【${hname}】${ktime}，您的孩子${sname}已由家长${fname}接送${kinout}校考勤 （微信关注“英特韦特Edu”查询更多）', null, null, null, null, '4');
INSERT INTO `bsi_cd` VALUES ('KQ_STU_STATIS', '考勤通知-统计', 'KQ', null, null, null, null, null, null, '5');
INSERT INTO `bsi_cd` VALUES ('KQ_STU_WALK', '考勤通知-走读', 'KQ', '【${hname}】${ktime}，您的孩子${sname}已${kinout}校考勤 （微信关注“英特韦特Edu”查询更多）', '【${hname}】${ktime}，您的孩子${sname}已${kinout}校考勤 （微信關注“英特韋特Edu”查詢更多）', null, null, null, null, '1');
INSERT INTO `bsi_cd` VALUES ('KQ_TCH', '考勤通知-教师', 'KQ', null, null, null, null, null, null, '6');
INSERT INTO `bsi_cd` VALUES ('SYS_NOTICE_DEV', '设备通知', 'SYS', null, null, null, null, null, null, '2');
INSERT INTO `bsi_cd` VALUES ('SYS_VCODE', '验证码', 'SYS', '${vcode}(动态验证码)为了保证您的账号安全，验证码短信请勿转发给其他人。【英特韦特Edu】', '${vcode}(動態驗證碼)爲了保證您的賬號安全，驗證碼短信請勿轉發給其他人。【英特韋特Edu】', null, null, null, null, '1');
INSERT INTO `bsi_cd` VALUES ('XF_BILL_MON', '月账单', 'XF', null, null, null, null, null, null, '8');
INSERT INTO `bsi_cd` VALUES ('XF_BILL_YEAR', '年度账单', 'XF', null, null, null, null, null, null, '9');
INSERT INTO `bsi_cd` VALUES ('XF_CZ', '充值通知', 'XF', null, null, null, null, null, null, '1');
INSERT INTO `bsi_cd` VALUES ('XF_QC', '圈存通知', 'XF', null, null, null, null, null, null, '2');
INSERT INTO `bsi_cd` VALUES ('XF_TK', '退款通知', 'XF', null, null, null, null, null, null, '3');

-- ----------------------------
-- Table structure for `bsi_cd_sv`
-- ----------------------------
DROP TABLE IF EXISTS `bsi_cd_sv`;
CREATE TABLE `bsi_cd_sv` (
  `hid` varchar(8) NOT NULL DEFAULT '' COMMENT '学校ID',
  `bcd` varchar(32) NOT NULL DEFAULT '' COMMENT '业务代码',
  `sms_enable` tinyint(1) DEFAULT '0' COMMENT '是否启用短信发送',
  `sms_bsvs` varchar(400) DEFAULT NULL COMMENT '依赖的服务ID组合(或)',
  `wtm_enable` tinyint(1) DEFAULT '0' COMMENT '是否启用微信模版消息发送',
  `wtm_bsvs` varchar(400) DEFAULT NULL COMMENT '依赖的服务ID组合(或)',
  PRIMARY KEY (`hid`,`bcd`)
) ENGINE=InnoDB DEFAULT CHARSET=utf8 COMMENT='业务代码消息依赖业务配置';

-- ----------------------------
-- Records of bsi_cd_sv
-- ----------------------------

-- ----------------------------
-- Table structure for `bsi_ev`
-- ----------------------------
DROP TABLE IF EXISTS `bsi_ev`;
CREATE TABLE `bsi_ev` (
  `id` varchar(32) NOT NULL DEFAULT '' COMMENT '事件ID',
  `name` varchar(128) DEFAULT NULL COMMENT '事件名称',
  `bv` varchar(2) DEFAULT NULL COMMENT '依赖的基础服务ID',
  `ops` varchar(1) DEFAULT NULL COMMENT '操作类型(A/R)',
  `description` varchar(400) DEFAULT NULL COMMENT '事件描述',
  PRIMARY KEY (`id`)
) ENGINE=InnoDB DEFAULT CHARSET=utf8 COMMENT='业务事件';

-- ----------------------------
-- Records of bsi_ev
-- ----------------------------
INSERT INTO `bsi_ev` VALUES ('01A100', '语音增加100分钟', '01', 'A', '增加通话时长100分钟');
INSERT INTO `bsi_ev` VALUES ('01A200', '语音增加200分钟', '01', 'A', '增加通话时长200分钟');
INSERT INTO `bsi_ev` VALUES ('01R100', '语音减少100分钟', '01', 'R', '扣减通话时长100分钟');
INSERT INTO `bsi_ev` VALUES ('01R200', '语音减少200分钟', '01', 'R', '扣减通话时长200分钟');

-- ----------------------------
-- Table structure for `bsi_ev_record`
-- ----------------------------
DROP TABLE IF EXISTS `bsi_ev_record`;
CREATE TABLE `bsi_ev_record` (
  `id` varchar(32) NOT NULL DEFAULT '' COMMENT 'ID',
  `hid` varchar(8) DEFAULT NULL COMMENT '学校ID',
  `ttype` varchar(32) DEFAULT NULL COMMENT '对象类型(SERVICE/GOODS)',
  `tid` varchar(32) DEFAULT NULL COMMENT '对象ID',
  `tcode` varchar(32) DEFAULT NULL COMMENT '对象代码',
  `tname` varchar(64) DEFAULT NULL COMMENT '对象名称',
  `eid` varchar(32) DEFAULT NULL COMMENT '事件ID',
  `ename` varchar(128) DEFAULT NULL COMMENT '事件名称',
  `eops` varchar(1) DEFAULT NULL COMMENT '事件操作类型(A/R)',
  `edescription` varchar(400) DEFAULT NULL COMMENT '事件描述',
  `buyid` varchar(32) DEFAULT NULL COMMENT '购买记录ID',
  `rstate` varchar(16) DEFAULT NULL COMMENT '处理状态(SUCCESS, FAILURE, PENDING)',
  `rdescription` varchar(800) DEFAULT NULL COMMENT '处理描述',
  `sid` varchar(32) DEFAULT NULL COMMENT '学生ID',
  `fid` varchar(32) DEFAULT NULL COMMENT '家长ID',
  PRIMARY KEY (`id`),
  KEY `inx_hid` (`hid`)
) ENGINE=InnoDB DEFAULT CHARSET=utf8 COMMENT='事件处理记录';

-- ----------------------------
-- Records of bsi_ev_record
-- ----------------------------

-- ----------------------------
-- Table structure for `bsi_gift`
-- ----------------------------
DROP TABLE IF EXISTS `bsi_gift`;
CREATE TABLE `bsi_gift` (
  `id` varchar(32) NOT NULL DEFAULT '' COMMENT '服务ID',
  `btype` varchar(16) DEFAULT NULL COMMENT '所属业务对象类型',
  `bid` varchar(32) DEFAULT NULL COMMENT '所属业务对象ID',
  `ttype` varchar(16) DEFAULT NULL COMMENT '礼物对象类型(SERVICE/GOODS)',
  `tid` varchar(32) DEFAULT '' COMMENT '礼物对象ID',
  `num` int(11) DEFAULT NULL COMMENT '数量/年',
  `fixed` tinyint(1) DEFAULT '0' COMMENT '数量是否固定(1:是,0:数量=数量*订购年数)',
  PRIMARY KEY (`id`),
  KEY `inx_owner` (`btype`,`bid`)
) ENGINE=InnoDB DEFAULT CHARSET=utf8 COMMENT='业务礼物';

-- ----------------------------
-- Records of bsi_gift
-- ----------------------------

-- ----------------------------
-- Table structure for `bsi_goods`
-- ----------------------------
DROP TABLE IF EXISTS `bsi_goods`;
CREATE TABLE `bsi_goods` (
  `id` varchar(32) NOT NULL DEFAULT '' COMMENT '商品ID',
  `hid` varchar(8) NOT NULL COMMENT '学校ID',
  `code` varchar(32) NOT NULL COMMENT '商品代码',
  `type` varchar(16) DEFAULT NULL COMMENT '商品类型(VIRTUAL/PHYSICAL)',
  `name` varchar(128) DEFAULT NULL COMMENT '商品名称',
  `logo` varchar(200) DEFAULT NULL COMMENT 'Logo路径',
  `status` varchar(16) DEFAULT NULL COMMENT '状态',
  `deleted` tinyint(1) DEFAULT '0' COMMENT '删除标识',
  `price` int(11) DEFAULT NULL COMMENT '价格(分)',
  `vdb` varchar(10) DEFAULT NULL COMMENT '有效期开始（yyyy-MM-dd）',
  `vde` varchar(10) DEFAULT NULL COMMENT '有效期截止（yyyy-MM-dd）',
  `description` varchar(4000) DEFAULT NULL COMMENT '商品描述',
  `remark` varchar(400) DEFAULT NULL COMMENT '备注',
  `ut` datetime DEFAULT NULL COMMENT '更新时间',
  PRIMARY KEY (`id`),
  UNIQUE KEY `inx_code` (`code`),
  KEY `inx_hid` (`hid`)
) ENGINE=InnoDB DEFAULT CHARSET=utf8 COMMENT='商品';

-- ----------------------------
-- Records of bsi_goods
-- ----------------------------

-- ----------------------------
-- Table structure for `bsi_goods_depend`
-- ----------------------------
DROP TABLE IF EXISTS `bsi_goods_depend`;
CREATE TABLE `bsi_goods_depend` (
  `id` varchar(32) NOT NULL DEFAULT '' COMMENT '商品ID',
  `sv_id` varchar(32) NOT NULL DEFAULT '' COMMENT '依赖的增值服务ID',
  PRIMARY KEY (`id`,`sv_id`)
) ENGINE=InnoDB DEFAULT CHARSET=utf8 COMMENT='商品依赖的增值服务';

-- ----------------------------
-- Records of bsi_goods_depend
-- ----------------------------

-- ----------------------------
-- Table structure for `bsi_goods_ev`
-- ----------------------------
DROP TABLE IF EXISTS `bsi_goods_ev`;
CREATE TABLE `bsi_goods_ev` (
  `id` varchar(32) NOT NULL DEFAULT '' COMMENT '商品ID',
  `ev_id` varchar(32) DEFAULT NULL COMMENT '事件ID',
  PRIMARY KEY (`id`)
) ENGINE=InnoDB DEFAULT CHARSET=utf8 COMMENT='商品触发事件';

-- ----------------------------
-- Records of bsi_goods_ev
-- ----------------------------

-- ----------------------------
-- Table structure for `bsi_goods_record`
-- ----------------------------
DROP TABLE IF EXISTS `bsi_goods_record`;
CREATE TABLE `bsi_goods_record` (
  `id` varchar(32) NOT NULL DEFAULT '' COMMENT 'ID',
  `hid` varchar(8) DEFAULT NULL COMMENT '学校ID',
  `gd_id` varchar(32) DEFAULT NULL COMMENT '商品ID',
  `gd_code` varchar(32) DEFAULT NULL COMMENT '商品代码',
  `gd_name` varchar(128) DEFAULT NULL COMMENT '商品名称',
  `gd_price` int(11) DEFAULT NULL COMMENT '商品价格(分)',
  `rec_time` datetime DEFAULT NULL COMMENT '订购时间',
  `rec_way` varchar(16) DEFAULT NULL COMMENT '订购方式(自主：SEL，平台：PLT，赠送：GIFT)',
  `rec_num` varchar(16) DEFAULT NULL COMMENT '订购数量',
  `rec_desc` varchar(400) DEFAULT NULL COMMENT '订购描述',
  `giftby_type` varchar(32) DEFAULT NULL COMMENT '(赠送)主订购对象类型(SERVICE/GOODS)',
  `giftby_code` varchar(32) DEFAULT NULL COMMENT '(赠送)主订购对象代码',
  `giftby_name` varchar(64) DEFAULT NULL COMMENT '(赠送)主订购对象名称',
  `giftby_rec` varchar(32) DEFAULT NULL COMMENT '(赠送)主订购记录ID',
  `pay_type` varchar(16) DEFAULT NULL COMMENT '支付类型(PAY/FREE/EXP)',
  `pay_way` varchar(16) DEFAULT NULL COMMENT '支付方式(XFT/WX/CASH)',
  `pay_fee` int(11) DEFAULT NULL COMMENT '支付金额(分)',
  `fid` varchar(32) DEFAULT NULL COMMENT '家长ID',
  `fphone` varchar(32) DEFAULT NULL COMMENT '家长手机',
  `fname` varchar(64) DEFAULT NULL COMMENT '家长姓名',
  `sid` varchar(32) DEFAULT NULL COMMENT '学生ID',
  `sname` varchar(64) DEFAULT NULL COMMENT '学生姓名',
  `cid` varchar(32) DEFAULT NULL COMMENT '班级ID',
  `cname` varchar(64) DEFAULT NULL COMMENT '班级名称',
  `gid` varchar(32) DEFAULT NULL COMMENT '年级ID',
  `hname` varchar(64) DEFAULT NULL COMMENT '学校名称',
  `operator_id` varchar(32) DEFAULT NULL COMMENT '操作人ID',
  `operator_name` varchar(64) DEFAULT NULL COMMENT '操作人姓名',
  PRIMARY KEY (`id`),
  KEY `inx_hid` (`hid`,`rec_time`),
  KEY `inx_sid` (`sid`,`rec_time`)
) ENGINE=InnoDB DEFAULT CHARSET=utf8 COMMENT='商品订购记录';

-- ----------------------------
-- Records of bsi_goods_record
-- ----------------------------

-- ----------------------------
-- Table structure for `bsi_ops_reason`
-- ----------------------------
DROP TABLE IF EXISTS `bsi_ops_reason`;
CREATE TABLE `bsi_ops_reason` (
  `id` varchar(32) NOT NULL DEFAULT '',
  `ops` varchar(1) DEFAULT NULL COMMENT '操作类型(A/R)',
  `reason` varchar(256) DEFAULT NULL COMMENT '原因',
  `sort` int(11) DEFAULT '0' COMMENT '排序(asc)',
  PRIMARY KEY (`id`)
) ENGINE=InnoDB DEFAULT CHARSET=utf8 COMMENT='操作原因';

-- ----------------------------
-- Records of bsi_ops_reason
-- ----------------------------

-- ----------------------------
-- Table structure for `bsi_service`
-- ----------------------------
DROP TABLE IF EXISTS `bsi_service`;
CREATE TABLE `bsi_service` (
  `id` varchar(32) NOT NULL DEFAULT '' COMMENT 'ID',
  `hid` varchar(8) NOT NULL COMMENT '学校ID',
  `code` varchar(32) NOT NULL COMMENT '服务代码',
  `name` varchar(128) DEFAULT NULL COMMENT '服务名称',
  `logo` varchar(200) DEFAULT NULL COMMENT 'Logo路径',
  `status` varchar(16) DEFAULT NULL COMMENT '状态',
  `deleted` tinyint(1) DEFAULT NULL COMMENT '删除标识',
  `is_card` tinyint(1) DEFAULT '0' COMMENT '是否卡业务',
  `is_self` tinyint(1) DEFAULT '1' COMMENT '是否允许自主订购',
  `price` int(11) DEFAULT '0' COMMENT '价格(分)',
  `vdb` varchar(10) DEFAULT NULL COMMENT '有效期开始（yyyy-MM-dd）',
  `vde` varchar(10) DEFAULT NULL COMMENT '有效期截止（yyyy-MM-dd）',
  `description` varchar(4000) DEFAULT NULL COMMENT '服务描述',
  `remark` varchar(400) DEFAULT NULL COMMENT '服务备注',
  `ut` datetime DEFAULT NULL COMMENT '更新时间',
  PRIMARY KEY (`id`),
  UNIQUE KEY `inx_code` (`code`),
  KEY `inx_hid` (`hid`)
) ENGINE=InnoDB DEFAULT CHARSET=utf8 COMMENT='增值服务';

-- ----------------------------
-- Records of bsi_service
-- ----------------------------

-- ----------------------------
-- Table structure for `bsi_service_bv`
-- ----------------------------
DROP TABLE IF EXISTS `bsi_service_bv`;
CREATE TABLE `bsi_service_bv` (
  `id` varchar(32) NOT NULL DEFAULT '' COMMENT '增值服务ID',
  `bv_id` varchar(2) NOT NULL DEFAULT '' COMMENT '基础服务ID',
  PRIMARY KEY (`id`,`bv_id`)
) ENGINE=InnoDB DEFAULT CHARSET=utf8 COMMENT='增值服务包含的基础服务';

-- ----------------------------
-- Records of bsi_service_bv
-- ----------------------------

-- ----------------------------
-- Table structure for `bsi_service_depend`
-- ----------------------------
DROP TABLE IF EXISTS `bsi_service_depend`;
CREATE TABLE `bsi_service_depend` (
  `id` varchar(32) NOT NULL DEFAULT '' COMMENT '增值服务ID',
  `sv_id` varchar(32) NOT NULL DEFAULT '' COMMENT '依赖的增值服务ID',
  PRIMARY KEY (`id`,`sv_id`)
) ENGINE=InnoDB DEFAULT CHARSET=utf8 COMMENT='增值服务依赖的增值服务';

-- ----------------------------
-- Records of bsi_service_depend
-- ----------------------------

-- ----------------------------
-- Table structure for `bsi_service_ev`
-- ----------------------------
DROP TABLE IF EXISTS `bsi_service_ev`;
CREATE TABLE `bsi_service_ev` (
  `id` varchar(32) NOT NULL DEFAULT '' COMMENT '增值服务ID',
  `ev_id` varchar(32) NOT NULL DEFAULT '' COMMENT '事件ID',
  PRIMARY KEY (`id`,`ev_id`)
) ENGINE=InnoDB DEFAULT CHARSET=utf8 COMMENT='增值服务触发事件';

-- ----------------------------
-- Records of bsi_service_ev
-- ----------------------------

-- ----------------------------
-- Table structure for `bsi_service_ignore`
-- ----------------------------
DROP TABLE IF EXISTS `bsi_service_ignore`;
CREATE TABLE `bsi_service_ignore` (
  `id` varchar(32) NOT NULL DEFAULT '',
  `hid` varchar(8) NOT NULL COMMENT '学校ID',
  `sid` varchar(32) DEFAULT '' COMMENT '学生ID',
  `fphone` varchar(32) DEFAULT '' COMMENT '家长手机',
  `sv_id` varchar(32) DEFAULT NULL COMMENT '服务ID',
  `remark` varchar(400) DEFAULT NULL COMMENT '备注',
  `operator_id` varchar(32) DEFAULT NULL COMMENT '操作人ID',
  `operator_name` varchar(64) DEFAULT NULL COMMENT '操作人姓名',
  `ut` datetime DEFAULT NULL COMMENT '更新时间',
  PRIMARY KEY (`id`),
  KEY `inx_hid` (`hid`)
) ENGINE=InnoDB DEFAULT CHARSET=utf8 COMMENT='增值服务订购忽略名单';

-- ----------------------------
-- Records of bsi_service_ignore
-- ----------------------------

-- ----------------------------
-- Table structure for `bsi_service_record`
-- ----------------------------
DROP TABLE IF EXISTS `bsi_service_record`;
CREATE TABLE `bsi_service_record` (
  `id` varchar(32) NOT NULL DEFAULT '' COMMENT 'ID',
  `hid` varchar(8) DEFAULT NULL COMMENT '学校ID',
  `sv_id` varchar(32) DEFAULT NULL COMMENT '服务ID',
  `sv_code` varchar(32) DEFAULT NULL COMMENT '服务代码',
  `sv_name` varchar(128) DEFAULT NULL COMMENT '服务名称',
  `sv_price` int(11) DEFAULT NULL COMMENT '服务价格(分)',
  `rec_ops` varchar(1) DEFAULT NULL COMMENT '操作类型(订购：A，取消：R)',
  `rec_time` datetime DEFAULT NULL COMMENT '订购时间',
  `rec_way` varchar(16) DEFAULT NULL COMMENT '订购方式(自主：SEL，平台：PLT，赠送：GIFT)',
  `rec_vds` varchar(16) DEFAULT NULL COMMENT '订购时长',
  `rec_vde` varchar(10) DEFAULT NULL COMMENT '订购后服务截止日期',
  `rec_desc` varchar(400) DEFAULT NULL COMMENT '订购描述',
  `giftby_type` varchar(32) DEFAULT NULL COMMENT '(赠送)主订购对象类型(SERVICE/GOODS)',
  `giftby_code` varchar(32) DEFAULT NULL COMMENT '(赠送)主订购对象代码',
  `giftby_name` varchar(64) DEFAULT NULL COMMENT '(赠送)主订购对象名称',
  `giftby_rec` varchar(32) DEFAULT NULL COMMENT '(赠送)主订购记录ID',
  `pay_type` varchar(16) DEFAULT NULL COMMENT '支付类型(PAY/FREE/EXP)',
  `pay_way` varchar(16) DEFAULT NULL COMMENT '支付方式(XFT/WX/CASH)',
  `pay_fee` int(11) DEFAULT NULL COMMENT '支付金额(分)',
  `fid` varchar(32) DEFAULT NULL COMMENT '家长ID',
  `fphone` varchar(32) DEFAULT NULL COMMENT '家长手机',
  `fname` varchar(64) DEFAULT NULL COMMENT '家长姓名',
  `sid` varchar(32) DEFAULT NULL COMMENT '学生ID',
  `sname` varchar(64) DEFAULT NULL COMMENT '学生姓名',
  `cid` varchar(32) DEFAULT NULL COMMENT '班级ID',
  `cname` varchar(64) DEFAULT NULL COMMENT '班级名称',
  `gid` varchar(32) DEFAULT NULL COMMENT '年级ID',
  `hname` varchar(64) DEFAULT NULL COMMENT '学校名称',
  `operator_id` varchar(32) DEFAULT NULL COMMENT '操作人ID',
  `operator_name` varchar(64) DEFAULT NULL COMMENT '操作人姓名',
  PRIMARY KEY (`id`),
  KEY `inx_hid` (`hid`,`rec_time`),
  KEY `inx_sid` (`sid`,`rec_time`)
) ENGINE=InnoDB DEFAULT CHARSET=utf8 COMMENT='增值服务订购记录';

-- ----------------------------
-- Records of bsi_service_record
-- ----------------------------

-- ----------------------------
-- Table structure for `bsi_service_subscription`
-- ----------------------------
DROP TABLE IF EXISTS `bsi_service_subscription`;
CREATE TABLE `bsi_service_subscription` (
  `id` varchar(32) NOT NULL DEFAULT '' COMMENT 'ID',
  `hid` varchar(8) NOT NULL COMMENT '学校ID',
  `sv_id` varchar(32) NOT NULL COMMENT '服务ID',
  `fid` varchar(32) NOT NULL COMMENT '家长ID',
  `sid` varchar(32) NOT NULL COMMENT '学生ID',
  `vdb` date NOT NULL COMMENT '有效期开始',
  `vde` date NOT NULL COMMENT '有效期截止',
  `last_paytype` varchar(16) DEFAULT NULL COMMENT '最后订购支付类型',
  `ut` datetime DEFAULT NULL COMMENT '更新时间',
  PRIMARY KEY (`id`),
  KEY `inx_hid` (`hid`),
  KEY `inx_fid` (`fid`),
  KEY `inx_sv` (`sv_id`) USING BTREE
) ENGINE=InnoDB DEFAULT CHARSET=utf8 COMMENT='增值服务订购关系';

-- ----------------------------
-- Records of bsi_service_subscription
-- ----------------------------

-- ----------------------------
-- Table structure for `d_app`
-- ----------------------------
DROP TABLE IF EXISTS `d_app`;
CREATE TABLE `d_app` (
  `id` varchar(32) NOT NULL,
  `type` varchar(100) DEFAULT NULL COMMENT 'App类型',
  `plat` varchar(100) DEFAULT NULL COMMENT 'App平台类型',
  `hid` varchar(100) DEFAULT NULL COMMENT '学校id',
  `author_name` varchar(100) DEFAULT NULL COMMENT '发布人',
  `issue` date DEFAULT NULL COMMENT '发布日期',
  `ver_code` varchar(8) DEFAULT NULL COMMENT '版本号',
  `ver_name` varchar(12) DEFAULT NULL COMMENT '版本名称',
  `path` varchar(200) DEFAULT NULL COMMENT 'APK地址',
  `md5` varchar(200) DEFAULT NULL COMMENT 'md5',
  `remark` varchar(200) DEFAULT NULL COMMENT '备注',
  `ut` datetime DEFAULT NULL,
  PRIMARY KEY (`id`)
) ENGINE=InnoDB DEFAULT CHARSET=utf8;

-- ----------------------------
-- Records of d_app
-- ----------------------------
INSERT INTO `d_app` VALUES ('20180314112557856671538992701460', 'CPAD', 'IOS', '00000026', '模拟管理员', '2018-03-08', '20180308', '1.1.20180308', 'apk/cpad/1.1.20180308.00000026.apk', '70e1dcef22d1befd6725bb397f0588ee', '第一测试版本上线', '2018-03-14 11:25:57');
INSERT INTO `d_app` VALUES ('20180314112847949553165719500417', 'HPAD', 'ANDROID', '00000001', '模拟管理员', '2018-03-08', '20180308', '1.1.20180308', 'apk/hpad/1.1.20180308.00000001.apk', '495b72f8e0a0c55b88c0d5b27df2cd22', '同款上线', '2018-03-14 11:28:47');
INSERT INTO `d_app` VALUES ('20180314113142091614433776839698', 'CPAD', 'ANDROID', '00000000', '模拟管理员', '2018-03-15', '20180308', '1.1.20180308', 'apk/cpad/1.1.20180308.00000000.apk', '495b72f8e0a0c55b88c0d5b27df2cd22', '第一测试版本上线', '2018-03-14 11:31:42');
INSERT INTO `d_app` VALUES ('20180314113223871082648162293968', 'HPAD', 'ANDROID', '00000003', '模拟管理员', '2018-03-09', '20180309', '1.1.20180309', 'apk/hpad/1.1.20180309.00000003.apk', '495b72f8e0a0c55b88c0d5b27df2cd22', '第一测试版本上线', '2018-03-14 11:32:23');
INSERT INTO `d_app` VALUES ('20180316120054473819085974395936', 'CPAD', 'IOS', '00000000', '模拟管理员', '2018-03-16', '20180316', '2.2.20180316', 'apk/cpad/2.2.20180316.00000000.apk', '495b72f8e0a0c55b88c0d5b27df2cd22', '第一测试版本上线', '2018-03-16 12:00:54');
INSERT INTO `d_app` VALUES ('20180316120054473819085974395937', 'CPAD', 'IOS', '00000000', '模拟管理员', '2018-03-16', '20180316', '2.2.20180316', 'apk/cpad/2.2.20180316.00000000.apk', '495b72f8e0a0c55b88c0d5b27df2cd22', '第一测试版本上线', '2018-03-16 12:00:54');
INSERT INTO `d_app` VALUES ('20180320140336108953204171280677', 'CPAD', 'ANDROID', '00000028', '', '2018-03-21', '20180320', '2.1.20180320', 'apk/cpad/2.1.20180320.00000028.apk', '495b72f8e0a0c55b88c0d5b27df2cd22', '', '2018-03-20 14:03:36');
INSERT INTO `d_app` VALUES ('20180320140403145934700673400773', 'CPAD', 'IOS', '00000000', '', '2018-03-21', '20180321', '2.1.20180321', 'apk/cpad/2.1.20180321.00000000.apk', '495b72f8e0a0c55b88c0d5b27df2cd22', '', '2018-03-20 14:04:03');
INSERT INTO `d_app` VALUES ('20180320140433789668132507533175', 'CPAD', 'IOS', '00000019', '', '2018-03-22', '20180322', '2.1.20180322', 'apk/cpad/2.1.20180322.00000019.apk', '495b72f8e0a0c55b88c0d5b27df2cd22', '', '2018-03-20 14:04:33');
INSERT INTO `d_app` VALUES ('20180320140501647878155848771296', 'HPAD', 'ANDROID', '00000016', '', '2018-03-24', '20180324', '2.1.20180324', 'apk/hpad/2.1.20180324.00000016.apk', '495b72f8e0a0c55b88c0d5b27df2cd22', '', '2018-03-20 14:05:01');
INSERT INTO `d_app` VALUES ('20180320140530851051516216737002', 'HPAD', 'ANDROID', '00000005', '', '2018-03-27', '20180327', '2.1.20180327', 'apk/hpad/2.1.20180327.00000005.apk', '495b72f8e0a0c55b88c0d5b27df2cd22', '', '2018-03-20 14:05:30');

-- ----------------------------
-- Table structure for `d_device`
-- ----------------------------
DROP TABLE IF EXISTS `d_device`;
CREATE TABLE `d_device` (
  `id` varchar(32) NOT NULL DEFAULT '' COMMENT '设备ID',
  `hid` varchar(8) DEFAULT NULL COMMENT '学校ID',
  `code` varchar(64) DEFAULT NULL COMMENT '设备编号',
  `gid` varchar(32) DEFAULT NULL COMMENT '分组ID',
  `sid` varchar(32) DEFAULT NULL COMMENT '供应商ID',
  `name` varchar(64) DEFAULT NULL COMMENT '设备名称',
  `type` varchar(32) DEFAULT NULL COMMENT '设备类型',
  `status` varchar(16) DEFAULT NULL COMMENT '设备状态',
  `olstate` varchar(16) DEFAULT NULL COMMENT '在线状态ON/OFF',
  `oltime` datetime DEFAULT NULL COMMENT '最后在线时间',
  `phones` varchar(200) DEFAULT NULL COMMENT '告警手机,多个以,分割',
  `remark` varchar(200) DEFAULT NULL COMMENT '备注',
  `dkey` varchar(64) DEFAULT NULL COMMENT '设备唯一标识',
  `dpwd` varchar(64) DEFAULT NULL COMMENT '设备通信密码',
  `dinfo` varchar(2000) DEFAULT NULL COMMENT '设备系统及软件信息',
  `ut` datetime DEFAULT NULL COMMENT '更新时间',
  PRIMARY KEY (`id`),
  UNIQUE KEY `inx_uq` (`hid`,`code`)
) ENGINE=InnoDB DEFAULT CHARSET=utf8 COMMENT='设备';

-- ----------------------------
-- Records of d_device
-- ----------------------------
INSERT INTO `d_device` VALUES ('00000001201801170853172785748435', '00000001', 'CP0004', '00000001201801081535121039209950', '0001', '考勤机1', 'KQ', 'NORMAL', 'OFFLINE', '2018-02-23 13:03:13', '13800138000', '222', '12asgfswet33h43hyfdherhrejrejj', '234324', null, '2018-02-24 10:19:21');
INSERT INTO `d_device` VALUES ('00000001201802231603465275483660', '00000001', 'CP000013', '00000001201801091527025933212388', '0001', '门禁4', 'MJ', 'NORMAL', 'ONLINE', null, null, null, 'fewvvev', '563434', null, '2018-02-23 16:03:46');
INSERT INTO `d_device` VALUES ('00000001201802231735414832195823', '00000001', 'CPAD0001', '00000001201802011511387564977181', '0001', '小一（1）班班牌', 'CPAD', 'NORMAL', 'ONLINE', '2018-03-22 16:00:18', null, '测试', 'bbcec88e4d1643b899baccc8931fba99', '123456', '{\"sys\":\"4.4\",\"app\":\"v0.01\"}', '2018-03-01 09:20:04');
INSERT INTO `d_device` VALUES ('00000001201802241025383245049825', '00000001', 'HPAD0001', '00000001201802011511387564977181', '0001', '希望小学校牌', 'HPAD', 'NORMAL', null, null, '13800138000', '测试', '100791', '123345', null, '2018-02-24 13:46:17');
INSERT INTO `d_device` VALUES ('00000001201802241343536831917332', '00000001', 'HPAD0002', '00000001201802011511387564977181', '0001', '实验小学校牌', 'HPAD', 'NORMAL', null, null, null, '111', '979859', '123456', null, '2018-03-12 11:05:30');
INSERT INTO `d_device` VALUES ('00000001201802261627439534138324', '00000001', '00000001', '00000001201801081535121039209950', '0001', '考勤机', 'KQ', 'NORMAL', null, null, null, null, null, '638699', null, '2018-02-26 16:27:43');
INSERT INTO `d_device` VALUES ('00000001201802271116500688847873', '00000001', '12121', '00000001201801081535121039209950', '0001', '12121', 'KQ', 'NORMAL', null, null, '13800138000', '测试22', null, '401126', null, '2018-03-12 09:45:40');
INSERT INTO `d_device` VALUES ('00000002201801151649058624650471', '00000001', 'CP0003', '00000001201801081535121039209950', '0001', '班级电子牌', 'CPAD', 'NORMAL', 'OFFLINE', null, '13800138000', '11', '12asgfswet33h43hyfdherhrejrejj', null, '{\"sys\":\"4.4\",\"app\":\"v0.01\"}', '2018-01-15 17:04:17');
INSERT INTO `d_device` VALUES ('00000003201803121109526130556267', '00000003', 'HPAD0001', '00000003201803100952190458801480', '0002', 'aaa', 'HPAD', 'NORMAL', null, null, null, '111', null, '178373', null, '2018-03-12 11:10:02');

-- ----------------------------
-- Table structure for `d_device_api`
-- ----------------------------
DROP TABLE IF EXISTS `d_device_api`;
CREATE TABLE `d_device_api` (
  `dtype` varchar(32) NOT NULL COMMENT '设备类型',
  `api` varchar(200) NOT NULL COMMENT '服务地址',
  `agroup` varchar(100) DEFAULT NULL COMMENT '地址分组名称',
  PRIMARY KEY (`dtype`,`api`)
) ENGINE=InnoDB DEFAULT CHARSET=utf8 COMMENT='设备允许请求的api地址及映射';

-- ----------------------------
-- Records of d_device_api
-- ----------------------------
INSERT INTO `d_device_api` VALUES ('CPAD', '/sv-data/data/stu/stu_paging', '基础数据');
INSERT INTO `d_device_api` VALUES ('CPAD', '/sv-data/school/get', '基础数据');
INSERT INTO `d_device_api` VALUES ('CPAD', '/sv-sys/area/weather', '系统服务');

-- ----------------------------
-- Table structure for `d_device_cpad`
-- ----------------------------
DROP TABLE IF EXISTS `d_device_cpad`;
CREATE TABLE `d_device_cpad` (
  `id` varchar(32) NOT NULL DEFAULT '' COMMENT '设备ID',
  `room_id` varchar(32) NOT NULL DEFAULT '' COMMENT '教室ID',
  `open_panel` tinyint(1) DEFAULT '0' COMMENT '是否开放控制面板(1:是/0:否)',
  PRIMARY KEY (`id`,`room_id`)
) ENGINE=InnoDB DEFAULT CHARSET=utf8;

-- ----------------------------
-- Records of d_device_cpad
-- ----------------------------
INSERT INTO `d_device_cpad` VALUES ('00000001201802231735414832195823', '00000001201802051358257259014721', '1');
INSERT INTO `d_device_cpad` VALUES ('00000002201801151649058624650471', '00000001201801041812359701991115', '1');

-- ----------------------------
-- Table structure for `d_device_hpad`
-- ----------------------------
DROP TABLE IF EXISTS `d_device_hpad`;
CREATE TABLE `d_device_hpad` (
  `id` varchar(32) NOT NULL DEFAULT '' COMMENT '设备ID',
  `open_panel` tinyint(1) DEFAULT NULL COMMENT '是否开放控制面板(1:是/0:否)',
  PRIMARY KEY (`id`)
) ENGINE=InnoDB DEFAULT CHARSET=utf8;

-- ----------------------------
-- Records of d_device_hpad
-- ----------------------------
INSERT INTO `d_device_hpad` VALUES ('00000001201802241025383245049825', '1');
INSERT INTO `d_device_hpad` VALUES ('00000001201802241343536831917332', '1');
INSERT INTO `d_device_hpad` VALUES ('00000003201803121109526130556267', '1');

-- ----------------------------
-- Table structure for `d_device_mana`
-- ----------------------------
DROP TABLE IF EXISTS `d_device_mana`;
CREATE TABLE `d_device_mana` (
  `hid` varchar(32) NOT NULL COMMENT '学校ID',
  `mana_pwd` varchar(32) DEFAULT NULL COMMENT '管理密码',
  `mana_cards` varchar(100) DEFAULT NULL COMMENT '管理卡号',
  `record_pwd` varchar(4000) DEFAULT NULL COMMENT '密码修改记录（10条）',
  PRIMARY KEY (`hid`)
) ENGINE=InnoDB DEFAULT CHARSET=utf8;

-- ----------------------------
-- Records of d_device_mana
-- ----------------------------
INSERT INTO `d_device_mana` VALUES ('00000001', '123456', '3002359163,0911652578', '{\"2018-03-14 17:33:19\":\"3333333\",\"2018-03-14 17:33:10\":\"222222222\",\"2018-03-14 17:33:06\":\"111111111\",\"2018-03-14 17:33:03\":\"222222\",\"2018-03-14 17:30:07\":\"111111\",\"2018-03-14 17:30:03\":\"33333333\",\"2018-03-14 17:29:51\":\"2222222\",\"2018-03-14 17:29:48\":\"1111111\",\"2018-03-14 17:27:03\":\"111111\",\"2018-03-14 17:23:11\":\"122222\"}');
INSERT INTO `d_device_mana` VALUES ('00000003', '222222', '3002359163,0911652578', '{\"2018-03-12 11:31:40\":\"111111\",\"2018-03-12 11:31:36\":\"555555\"}');

-- ----------------------------
-- Table structure for `d_group`
-- ----------------------------
DROP TABLE IF EXISTS `d_group`;
CREATE TABLE `d_group` (
  `id` varchar(32) NOT NULL COMMENT 'ID',
  `name` varchar(100) DEFAULT NULL COMMENT '分组名',
  `hid` varchar(32) DEFAULT NULL COMMENT '学校id',
  `ut` datetime DEFAULT NULL COMMENT '更新时间',
  PRIMARY KEY (`id`)
) ENGINE=InnoDB DEFAULT CHARSET=utf8 COMMENT='设备分组';

-- ----------------------------
-- Records of d_group
-- ----------------------------
INSERT INTO `d_group` VALUES ('00000001201801081535121039209950', '东门', '00000001', '2018-03-01 08:48:58');
INSERT INTO `d_group` VALUES ('00000001201801091527025933212388', '后门', '00000001', '2018-01-09 15:27:02');
INSERT INTO `d_group` VALUES ('00000001201802011511387564977181', '前门', '00000001', '2018-02-23 16:05:56');
INSERT INTO `d_group` VALUES ('00000001201802011522031288371625', '西门', '00000001', '2018-03-10 10:23:37');
INSERT INTO `d_group` VALUES ('00000001201803100957045205567673', '侧面', '00000001', '2018-03-10 09:57:04');
INSERT INTO `d_group` VALUES ('00000001201803101022439266128382', '东门', '00000001', '2018-03-10 10:22:43');
INSERT INTO `d_group` VALUES ('00000001201803101022511538883489', '西门', '00000001', '2018-03-10 10:22:51');
INSERT INTO `d_group` VALUES ('00000003201803100952190458801480', '前门', '00000003', '2018-03-10 09:52:19');
INSERT INTO `d_group` VALUES ('00000003201803100956437450170028', '后门', '00000003', '2018-03-10 10:22:26');

-- ----------------------------
-- Table structure for `d_supplier`
-- ----------------------------
DROP TABLE IF EXISTS `d_supplier`;
CREATE TABLE `d_supplier` (
  `id` varchar(32) NOT NULL COMMENT 'ID',
  `name` varchar(50) DEFAULT NULL COMMENT '供应商名称',
  `lman` varchar(32) DEFAULT NULL COMMENT '联系人',
  `ltel` varchar(32) DEFAULT NULL COMMENT '联系人电话',
  `addr` varchar(250) DEFAULT NULL COMMENT '地址',
  `remark` varchar(500) DEFAULT NULL COMMENT '备注',
  `ct` datetime DEFAULT NULL COMMENT '创建时间',
  `ut` datetime DEFAULT NULL COMMENT '更新时间',
  PRIMARY KEY (`id`)
) ENGINE=InnoDB DEFAULT CHARSET=utf8 COMMENT='供应商';

-- ----------------------------
-- Records of d_supplier
-- ----------------------------
INSERT INTO `d_supplier` VALUES ('0001', '英特韦特', '小王', '13112345678', '广东省中山市火炬大道', '测试', '2018-01-05 18:55:03', '2018-03-01 08:58:28');
INSERT INTO `d_supplier` VALUES ('0002', '阿里巴巴', '小李', '13112345678', '广东省中山市石岐', null, '2018-01-05 18:55:03', '2018-02-23 16:07:56');
INSERT INTO `d_supplier` VALUES ('0003', '腾讯', '小马', '0760-12345678', '深南大道', null, '2018-03-14 17:02:56', '2018-03-14 17:03:54');

-- ----------------------------
-- Table structure for `pad_sch_modules`
-- ----------------------------
DROP TABLE IF EXISTS `pad_sch_modules`;
CREATE TABLE `pad_sch_modules` (
  `hid` varchar(8) NOT NULL DEFAULT '' COMMENT '学校ID',
  `dtype` varchar(32) NOT NULL DEFAULT '' COMMENT '设备类型',
  `modules` varchar(4000) DEFAULT NULL COMMENT '模块ID组合(XX,XX,...)',
  PRIMARY KEY (`hid`,`dtype`)
) ENGINE=InnoDB DEFAULT CHARSET=utf8;

-- ----------------------------
-- Records of pad_sch_modules
-- ----------------------------

-- ----------------------------
-- Table structure for `sa`
-- ----------------------------
DROP TABLE IF EXISTS `sa`;
CREATE TABLE `sa` (
  `id` varchar(11) NOT NULL COMMENT '主键(0001~9999)',
  `name` varchar(64) NOT NULL COMMENT '名字',
  `contact` varchar(64) DEFAULT NULL COMMENT '联系人',
  `phone` varchar(32) DEFAULT NULL COMMENT '联系电话',
  `address` varchar(512) DEFAULT NULL COMMENT '详细地址',
  `contract_date` varchar(10) DEFAULT NULL COMMENT '签约日期',
  `prv_id` varchar(11) DEFAULT NULL COMMENT '地区-省份',
  `cty_id` varchar(11) DEFAULT NULL COMMENT '地区-地市',
  `twn_id` varchar(11) DEFAULT NULL COMMENT '地区-镇区',
  `is_taxpayer` tinyint(1) DEFAULT NULL COMMENT '是否为一般纳税人',
  `tax_code` varchar(64) DEFAULT NULL COMMENT '税号',
  `uname` varchar(32) DEFAULT NULL COMMENT '户名',
  `account` varchar(64) DEFAULT NULL COMMENT '账号',
  `bank` varchar(64) DEFAULT NULL COMMENT '开户行',
  `contract` varchar(200) DEFAULT NULL COMMENT '电子合同路径',
  `ut` datetime DEFAULT NULL COMMENT '更新时间',
  PRIMARY KEY (`id`),
  UNIQUE KEY `sys_sa_index_1` (`phone`) USING BTREE
) ENGINE=InnoDB DEFAULT CHARSET=utf8 COMMENT='代理商';

-- ----------------------------
-- Records of sa
-- ----------------------------
INSERT INTO `sa` VALUES ('0001', '英特韦特', 'chen', '13249374956', '火炬大道', '2018-03-14', '01', '0102', '010205', '1', null, null, null, null, null, '2018-03-23 14:02:48');
INSERT INTO `sa` VALUES ('0002', '英特韦特2', 'chentao', '13249374957', '火炬大道', null, '01', '0102', '火炬开发区', '0', null, null, null, null, null, '2017-12-27 12:00:06');
INSERT INTO `sa` VALUES ('0003', '阿里巴巴', '小云', '13800138000', '杭州', null, '02', '0202', '阿里镇', '1', null, '123', '321', '中国银行', null, '2018-02-28 09:13:42');
INSERT INTO `sa` VALUES ('0004', '1', '1', '13232323232', '1', '2018-03-14', '01', '0101', null, '1', null, null, null, null, null, '2018-03-14 11:27:02');

-- ----------------------------
-- Table structure for `sa_func`
-- ----------------------------
DROP TABLE IF EXISTS `sa_func`;
CREATE TABLE `sa_func` (
  `sa_id` varchar(32) NOT NULL DEFAULT '' COMMENT 'SA ID',
  `func_id` varchar(64) NOT NULL DEFAULT '' COMMENT '资源ID',
  PRIMARY KEY (`sa_id`,`func_id`)
) ENGINE=InnoDB DEFAULT CHARSET=utf8 COMMENT='SA-资源对应表';

-- ----------------------------
-- Records of sa_func
-- ----------------------------
INSERT INTO `sa_func` VALUES ('0001', 'P_BSI');
INSERT INTO `sa_func` VALUES ('0001', 'P_BSI_CONF');
INSERT INTO `sa_func` VALUES ('0001', 'P_BSI_MADE');
INSERT INTO `sa_func` VALUES ('0001', 'P_BSI_MSG');
INSERT INTO `sa_func` VALUES ('0001', 'P_BSI_PAY');
INSERT INTO `sa_func` VALUES ('0001', 'P_DATA');
INSERT INTO `sa_func` VALUES ('0001', 'P_DATA_BAS');
INSERT INTO `sa_func` VALUES ('0001', 'P_DATA_BAS_FAMILY');
INSERT INTO `sa_func` VALUES ('0001', 'P_DATA_BAS_FAMILY_LIST');
INSERT INTO `sa_func` VALUES ('0001', 'P_DATA_BAS_FAMILY_LIST_A');
INSERT INTO `sa_func` VALUES ('0001', 'P_DATA_BAS_FAMILY_LIST_D');
INSERT INTO `sa_func` VALUES ('0001', 'P_DATA_BAS_FAMILY_LIST_U');
INSERT INTO `sa_func` VALUES ('0001', 'P_DATA_BAS_FAMILY_LIST_V');
INSERT INTO `sa_func` VALUES ('0001', 'P_DATA_BAS_ROOM');
INSERT INTO `sa_func` VALUES ('0001', 'P_DATA_BAS_ROOM_IMP');
INSERT INTO `sa_func` VALUES ('0001', 'P_DATA_BAS_ROOM_LIST');
INSERT INTO `sa_func` VALUES ('0001', 'P_DATA_BAS_ROOM_LIST_A');
INSERT INTO `sa_func` VALUES ('0001', 'P_DATA_BAS_ROOM_LIST_D');
INSERT INTO `sa_func` VALUES ('0001', 'P_DATA_BAS_ROOM_LIST_U');
INSERT INTO `sa_func` VALUES ('0001', 'P_DATA_BAS_SCHOOL');
INSERT INTO `sa_func` VALUES ('0001', 'P_DATA_BAS_SCHOOL_CLASS');
INSERT INTO `sa_func` VALUES ('0001', 'P_DATA_BAS_SCHOOL_CLASS_A');
INSERT INTO `sa_func` VALUES ('0001', 'P_DATA_BAS_SCHOOL_CLASS_BATCH_A');
INSERT INTO `sa_func` VALUES ('0001', 'P_DATA_BAS_SCHOOL_CLASS_D');
INSERT INTO `sa_func` VALUES ('0001', 'P_DATA_BAS_SCHOOL_CLASS_U');
INSERT INTO `sa_func` VALUES ('0001', 'P_DATA_BAS_SCHOOL_GRADE');
INSERT INTO `sa_func` VALUES ('0001', 'P_DATA_BAS_SCHOOL_GRADE_A');
INSERT INTO `sa_func` VALUES ('0001', 'P_DATA_BAS_SCHOOL_GRADE_BATCH_UP');
INSERT INTO `sa_func` VALUES ('0001', 'P_DATA_BAS_SCHOOL_GRADE_D');
INSERT INTO `sa_func` VALUES ('0001', 'P_DATA_BAS_SCHOOL_GRADE_U');
INSERT INTO `sa_func` VALUES ('0001', 'P_DATA_BAS_SCHOOL_SCHOOL');
INSERT INTO `sa_func` VALUES ('0001', 'P_DATA_BAS_SCHOOL_SCHOOL_A');
INSERT INTO `sa_func` VALUES ('0001', 'P_DATA_BAS_SCHOOL_SCHOOL_D');
INSERT INTO `sa_func` VALUES ('0001', 'P_DATA_BAS_SCHOOL_SCHOOL_U');
INSERT INTO `sa_func` VALUES ('0001', 'P_DATA_BAS_STUDENT');
INSERT INTO `sa_func` VALUES ('0001', 'P_DATA_BAS_STUDENT_LIST');
INSERT INTO `sa_func` VALUES ('0001', 'P_DATA_BAS_STUDENT_LIST_A');
INSERT INTO `sa_func` VALUES ('0001', 'P_DATA_BAS_STUDENT_LIST_D');
INSERT INTO `sa_func` VALUES ('0001', 'P_DATA_BAS_STUDENT_LIST_U');
INSERT INTO `sa_func` VALUES ('0001', 'P_DATA_BAS_STUDENT_LIST_V');
INSERT INTO `sa_func` VALUES ('0001', 'P_DATA_BAS_TEACHER');
INSERT INTO `sa_func` VALUES ('0001', 'P_DATA_BAS_TEACHER_LIST');
INSERT INTO `sa_func` VALUES ('0001', 'P_DATA_BAS_TEACHER_LIST_A');
INSERT INTO `sa_func` VALUES ('0001', 'P_DATA_BAS_TEACHER_LIST_D');
INSERT INTO `sa_func` VALUES ('0001', 'P_DATA_BAS_TEACHER_LIST_U');
INSERT INTO `sa_func` VALUES ('0001', 'P_DATA_BAS_TEACHER_LIST_v');
INSERT INTO `sa_func` VALUES ('0001', 'P_DATA_BAS_TEACHER_ROLE');
INSERT INTO `sa_func` VALUES ('0001', 'P_DATA_BAS_TEACHER_ROLE_A');
INSERT INTO `sa_func` VALUES ('0001', 'P_DATA_BAS_TEACHER_ROLE_D');
INSERT INTO `sa_func` VALUES ('0001', 'P_DATA_BAS_TEACHER_ROLE_V');
INSERT INTO `sa_func` VALUES ('0001', 'P_DATA_CARD');
INSERT INTO `sa_func` VALUES ('0001', 'P_DATA_CARD_CARD');
INSERT INTO `sa_func` VALUES ('0001', 'P_DATA_PHOTO');
INSERT INTO `sa_func` VALUES ('0001', 'P_DATA_PHOTO_IMP');
INSERT INTO `sa_func` VALUES ('0001', 'P_DEVICE');
INSERT INTO `sa_func` VALUES ('0001', 'P_DEVICE_APP');
INSERT INTO `sa_func` VALUES ('0001', 'P_DEVICE_APP_APP');
INSERT INTO `sa_func` VALUES ('0001', 'P_DEVICE_APP_APP_LIST');
INSERT INTO `sa_func` VALUES ('0001', 'P_DEVICE_APP_APP_LIST_A');
INSERT INTO `sa_func` VALUES ('0001', 'P_DEVICE_APP_APP_LIST_D');
INSERT INTO `sa_func` VALUES ('0001', 'P_DEVICE_APP_APP_LIST_V');
INSERT INTO `sa_func` VALUES ('0001', 'P_DEVICE_DEVICE');
INSERT INTO `sa_func` VALUES ('0001', 'P_DEVICE_DEVICE_CPAD');
INSERT INTO `sa_func` VALUES ('0001', 'P_DEVICE_DEVICE_CPAD_LIST');
INSERT INTO `sa_func` VALUES ('0001', 'P_DEVICE_DEVICE_CPAD_LIST_A');
INSERT INTO `sa_func` VALUES ('0001', 'P_DEVICE_DEVICE_CPAD_LIST_D');
INSERT INTO `sa_func` VALUES ('0001', 'P_DEVICE_DEVICE_CPAD_LIST_U');
INSERT INTO `sa_func` VALUES ('0001', 'P_DEVICE_DEVICE_CPAD_LIST_V');
INSERT INTO `sa_func` VALUES ('0001', 'P_DEVICE_DEVICE_CPAD_MANA');
INSERT INTO `sa_func` VALUES ('0001', 'P_DEVICE_DEVICE_CPAD_MANA_U');
INSERT INTO `sa_func` VALUES ('0001', 'P_DEVICE_DEVICE_DEV');
INSERT INTO `sa_func` VALUES ('0001', 'P_DEVICE_DEVICE_DEV_GROUP');
INSERT INTO `sa_func` VALUES ('0001', 'P_DEVICE_DEVICE_DEV_GROUP_A');
INSERT INTO `sa_func` VALUES ('0001', 'P_DEVICE_DEVICE_DEV_GROUP_D');
INSERT INTO `sa_func` VALUES ('0001', 'P_DEVICE_DEVICE_DEV_GROUP_U');
INSERT INTO `sa_func` VALUES ('0001', 'P_DEVICE_DEVICE_DEV_LIST');
INSERT INTO `sa_func` VALUES ('0001', 'P_DEVICE_DEVICE_DEV_LIST_A');
INSERT INTO `sa_func` VALUES ('0001', 'P_DEVICE_DEVICE_DEV_LIST_D');
INSERT INTO `sa_func` VALUES ('0001', 'P_DEVICE_DEVICE_DEV_LIST_U');
INSERT INTO `sa_func` VALUES ('0001', 'P_DEVICE_DEVICE_DEV_LIST_V');
INSERT INTO `sa_func` VALUES ('0001', 'P_DEVICE_DEVICE_DEV_SUP');
INSERT INTO `sa_func` VALUES ('0001', 'P_DEVICE_DEVICE_DEV_SUP_A');
INSERT INTO `sa_func` VALUES ('0001', 'P_DEVICE_DEVICE_DEV_SUP_D');
INSERT INTO `sa_func` VALUES ('0001', 'P_DEVICE_DEVICE_DEV_SUP_U');
INSERT INTO `sa_func` VALUES ('0001', 'P_DEVICE_DEVICE_HPAD');
INSERT INTO `sa_func` VALUES ('0001', 'P_DEVICE_DEVICE_HPAD_LIST');
INSERT INTO `sa_func` VALUES ('0001', 'P_DEVICE_DEVICE_HPAD_LIST_A');
INSERT INTO `sa_func` VALUES ('0001', 'P_DEVICE_DEVICE_HPAD_LIST_D');
INSERT INTO `sa_func` VALUES ('0001', 'P_DEVICE_DEVICE_HPAD_LIST_U');
INSERT INTO `sa_func` VALUES ('0001', 'P_DEVICE_DEVICE_HPAD_LIST_V');
INSERT INTO `sa_func` VALUES ('0001', 'P_SYS');
INSERT INTO `sa_func` VALUES ('0001', 'P_SYS_AREA');
INSERT INTO `sa_func` VALUES ('0001', 'P_SYS_AREA_AREA');
INSERT INTO `sa_func` VALUES ('0001', 'P_SYS_AREA_AREA_AREA');
INSERT INTO `sa_func` VALUES ('0001', 'P_SYS_KF');
INSERT INTO `sa_func` VALUES ('0001', 'P_SYS_KF_FAULT');
INSERT INTO `sa_func` VALUES ('0001', 'P_SYS_KF_WHELP');
INSERT INTO `sa_func` VALUES ('0001', 'P_SYS_KF_WUSER');
INSERT INTO `sa_func` VALUES ('0001', 'P_SYS_LOGGER');
INSERT INTO `sa_func` VALUES ('0001', 'P_SYS_LOGGER_EDU');
INSERT INTO `sa_func` VALUES ('0001', 'P_SYS_LOGGER_IMP');
INSERT INTO `sa_func` VALUES ('0001', 'P_SYS_SA');
INSERT INTO `sa_func` VALUES ('0001', 'P_SYS_SA_ROLE');
INSERT INTO `sa_func` VALUES ('0001', 'P_SYS_SA_ROLE_ROLE');
INSERT INTO `sa_func` VALUES ('0001', 'P_SYS_SA_ROLE_ROLE_A');
INSERT INTO `sa_func` VALUES ('0001', 'P_SYS_SA_ROLE_ROLE_D');
INSERT INTO `sa_func` VALUES ('0001', 'P_SYS_SA_ROLE_ROLE_F');
INSERT INTO `sa_func` VALUES ('0001', 'P_SYS_SA_ROLE_ROLE_U');
INSERT INTO `sa_func` VALUES ('0001', 'P_SYS_SA_SA');
INSERT INTO `sa_func` VALUES ('0001', 'P_SYS_SA_SA_SA');
INSERT INTO `sa_func` VALUES ('0001', 'P_SYS_SA_SA_SA_A');
INSERT INTO `sa_func` VALUES ('0001', 'P_SYS_SA_SA_SA_D');
INSERT INTO `sa_func` VALUES ('0001', 'P_SYS_SA_SA_SA_F');
INSERT INTO `sa_func` VALUES ('0001', 'P_SYS_SA_SA_SA_U');
INSERT INTO `sa_func` VALUES ('0001', 'P_SYS_SA_SA_SA_V');
INSERT INTO `sa_func` VALUES ('0001', 'P_SYS_SA_USER');
INSERT INTO `sa_func` VALUES ('0001', 'P_SYS_SA_USER_USER');
INSERT INTO `sa_func` VALUES ('0001', 'P_SYS_SA_USER_USER_A');
INSERT INTO `sa_func` VALUES ('0001', 'P_SYS_SA_USER_USER_S');
INSERT INTO `sa_func` VALUES ('0001', 'P_SYS_SA_USER_USER_U');
INSERT INTO `sa_func` VALUES ('0001', 'P_SYS_SA_USER_USER_v');
INSERT INTO `sa_func` VALUES ('0001', 'P_SYS_WS');
INSERT INTO `sa_func` VALUES ('0001', 'P_SYS_WS_ACC');
INSERT INTO `sa_func` VALUES ('0001', 'P_SYS_WS_ACC_ACC');
INSERT INTO `sa_func` VALUES ('0001', 'P_SYS_WS_ACC_ACC_A');
INSERT INTO `sa_func` VALUES ('0001', 'P_SYS_WS_ACC_ACC_D');
INSERT INTO `sa_func` VALUES ('0001', 'P_SYS_WS_ACC_ACC_SA');
INSERT INTO `sa_func` VALUES ('0001', 'P_SYS_WS_ACC_ACC_SCHOOL');
INSERT INTO `sa_func` VALUES ('0001', 'P_SYS_WS_ACC_ACC_SERVICE');
INSERT INTO `sa_func` VALUES ('0001', 'P_SYS_WS_ACC_ACC_U');
INSERT INTO `sa_func` VALUES ('0001', 'P_SYS_WS_SERVICE');
INSERT INTO `sa_func` VALUES ('0001', 'P_SYS_WS_SERVICE_SERVICE');
INSERT INTO `sa_func` VALUES ('0001', 'P_SYS_WX');
INSERT INTO `sa_func` VALUES ('0001', 'P_SYS_WX_WXAPP');
INSERT INTO `sa_func` VALUES ('0001', 'P_SYS_WX_WXAPP_APP');
INSERT INTO `sa_func` VALUES ('0001', 'P_SYS_WX_WXAPP_APP_A');
INSERT INTO `sa_func` VALUES ('0001', 'P_SYS_WX_WXAPP_APP_D');
INSERT INTO `sa_func` VALUES ('0001', 'P_SYS_WX_WXAPP_APP_M');
INSERT INTO `sa_func` VALUES ('0001', 'P_SYS_WX_WXAPP_APP_U');
INSERT INTO `sa_func` VALUES ('0001', 'P_SYS_WX_WXAPP_APP_V');
INSERT INTO `sa_func` VALUES ('0001', 'P_SYS_WX_WXAPP_TMP');
INSERT INTO `sa_func` VALUES ('0001', 'P_SYS_WX_WXAPP_TMP_A');
INSERT INTO `sa_func` VALUES ('0001', 'P_SYS_WX_WXAPP_TMP_D');
INSERT INTO `sa_func` VALUES ('0001', 'P_SYS_WX_WXAPP_TMP_U');
INSERT INTO `sa_func` VALUES ('0001', 'P_SYS_WX_WXAPP_TMP_V');
INSERT INTO `sa_func` VALUES ('0001', 'P_USE');
INSERT INTO `sa_func` VALUES ('0001', 'P_USE_KMFORM');
INSERT INTO `sa_func` VALUES ('0001', 'P_USE_KMFORM_KQDT');
INSERT INTO `sa_func` VALUES ('0001', 'P_USE_KMFORM_KQST');
INSERT INTO `sa_func` VALUES ('0001', 'P_USE_KMFORM_MJRC');
INSERT INTO `sa_func` VALUES ('0001', 'P_USE_KMSET');
INSERT INTO `sa_func` VALUES ('0001', 'P_USE_KMSET_KQTIME');
INSERT INTO `sa_func` VALUES ('0001', 'P_USE_KMSET_MJTIME');
INSERT INTO `sa_func` VALUES ('0001', 'P_USE_QQ');
INSERT INTO `sa_func` VALUES ('0001', 'P_USE_QQ_FORM');
INSERT INTO `sa_func` VALUES ('0001', 'P_USE_QQ_USER');
INSERT INTO `sa_func` VALUES ('0002', 'P_BSI');
INSERT INTO `sa_func` VALUES ('0002', 'P_BSI_CONF');
INSERT INTO `sa_func` VALUES ('0002', 'P_BSI_MADE');
INSERT INTO `sa_func` VALUES ('0002', 'P_BSI_MSG');
INSERT INTO `sa_func` VALUES ('0002', 'P_BSI_PAY');
INSERT INTO `sa_func` VALUES ('0002', 'P_DATA');
INSERT INTO `sa_func` VALUES ('0002', 'P_DATA_BAS');
INSERT INTO `sa_func` VALUES ('0002', 'P_DATA_BAS_FAMILY');
INSERT INTO `sa_func` VALUES ('0002', 'P_DATA_BAS_FAMILY_LIST');
INSERT INTO `sa_func` VALUES ('0002', 'P_DATA_BAS_FAMILY_LIST_A');
INSERT INTO `sa_func` VALUES ('0002', 'P_DATA_BAS_FAMILY_LIST_D');
INSERT INTO `sa_func` VALUES ('0002', 'P_DATA_BAS_FAMILY_LIST_U');
INSERT INTO `sa_func` VALUES ('0002', 'P_DATA_BAS_ROOM');
INSERT INTO `sa_func` VALUES ('0002', 'P_DATA_BAS_ROOM_IMP');
INSERT INTO `sa_func` VALUES ('0002', 'P_DATA_BAS_ROOM_LIST');
INSERT INTO `sa_func` VALUES ('0002', 'P_DATA_BAS_ROOM_LIST_A');
INSERT INTO `sa_func` VALUES ('0002', 'P_DATA_BAS_ROOM_LIST_D');
INSERT INTO `sa_func` VALUES ('0002', 'P_DATA_BAS_ROOM_LIST_U');
INSERT INTO `sa_func` VALUES ('0002', 'P_DATA_BAS_SCHOOL');
INSERT INTO `sa_func` VALUES ('0002', 'P_DATA_BAS_SCHOOL_CLASS');
INSERT INTO `sa_func` VALUES ('0002', 'P_DATA_BAS_SCHOOL_CLASS_A');
INSERT INTO `sa_func` VALUES ('0002', 'P_DATA_BAS_SCHOOL_CLASS_BATCH_A');
INSERT INTO `sa_func` VALUES ('0002', 'P_DATA_BAS_SCHOOL_CLASS_D');
INSERT INTO `sa_func` VALUES ('0002', 'P_DATA_BAS_SCHOOL_CLASS_U');
INSERT INTO `sa_func` VALUES ('0002', 'P_DATA_BAS_SCHOOL_GRADE');
INSERT INTO `sa_func` VALUES ('0002', 'P_DATA_BAS_SCHOOL_GRADE_A');
INSERT INTO `sa_func` VALUES ('0002', 'P_DATA_BAS_SCHOOL_GRADE_BATCH_UP');
INSERT INTO `sa_func` VALUES ('0002', 'P_DATA_BAS_SCHOOL_GRADE_D');
INSERT INTO `sa_func` VALUES ('0002', 'P_DATA_BAS_SCHOOL_GRADE_U');
INSERT INTO `sa_func` VALUES ('0002', 'P_DATA_BAS_SCHOOL_SCHOOL');
INSERT INTO `sa_func` VALUES ('0002', 'P_DATA_BAS_SCHOOL_SCHOOL_A');
INSERT INTO `sa_func` VALUES ('0002', 'P_DATA_BAS_SCHOOL_SCHOOL_D');
INSERT INTO `sa_func` VALUES ('0002', 'P_DATA_BAS_SCHOOL_SCHOOL_U');
INSERT INTO `sa_func` VALUES ('0002', 'P_DATA_BAS_STUDENT');
INSERT INTO `sa_func` VALUES ('0002', 'P_DATA_BAS_STUDENT_LIST');
INSERT INTO `sa_func` VALUES ('0002', 'P_DATA_BAS_STUDENT_LIST_A');
INSERT INTO `sa_func` VALUES ('0002', 'P_DATA_BAS_STUDENT_LIST_D');
INSERT INTO `sa_func` VALUES ('0002', 'P_DATA_BAS_STUDENT_LIST_U');
INSERT INTO `sa_func` VALUES ('0002', 'P_DATA_BAS_TEACHER');
INSERT INTO `sa_func` VALUES ('0002', 'P_DATA_BAS_TEACHER_LIST');
INSERT INTO `sa_func` VALUES ('0002', 'P_DATA_BAS_TEACHER_ROLE');
INSERT INTO `sa_func` VALUES ('0002', 'P_DATA_BAS_TEACHER_ROLE_A');
INSERT INTO `sa_func` VALUES ('0002', 'P_DATA_BAS_TEACHER_ROLE_D');
INSERT INTO `sa_func` VALUES ('0002', 'P_DATA_BAS_TEACHER_ROLE_V');
INSERT INTO `sa_func` VALUES ('0002', 'P_DATA_CARD');
INSERT INTO `sa_func` VALUES ('0002', 'P_DATA_CARD_CARD');
INSERT INTO `sa_func` VALUES ('0002', 'P_DATA_PHOTO');
INSERT INTO `sa_func` VALUES ('0002', 'P_DATA_PHOTO_IMP');
INSERT INTO `sa_func` VALUES ('0002', 'P_DEVICE');
INSERT INTO `sa_func` VALUES ('0002', 'P_DEVICE_APP');
INSERT INTO `sa_func` VALUES ('0002', 'P_DEVICE_APP_APP');
INSERT INTO `sa_func` VALUES ('0002', 'P_DEVICE_APP_APP_LIST');
INSERT INTO `sa_func` VALUES ('0002', 'P_DEVICE_APP_APP_LIST_A');
INSERT INTO `sa_func` VALUES ('0002', 'P_DEVICE_APP_APP_LIST_D');
INSERT INTO `sa_func` VALUES ('0002', 'P_DEVICE_APP_APP_LIST_V');
INSERT INTO `sa_func` VALUES ('0002', 'P_DEVICE_DEVICE');
INSERT INTO `sa_func` VALUES ('0002', 'P_DEVICE_DEVICE_CPAD');
INSERT INTO `sa_func` VALUES ('0002', 'P_DEVICE_DEVICE_CPAD_LIST');
INSERT INTO `sa_func` VALUES ('0002', 'P_DEVICE_DEVICE_CPAD_LIST_A');
INSERT INTO `sa_func` VALUES ('0002', 'P_DEVICE_DEVICE_CPAD_LIST_D');
INSERT INTO `sa_func` VALUES ('0002', 'P_DEVICE_DEVICE_CPAD_LIST_U');
INSERT INTO `sa_func` VALUES ('0002', 'P_DEVICE_DEVICE_CPAD_LIST_V');
INSERT INTO `sa_func` VALUES ('0002', 'P_DEVICE_DEVICE_CPAD_MANA');
INSERT INTO `sa_func` VALUES ('0002', 'P_DEVICE_DEVICE_CPAD_MANA_U');
INSERT INTO `sa_func` VALUES ('0002', 'P_DEVICE_DEVICE_DEV');
INSERT INTO `sa_func` VALUES ('0002', 'P_DEVICE_DEVICE_DEV_GROUP');
INSERT INTO `sa_func` VALUES ('0002', 'P_DEVICE_DEVICE_DEV_GROUP_A');
INSERT INTO `sa_func` VALUES ('0002', 'P_DEVICE_DEVICE_DEV_GROUP_D');
INSERT INTO `sa_func` VALUES ('0002', 'P_DEVICE_DEVICE_DEV_GROUP_U');
INSERT INTO `sa_func` VALUES ('0002', 'P_DEVICE_DEVICE_DEV_LIST');
INSERT INTO `sa_func` VALUES ('0002', 'P_DEVICE_DEVICE_DEV_LIST_A');
INSERT INTO `sa_func` VALUES ('0002', 'P_DEVICE_DEVICE_DEV_LIST_D');
INSERT INTO `sa_func` VALUES ('0002', 'P_DEVICE_DEVICE_DEV_LIST_U');
INSERT INTO `sa_func` VALUES ('0002', 'P_DEVICE_DEVICE_DEV_LIST_V');
INSERT INTO `sa_func` VALUES ('0002', 'P_DEVICE_DEVICE_DEV_SUP');
INSERT INTO `sa_func` VALUES ('0002', 'P_DEVICE_DEVICE_DEV_SUP_A');
INSERT INTO `sa_func` VALUES ('0002', 'P_DEVICE_DEVICE_DEV_SUP_D');
INSERT INTO `sa_func` VALUES ('0002', 'P_DEVICE_DEVICE_DEV_SUP_U');
INSERT INTO `sa_func` VALUES ('0002', 'P_DEVICE_DEVICE_HPAD');
INSERT INTO `sa_func` VALUES ('0002', 'P_DEVICE_DEVICE_HPAD_LIST');
INSERT INTO `sa_func` VALUES ('0002', 'P_DEVICE_DEVICE_HPAD_LIST_A');
INSERT INTO `sa_func` VALUES ('0002', 'P_DEVICE_DEVICE_HPAD_LIST_U');
INSERT INTO `sa_func` VALUES ('0002', 'P_DEVICE_DEVICE_HPAD_LIST_V');
INSERT INTO `sa_func` VALUES ('0002', 'P_DEVICE_DEVICE_HPAD_MANA');
INSERT INTO `sa_func` VALUES ('0002', 'P_DEVICE_DEVICE_HPAD_MANA_U');
INSERT INTO `sa_func` VALUES ('0002', 'P_SYS');
INSERT INTO `sa_func` VALUES ('0002', 'P_SYS_AREA');
INSERT INTO `sa_func` VALUES ('0002', 'P_SYS_AREA_AREA');
INSERT INTO `sa_func` VALUES ('0002', 'P_SYS_AREA_AREA_AREA');
INSERT INTO `sa_func` VALUES ('0002', 'P_SYS_KF');
INSERT INTO `sa_func` VALUES ('0002', 'P_SYS_KF_FAULT');
INSERT INTO `sa_func` VALUES ('0002', 'P_SYS_KF_WHELP');
INSERT INTO `sa_func` VALUES ('0002', 'P_SYS_KF_WUSER');
INSERT INTO `sa_func` VALUES ('0002', 'P_SYS_LOGGER');
INSERT INTO `sa_func` VALUES ('0002', 'P_SYS_LOGGER_EDU');
INSERT INTO `sa_func` VALUES ('0002', 'P_SYS_LOGGER_IMP');
INSERT INTO `sa_func` VALUES ('0002', 'P_SYS_SA');
INSERT INTO `sa_func` VALUES ('0002', 'P_SYS_SA_ROLE');
INSERT INTO `sa_func` VALUES ('0002', 'P_SYS_SA_ROLE_ROLE');
INSERT INTO `sa_func` VALUES ('0002', 'P_SYS_SA_SA');
INSERT INTO `sa_func` VALUES ('0002', 'P_SYS_SA_SA_SA');
INSERT INTO `sa_func` VALUES ('0002', 'P_SYS_SA_USER');
INSERT INTO `sa_func` VALUES ('0002', 'P_SYS_SA_USER_USER');
INSERT INTO `sa_func` VALUES ('0002', 'P_SYS_WS');
INSERT INTO `sa_func` VALUES ('0002', 'P_SYS_WS_ACC');
INSERT INTO `sa_func` VALUES ('0002', 'P_SYS_WS_ACC_ACC');
INSERT INTO `sa_func` VALUES ('0002', 'P_SYS_WS_ACC_ACC_A');
INSERT INTO `sa_func` VALUES ('0002', 'P_SYS_WS_ACC_ACC_D');
INSERT INTO `sa_func` VALUES ('0002', 'P_SYS_WS_ACC_ACC_SA');
INSERT INTO `sa_func` VALUES ('0002', 'P_SYS_WS_ACC_ACC_SCHOOL');
INSERT INTO `sa_func` VALUES ('0002', 'P_SYS_WS_ACC_ACC_SERVICE');
INSERT INTO `sa_func` VALUES ('0002', 'P_SYS_WS_ACC_ACC_U');
INSERT INTO `sa_func` VALUES ('0002', 'P_SYS_WS_SERVICE');
INSERT INTO `sa_func` VALUES ('0002', 'P_SYS_WS_SERVICE_SERVICE');
INSERT INTO `sa_func` VALUES ('0002', 'P_SYS_WX');
INSERT INTO `sa_func` VALUES ('0002', 'P_SYS_WX_WXAPP');
INSERT INTO `sa_func` VALUES ('0002', 'P_SYS_WX_WXAPP_APP');
INSERT INTO `sa_func` VALUES ('0002', 'P_SYS_WX_WXAPP_APP_A');
INSERT INTO `sa_func` VALUES ('0002', 'P_SYS_WX_WXAPP_APP_D');
INSERT INTO `sa_func` VALUES ('0002', 'P_SYS_WX_WXAPP_APP_M');
INSERT INTO `sa_func` VALUES ('0002', 'P_SYS_WX_WXAPP_APP_U');
INSERT INTO `sa_func` VALUES ('0002', 'P_SYS_WX_WXAPP_APP_V');
INSERT INTO `sa_func` VALUES ('0002', 'P_SYS_WX_WXAPP_TMP');
INSERT INTO `sa_func` VALUES ('0002', 'P_SYS_WX_WXAPP_TMP_A');
INSERT INTO `sa_func` VALUES ('0002', 'P_SYS_WX_WXAPP_TMP_D');
INSERT INTO `sa_func` VALUES ('0002', 'P_SYS_WX_WXAPP_TMP_U');
INSERT INTO `sa_func` VALUES ('0002', 'P_SYS_WX_WXAPP_TMP_V');

-- ----------------------------
-- Table structure for `sa_role`
-- ----------------------------
DROP TABLE IF EXISTS `sa_role`;
CREATE TABLE `sa_role` (
  `id` varchar(32) NOT NULL COMMENT '角色ID',
  `name` varchar(64) DEFAULT NULL COMMENT '角色姓名',
  `sa_id` varchar(32) DEFAULT NULL COMMENT '所属 SA ID',
  `ut` datetime DEFAULT NULL COMMENT '更新时间',
  PRIMARY KEY (`id`),
  KEY `inx_sa` (`sa_id`) USING BTREE
) ENGINE=InnoDB DEFAULT CHARSET=utf8 COMMENT='管理平台-角色表';

-- ----------------------------
-- Records of sa_role
-- ----------------------------
INSERT INTO `sa_role` VALUES ('00012017082110441039037076102478', '管理员', '0001', '2017-08-18 09:39:41');
INSERT INTO `sa_role` VALUES ('00012017082110444927164620550637', '总经理', '0001', '2017-08-18 09:39:41');
INSERT INTO `sa_role` VALUES ('00012018031313445029100068184245', '11', '0001', '2018-03-22 16:05:22');
INSERT INTO `sa_role` VALUES ('00012018031314062264388504688743', '222', '0001', '2018-03-13 14:06:22');
INSERT INTO `sa_role` VALUES ('00022017092016130976747808473046', '管理员', '0002', '2017-09-20 16:13:09');
INSERT INTO `sa_role` VALUES ('00022018022816134311643278443774', '员工', '0002', '2018-03-13 13:05:38');
INSERT INTO `sa_role` VALUES ('00032018010410150465530164779029', '员工', '0003', '2018-01-04 14:47:53');

-- ----------------------------
-- Table structure for `sa_role_func`
-- ----------------------------
DROP TABLE IF EXISTS `sa_role_func`;
CREATE TABLE `sa_role_func` (
  `role_id` varchar(32) NOT NULL COMMENT '角色ID',
  `func_id` varchar(64) NOT NULL COMMENT '资源id',
  PRIMARY KEY (`role_id`,`func_id`)
) ENGINE=InnoDB DEFAULT CHARSET=utf8 COMMENT='角色-资源对应表';

-- ----------------------------
-- Records of sa_role_func
-- ----------------------------
INSERT INTO `sa_role_func` VALUES ('00012017082110441039037076102478', 'P_BSI');
INSERT INTO `sa_role_func` VALUES ('00012017082110441039037076102478', 'P_BSI_CONF');
INSERT INTO `sa_role_func` VALUES ('00012017082110441039037076102478', 'P_BSI_MADE');
INSERT INTO `sa_role_func` VALUES ('00012017082110441039037076102478', 'P_BSI_MSG');
INSERT INTO `sa_role_func` VALUES ('00012017082110441039037076102478', 'P_BSI_PAY');
INSERT INTO `sa_role_func` VALUES ('00012017082110441039037076102478', 'P_DATA');
INSERT INTO `sa_role_func` VALUES ('00012017082110441039037076102478', 'P_DATA_BAS');
INSERT INTO `sa_role_func` VALUES ('00012017082110441039037076102478', 'P_DATA_BAS_FAMILY');
INSERT INTO `sa_role_func` VALUES ('00012017082110441039037076102478', 'P_DATA_BAS_FAMILY_LIST');
INSERT INTO `sa_role_func` VALUES ('00012017082110441039037076102478', 'P_DATA_BAS_FAMILY_LIST_D');
INSERT INTO `sa_role_func` VALUES ('00012017082110441039037076102478', 'P_DATA_BAS_FAMILY_LIST_U');
INSERT INTO `sa_role_func` VALUES ('00012017082110441039037076102478', 'P_DATA_BAS_FAMILY_LIST_V');
INSERT INTO `sa_role_func` VALUES ('00012017082110441039037076102478', 'P_DATA_BAS_ROOM');
INSERT INTO `sa_role_func` VALUES ('00012017082110441039037076102478', 'P_DATA_BAS_ROOM_IMP');
INSERT INTO `sa_role_func` VALUES ('00012017082110441039037076102478', 'P_DATA_BAS_ROOM_LIST');
INSERT INTO `sa_role_func` VALUES ('00012017082110441039037076102478', 'P_DATA_BAS_ROOM_LIST_A');
INSERT INTO `sa_role_func` VALUES ('00012017082110441039037076102478', 'P_DATA_BAS_ROOM_LIST_D');
INSERT INTO `sa_role_func` VALUES ('00012017082110441039037076102478', 'P_DATA_BAS_ROOM_LIST_U');
INSERT INTO `sa_role_func` VALUES ('00012017082110441039037076102478', 'P_DATA_BAS_SCHOOL');
INSERT INTO `sa_role_func` VALUES ('00012017082110441039037076102478', 'P_DATA_BAS_SCHOOL_CLASS');
INSERT INTO `sa_role_func` VALUES ('00012017082110441039037076102478', 'P_DATA_BAS_SCHOOL_CLASS_A');
INSERT INTO `sa_role_func` VALUES ('00012017082110441039037076102478', 'P_DATA_BAS_SCHOOL_CLASS_BATCH_A');
INSERT INTO `sa_role_func` VALUES ('00012017082110441039037076102478', 'P_DATA_BAS_SCHOOL_CLASS_D');
INSERT INTO `sa_role_func` VALUES ('00012017082110441039037076102478', 'P_DATA_BAS_SCHOOL_CLASS_U');
INSERT INTO `sa_role_func` VALUES ('00012017082110441039037076102478', 'P_DATA_BAS_SCHOOL_GRADE');
INSERT INTO `sa_role_func` VALUES ('00012017082110441039037076102478', 'P_DATA_BAS_SCHOOL_GRADE_A');
INSERT INTO `sa_role_func` VALUES ('00012017082110441039037076102478', 'P_DATA_BAS_SCHOOL_GRADE_BATCH_UP');
INSERT INTO `sa_role_func` VALUES ('00012017082110441039037076102478', 'P_DATA_BAS_SCHOOL_GRADE_D');
INSERT INTO `sa_role_func` VALUES ('00012017082110441039037076102478', 'P_DATA_BAS_SCHOOL_GRADE_U');
INSERT INTO `sa_role_func` VALUES ('00012017082110441039037076102478', 'P_DATA_BAS_SCHOOL_SCHOOL');
INSERT INTO `sa_role_func` VALUES ('00012017082110441039037076102478', 'P_DATA_BAS_SCHOOL_SCHOOL_A');
INSERT INTO `sa_role_func` VALUES ('00012017082110441039037076102478', 'P_DATA_BAS_SCHOOL_SCHOOL_D');
INSERT INTO `sa_role_func` VALUES ('00012017082110441039037076102478', 'P_DATA_BAS_SCHOOL_SCHOOL_U');
INSERT INTO `sa_role_func` VALUES ('00012017082110441039037076102478', 'P_DATA_BAS_STUDENT');
INSERT INTO `sa_role_func` VALUES ('00012017082110441039037076102478', 'P_DATA_BAS_STUDENT_LIST');
INSERT INTO `sa_role_func` VALUES ('00012017082110441039037076102478', 'P_DATA_BAS_STUDENT_LIST_A');
INSERT INTO `sa_role_func` VALUES ('00012017082110441039037076102478', 'P_DATA_BAS_STUDENT_LIST_D');
INSERT INTO `sa_role_func` VALUES ('00012017082110441039037076102478', 'P_DATA_BAS_STUDENT_LIST_U');
INSERT INTO `sa_role_func` VALUES ('00012017082110441039037076102478', 'P_DATA_BAS_STUDENT_LIST_V');
INSERT INTO `sa_role_func` VALUES ('00012017082110441039037076102478', 'P_DATA_BAS_TEACHER');
INSERT INTO `sa_role_func` VALUES ('00012017082110441039037076102478', 'P_DATA_BAS_TEACHER_LIST');
INSERT INTO `sa_role_func` VALUES ('00012017082110441039037076102478', 'P_DATA_BAS_TEACHER_LIST_A');
INSERT INTO `sa_role_func` VALUES ('00012017082110441039037076102478', 'P_DATA_BAS_TEACHER_LIST_D');
INSERT INTO `sa_role_func` VALUES ('00012017082110441039037076102478', 'P_DATA_BAS_TEACHER_LIST_U');
INSERT INTO `sa_role_func` VALUES ('00012017082110441039037076102478', 'P_DATA_BAS_TEACHER_LIST_v');
INSERT INTO `sa_role_func` VALUES ('00012017082110441039037076102478', 'P_DATA_BAS_TEACHER_ROLE');
INSERT INTO `sa_role_func` VALUES ('00012017082110441039037076102478', 'P_DATA_BAS_TEACHER_ROLE_A');
INSERT INTO `sa_role_func` VALUES ('00012017082110441039037076102478', 'P_DATA_BAS_TEACHER_ROLE_D');
INSERT INTO `sa_role_func` VALUES ('00012017082110441039037076102478', 'P_DATA_BAS_TEACHER_ROLE_V');
INSERT INTO `sa_role_func` VALUES ('00012017082110441039037076102478', 'P_DATA_CARD');
INSERT INTO `sa_role_func` VALUES ('00012017082110441039037076102478', 'P_DATA_CARD_CARD');
INSERT INTO `sa_role_func` VALUES ('00012017082110441039037076102478', 'P_DATA_PHOTO');
INSERT INTO `sa_role_func` VALUES ('00012017082110441039037076102478', 'P_DATA_PHOTO_IMP');
INSERT INTO `sa_role_func` VALUES ('00012017082110441039037076102478', 'P_DEVICE');
INSERT INTO `sa_role_func` VALUES ('00012017082110441039037076102478', 'P_DEVICE_APP');
INSERT INTO `sa_role_func` VALUES ('00012017082110441039037076102478', 'P_DEVICE_APP_APP');
INSERT INTO `sa_role_func` VALUES ('00012017082110441039037076102478', 'P_DEVICE_APP_APP_LIST');
INSERT INTO `sa_role_func` VALUES ('00012017082110441039037076102478', 'P_DEVICE_APP_APP_LIST_A');
INSERT INTO `sa_role_func` VALUES ('00012017082110441039037076102478', 'P_DEVICE_APP_APP_LIST_D');
INSERT INTO `sa_role_func` VALUES ('00012017082110441039037076102478', 'P_DEVICE_APP_APP_LIST_V');
INSERT INTO `sa_role_func` VALUES ('00012017082110441039037076102478', 'P_DEVICE_DEVICE');
INSERT INTO `sa_role_func` VALUES ('00012017082110441039037076102478', 'P_DEVICE_DEVICE_CPAD');
INSERT INTO `sa_role_func` VALUES ('00012017082110441039037076102478', 'P_DEVICE_DEVICE_CPAD_LIST');
INSERT INTO `sa_role_func` VALUES ('00012017082110441039037076102478', 'P_DEVICE_DEVICE_CPAD_LIST_A');
INSERT INTO `sa_role_func` VALUES ('00012017082110441039037076102478', 'P_DEVICE_DEVICE_CPAD_LIST_D');
INSERT INTO `sa_role_func` VALUES ('00012017082110441039037076102478', 'P_DEVICE_DEVICE_CPAD_LIST_U');
INSERT INTO `sa_role_func` VALUES ('00012017082110441039037076102478', 'P_DEVICE_DEVICE_CPAD_LIST_V');
INSERT INTO `sa_role_func` VALUES ('00012017082110441039037076102478', 'P_DEVICE_DEVICE_CPAD_MANA');
INSERT INTO `sa_role_func` VALUES ('00012017082110441039037076102478', 'P_DEVICE_DEVICE_CPAD_MANA_U');
INSERT INTO `sa_role_func` VALUES ('00012017082110441039037076102478', 'P_DEVICE_DEVICE_DEV');
INSERT INTO `sa_role_func` VALUES ('00012017082110441039037076102478', 'P_DEVICE_DEVICE_DEV_GROUP');
INSERT INTO `sa_role_func` VALUES ('00012017082110441039037076102478', 'P_DEVICE_DEVICE_DEV_GROUP_A');
INSERT INTO `sa_role_func` VALUES ('00012017082110441039037076102478', 'P_DEVICE_DEVICE_DEV_GROUP_D');
INSERT INTO `sa_role_func` VALUES ('00012017082110441039037076102478', 'P_DEVICE_DEVICE_DEV_GROUP_U');
INSERT INTO `sa_role_func` VALUES ('00012017082110441039037076102478', 'P_DEVICE_DEVICE_DEV_LIST');
INSERT INTO `sa_role_func` VALUES ('00012017082110441039037076102478', 'P_DEVICE_DEVICE_DEV_LIST_A');
INSERT INTO `sa_role_func` VALUES ('00012017082110441039037076102478', 'P_DEVICE_DEVICE_DEV_LIST_D');
INSERT INTO `sa_role_func` VALUES ('00012017082110441039037076102478', 'P_DEVICE_DEVICE_DEV_LIST_U');
INSERT INTO `sa_role_func` VALUES ('00012017082110441039037076102478', 'P_DEVICE_DEVICE_DEV_LIST_V');
INSERT INTO `sa_role_func` VALUES ('00012017082110441039037076102478', 'P_DEVICE_DEVICE_DEV_SUP');
INSERT INTO `sa_role_func` VALUES ('00012017082110441039037076102478', 'P_DEVICE_DEVICE_DEV_SUP_A');
INSERT INTO `sa_role_func` VALUES ('00012017082110441039037076102478', 'P_DEVICE_DEVICE_DEV_SUP_D');
INSERT INTO `sa_role_func` VALUES ('00012017082110441039037076102478', 'P_DEVICE_DEVICE_DEV_SUP_U');
INSERT INTO `sa_role_func` VALUES ('00012017082110441039037076102478', 'P_DEVICE_DEVICE_HPAD');
INSERT INTO `sa_role_func` VALUES ('00012017082110441039037076102478', 'P_DEVICE_DEVICE_HPAD_LIST');
INSERT INTO `sa_role_func` VALUES ('00012017082110441039037076102478', 'P_DEVICE_DEVICE_HPAD_LIST_A');
INSERT INTO `sa_role_func` VALUES ('00012017082110441039037076102478', 'P_DEVICE_DEVICE_HPAD_LIST_D');
INSERT INTO `sa_role_func` VALUES ('00012017082110441039037076102478', 'P_DEVICE_DEVICE_HPAD_LIST_U');
INSERT INTO `sa_role_func` VALUES ('00012017082110441039037076102478', 'P_DEVICE_DEVICE_HPAD_LIST_V');
INSERT INTO `sa_role_func` VALUES ('00012017082110441039037076102478', 'P_SYS');
INSERT INTO `sa_role_func` VALUES ('00012017082110441039037076102478', 'P_SYS_AREA');
INSERT INTO `sa_role_func` VALUES ('00012017082110441039037076102478', 'P_SYS_AREA_AREA');
INSERT INTO `sa_role_func` VALUES ('00012017082110441039037076102478', 'P_SYS_AREA_AREA_AREA');
INSERT INTO `sa_role_func` VALUES ('00012017082110441039037076102478', 'P_SYS_KF');
INSERT INTO `sa_role_func` VALUES ('00012017082110441039037076102478', 'P_SYS_KF_FAULT');
INSERT INTO `sa_role_func` VALUES ('00012017082110441039037076102478', 'P_SYS_KF_WHELP');
INSERT INTO `sa_role_func` VALUES ('00012017082110441039037076102478', 'P_SYS_KF_WUSER');
INSERT INTO `sa_role_func` VALUES ('00012017082110441039037076102478', 'P_SYS_LOGGER');
INSERT INTO `sa_role_func` VALUES ('00012017082110441039037076102478', 'P_SYS_LOGGER_EDU');
INSERT INTO `sa_role_func` VALUES ('00012017082110441039037076102478', 'P_SYS_LOGGER_IMP');
INSERT INTO `sa_role_func` VALUES ('00012017082110441039037076102478', 'P_SYS_SA');
INSERT INTO `sa_role_func` VALUES ('00012017082110441039037076102478', 'P_SYS_SA_ROLE');
INSERT INTO `sa_role_func` VALUES ('00012017082110441039037076102478', 'P_SYS_SA_ROLE_ROLE');
INSERT INTO `sa_role_func` VALUES ('00012017082110441039037076102478', 'P_SYS_SA_ROLE_ROLE_A');
INSERT INTO `sa_role_func` VALUES ('00012017082110441039037076102478', 'P_SYS_SA_ROLE_ROLE_D');
INSERT INTO `sa_role_func` VALUES ('00012017082110441039037076102478', 'P_SYS_SA_ROLE_ROLE_F');
INSERT INTO `sa_role_func` VALUES ('00012017082110441039037076102478', 'P_SYS_SA_ROLE_ROLE_U');
INSERT INTO `sa_role_func` VALUES ('00012017082110441039037076102478', 'P_SYS_SA_SA');
INSERT INTO `sa_role_func` VALUES ('00012017082110441039037076102478', 'P_SYS_SA_SA_SA');
INSERT INTO `sa_role_func` VALUES ('00012017082110441039037076102478', 'P_SYS_SA_SA_SA_A');
INSERT INTO `sa_role_func` VALUES ('00012017082110441039037076102478', 'P_SYS_SA_SA_SA_D');
INSERT INTO `sa_role_func` VALUES ('00012017082110441039037076102478', 'P_SYS_SA_SA_SA_F');
INSERT INTO `sa_role_func` VALUES ('00012017082110441039037076102478', 'P_SYS_SA_SA_SA_U');
INSERT INTO `sa_role_func` VALUES ('00012017082110441039037076102478', 'P_SYS_SA_SA_SA_V');
INSERT INTO `sa_role_func` VALUES ('00012017082110441039037076102478', 'P_SYS_SA_USER');
INSERT INTO `sa_role_func` VALUES ('00012017082110441039037076102478', 'P_SYS_SA_USER_USER');
INSERT INTO `sa_role_func` VALUES ('00012017082110441039037076102478', 'P_SYS_SA_USER_USER_A');
INSERT INTO `sa_role_func` VALUES ('00012017082110441039037076102478', 'P_SYS_SA_USER_USER_S');
INSERT INTO `sa_role_func` VALUES ('00012017082110441039037076102478', 'P_SYS_SA_USER_USER_U');
INSERT INTO `sa_role_func` VALUES ('00012017082110441039037076102478', 'P_SYS_SA_USER_USER_v');
INSERT INTO `sa_role_func` VALUES ('00012017082110441039037076102478', 'P_SYS_WS');
INSERT INTO `sa_role_func` VALUES ('00012017082110441039037076102478', 'P_SYS_WS_ACC');
INSERT INTO `sa_role_func` VALUES ('00012017082110441039037076102478', 'P_SYS_WS_ACC_ACC');
INSERT INTO `sa_role_func` VALUES ('00012017082110441039037076102478', 'P_SYS_WS_ACC_ACC_A');
INSERT INTO `sa_role_func` VALUES ('00012017082110441039037076102478', 'P_SYS_WS_ACC_ACC_D');
INSERT INTO `sa_role_func` VALUES ('00012017082110441039037076102478', 'P_SYS_WS_ACC_ACC_SA');
INSERT INTO `sa_role_func` VALUES ('00012017082110441039037076102478', 'P_SYS_WS_ACC_ACC_SCHOOL');
INSERT INTO `sa_role_func` VALUES ('00012017082110441039037076102478', 'P_SYS_WS_ACC_ACC_SERVICE');
INSERT INTO `sa_role_func` VALUES ('00012017082110441039037076102478', 'P_SYS_WS_ACC_ACC_U');
INSERT INTO `sa_role_func` VALUES ('00012017082110441039037076102478', 'P_SYS_WS_SERVICE');
INSERT INTO `sa_role_func` VALUES ('00012017082110441039037076102478', 'P_SYS_WS_SERVICE_SERVICE');
INSERT INTO `sa_role_func` VALUES ('00012017082110441039037076102478', 'P_SYS_WX');
INSERT INTO `sa_role_func` VALUES ('00012017082110441039037076102478', 'P_SYS_WX_WXAPP');
INSERT INTO `sa_role_func` VALUES ('00012017082110441039037076102478', 'P_SYS_WX_WXAPP_APP');
INSERT INTO `sa_role_func` VALUES ('00012017082110441039037076102478', 'P_SYS_WX_WXAPP_APP_A');
INSERT INTO `sa_role_func` VALUES ('00012017082110441039037076102478', 'P_SYS_WX_WXAPP_APP_D');
INSERT INTO `sa_role_func` VALUES ('00012017082110441039037076102478', 'P_SYS_WX_WXAPP_APP_M');
INSERT INTO `sa_role_func` VALUES ('00012017082110441039037076102478', 'P_SYS_WX_WXAPP_APP_U');
INSERT INTO `sa_role_func` VALUES ('00012017082110441039037076102478', 'P_SYS_WX_WXAPP_APP_V');
INSERT INTO `sa_role_func` VALUES ('00012017082110441039037076102478', 'P_SYS_WX_WXAPP_TMP');
INSERT INTO `sa_role_func` VALUES ('00012017082110441039037076102478', 'P_SYS_WX_WXAPP_TMP_A');
INSERT INTO `sa_role_func` VALUES ('00012017082110441039037076102478', 'P_SYS_WX_WXAPP_TMP_D');
INSERT INTO `sa_role_func` VALUES ('00012017082110441039037076102478', 'P_SYS_WX_WXAPP_TMP_U');
INSERT INTO `sa_role_func` VALUES ('00012017082110441039037076102478', 'P_SYS_WX_WXAPP_TMP_V');
INSERT INTO `sa_role_func` VALUES ('00012017082110441039037076102478', 'P_USE');
INSERT INTO `sa_role_func` VALUES ('00012017082110441039037076102478', 'P_USE_KMFORM');
INSERT INTO `sa_role_func` VALUES ('00012017082110441039037076102478', 'P_USE_KMFORM_KQDT');
INSERT INTO `sa_role_func` VALUES ('00012017082110441039037076102478', 'P_USE_KMFORM_KQST');
INSERT INTO `sa_role_func` VALUES ('00012017082110441039037076102478', 'P_USE_KMFORM_MJRC');
INSERT INTO `sa_role_func` VALUES ('00012017082110441039037076102478', 'P_USE_KMSET');
INSERT INTO `sa_role_func` VALUES ('00012017082110441039037076102478', 'P_USE_KMSET_KQTIME');
INSERT INTO `sa_role_func` VALUES ('00012017082110441039037076102478', 'P_USE_KMSET_MJTIME');
INSERT INTO `sa_role_func` VALUES ('00012017082110441039037076102478', 'P_USE_QQ');
INSERT INTO `sa_role_func` VALUES ('00012017082110441039037076102478', 'P_USE_QQ_FORM');
INSERT INTO `sa_role_func` VALUES ('00012017082110441039037076102478', 'P_USE_QQ_USER');
INSERT INTO `sa_role_func` VALUES ('00022017092016130976747808473046', 'P_DATA');
INSERT INTO `sa_role_func` VALUES ('00022017092016130976747808473046', 'P_DATA_BAS');
INSERT INTO `sa_role_func` VALUES ('00022017092016130976747808473046', 'P_DATA_BAS_FAMILY');
INSERT INTO `sa_role_func` VALUES ('00022017092016130976747808473046', 'P_DATA_BAS_FAMILY_LIST');
INSERT INTO `sa_role_func` VALUES ('00022017092016130976747808473046', 'P_DATA_BAS_FAMILY_LIST_A');
INSERT INTO `sa_role_func` VALUES ('00022017092016130976747808473046', 'P_DATA_BAS_FAMILY_LIST_D');
INSERT INTO `sa_role_func` VALUES ('00022017092016130976747808473046', 'P_DATA_BAS_FAMILY_LIST_U');
INSERT INTO `sa_role_func` VALUES ('00022017092016130976747808473046', 'P_DATA_BAS_ROOM');
INSERT INTO `sa_role_func` VALUES ('00022017092016130976747808473046', 'P_DATA_BAS_ROOM_IMP');
INSERT INTO `sa_role_func` VALUES ('00022017092016130976747808473046', 'P_DATA_BAS_ROOM_LIST');
INSERT INTO `sa_role_func` VALUES ('00022017092016130976747808473046', 'P_DATA_BAS_ROOM_LIST_A');
INSERT INTO `sa_role_func` VALUES ('00022017092016130976747808473046', 'P_DATA_BAS_ROOM_LIST_D');
INSERT INTO `sa_role_func` VALUES ('00022017092016130976747808473046', 'P_DATA_BAS_ROOM_LIST_U');
INSERT INTO `sa_role_func` VALUES ('00022017092016130976747808473046', 'P_DATA_BAS_SCHOOL');
INSERT INTO `sa_role_func` VALUES ('00022017092016130976747808473046', 'P_DATA_BAS_SCHOOL_CLASS');
INSERT INTO `sa_role_func` VALUES ('00022017092016130976747808473046', 'P_DATA_BAS_SCHOOL_CLASS_A');
INSERT INTO `sa_role_func` VALUES ('00022017092016130976747808473046', 'P_DATA_BAS_SCHOOL_CLASS_BATCH_A');
INSERT INTO `sa_role_func` VALUES ('00022017092016130976747808473046', 'P_DATA_BAS_SCHOOL_CLASS_D');
INSERT INTO `sa_role_func` VALUES ('00022017092016130976747808473046', 'P_DATA_BAS_SCHOOL_CLASS_U');
INSERT INTO `sa_role_func` VALUES ('00022017092016130976747808473046', 'P_DATA_BAS_SCHOOL_GRADE');
INSERT INTO `sa_role_func` VALUES ('00022017092016130976747808473046', 'P_DATA_BAS_SCHOOL_GRADE_A');
INSERT INTO `sa_role_func` VALUES ('00022017092016130976747808473046', 'P_DATA_BAS_SCHOOL_GRADE_BATCH_UP');
INSERT INTO `sa_role_func` VALUES ('00022017092016130976747808473046', 'P_DATA_BAS_SCHOOL_GRADE_D');
INSERT INTO `sa_role_func` VALUES ('00022017092016130976747808473046', 'P_DATA_BAS_SCHOOL_GRADE_U');
INSERT INTO `sa_role_func` VALUES ('00022017092016130976747808473046', 'P_DATA_BAS_SCHOOL_SCHOOL');
INSERT INTO `sa_role_func` VALUES ('00022017092016130976747808473046', 'P_DATA_BAS_SCHOOL_SCHOOL_A');
INSERT INTO `sa_role_func` VALUES ('00022017092016130976747808473046', 'P_DATA_BAS_SCHOOL_SCHOOL_D');
INSERT INTO `sa_role_func` VALUES ('00022017092016130976747808473046', 'P_DATA_BAS_SCHOOL_SCHOOL_U');
INSERT INTO `sa_role_func` VALUES ('00022017092016130976747808473046', 'P_DATA_BAS_STUDENT');
INSERT INTO `sa_role_func` VALUES ('00022017092016130976747808473046', 'P_DATA_BAS_STUDENT_LIST');
INSERT INTO `sa_role_func` VALUES ('00022017092016130976747808473046', 'P_DATA_BAS_STUDENT_LIST_A');
INSERT INTO `sa_role_func` VALUES ('00022017092016130976747808473046', 'P_DATA_BAS_STUDENT_LIST_D');
INSERT INTO `sa_role_func` VALUES ('00022017092016130976747808473046', 'P_DATA_BAS_STUDENT_LIST_U');
INSERT INTO `sa_role_func` VALUES ('00022017092016130976747808473046', 'P_DATA_BAS_TEACHER');
INSERT INTO `sa_role_func` VALUES ('00022017092016130976747808473046', 'P_DATA_BAS_TEACHER_LIST');
INSERT INTO `sa_role_func` VALUES ('00022017092016130976747808473046', 'P_DATA_BAS_TEACHER_ROLE');
INSERT INTO `sa_role_func` VALUES ('00022017092016130976747808473046', 'P_DATA_BAS_TEACHER_ROLE_A');
INSERT INTO `sa_role_func` VALUES ('00022017092016130976747808473046', 'P_DATA_BAS_TEACHER_ROLE_D');
INSERT INTO `sa_role_func` VALUES ('00022017092016130976747808473046', 'P_DATA_BAS_TEACHER_ROLE_V');
INSERT INTO `sa_role_func` VALUES ('00022017092016130976747808473046', 'P_DATA_CARD');
INSERT INTO `sa_role_func` VALUES ('00022017092016130976747808473046', 'P_DATA_CARD_CARD');
INSERT INTO `sa_role_func` VALUES ('00022017092016130976747808473046', 'P_DATA_PHOTO');
INSERT INTO `sa_role_func` VALUES ('00022017092016130976747808473046', 'P_DATA_PHOTO_IMP');
INSERT INTO `sa_role_func` VALUES ('00022017092016130976747808473046', 'P_DEVICE');
INSERT INTO `sa_role_func` VALUES ('00022017092016130976747808473046', 'P_DEVICE_APP');
INSERT INTO `sa_role_func` VALUES ('00022017092016130976747808473046', 'P_DEVICE_APP_APP');
INSERT INTO `sa_role_func` VALUES ('00022017092016130976747808473046', 'P_DEVICE_APP_APP_LIST');
INSERT INTO `sa_role_func` VALUES ('00022017092016130976747808473046', 'P_DEVICE_APP_APP_LIST_A');
INSERT INTO `sa_role_func` VALUES ('00022017092016130976747808473046', 'P_DEVICE_APP_APP_LIST_D');
INSERT INTO `sa_role_func` VALUES ('00022017092016130976747808473046', 'P_DEVICE_APP_APP_LIST_V');
INSERT INTO `sa_role_func` VALUES ('00022017092016130976747808473046', 'P_DEVICE_DEVICE');
INSERT INTO `sa_role_func` VALUES ('00022017092016130976747808473046', 'P_DEVICE_DEVICE_CPAD');
INSERT INTO `sa_role_func` VALUES ('00022017092016130976747808473046', 'P_DEVICE_DEVICE_CPAD_LIST');
INSERT INTO `sa_role_func` VALUES ('00022017092016130976747808473046', 'P_DEVICE_DEVICE_CPAD_LIST_A');
INSERT INTO `sa_role_func` VALUES ('00022017092016130976747808473046', 'P_DEVICE_DEVICE_CPAD_LIST_D');
INSERT INTO `sa_role_func` VALUES ('00022017092016130976747808473046', 'P_DEVICE_DEVICE_CPAD_LIST_U');
INSERT INTO `sa_role_func` VALUES ('00022017092016130976747808473046', 'P_DEVICE_DEVICE_CPAD_LIST_V');
INSERT INTO `sa_role_func` VALUES ('00022017092016130976747808473046', 'P_DEVICE_DEVICE_CPAD_MANA');
INSERT INTO `sa_role_func` VALUES ('00022017092016130976747808473046', 'P_DEVICE_DEVICE_CPAD_MANA_U');
INSERT INTO `sa_role_func` VALUES ('00022017092016130976747808473046', 'P_DEVICE_DEVICE_DEV');
INSERT INTO `sa_role_func` VALUES ('00022017092016130976747808473046', 'P_DEVICE_DEVICE_DEV_GROUP');
INSERT INTO `sa_role_func` VALUES ('00022017092016130976747808473046', 'P_DEVICE_DEVICE_DEV_GROUP_A');
INSERT INTO `sa_role_func` VALUES ('00022017092016130976747808473046', 'P_DEVICE_DEVICE_DEV_GROUP_D');
INSERT INTO `sa_role_func` VALUES ('00022017092016130976747808473046', 'P_DEVICE_DEVICE_DEV_GROUP_U');
INSERT INTO `sa_role_func` VALUES ('00022017092016130976747808473046', 'P_DEVICE_DEVICE_DEV_LIST');
INSERT INTO `sa_role_func` VALUES ('00022017092016130976747808473046', 'P_DEVICE_DEVICE_DEV_LIST_A');
INSERT INTO `sa_role_func` VALUES ('00022017092016130976747808473046', 'P_DEVICE_DEVICE_DEV_LIST_D');
INSERT INTO `sa_role_func` VALUES ('00022017092016130976747808473046', 'P_DEVICE_DEVICE_DEV_LIST_U');
INSERT INTO `sa_role_func` VALUES ('00022017092016130976747808473046', 'P_DEVICE_DEVICE_DEV_LIST_V');
INSERT INTO `sa_role_func` VALUES ('00022017092016130976747808473046', 'P_DEVICE_DEVICE_DEV_SUP');
INSERT INTO `sa_role_func` VALUES ('00022017092016130976747808473046', 'P_DEVICE_DEVICE_DEV_SUP_A');
INSERT INTO `sa_role_func` VALUES ('00022017092016130976747808473046', 'P_DEVICE_DEVICE_DEV_SUP_D');
INSERT INTO `sa_role_func` VALUES ('00022017092016130976747808473046', 'P_DEVICE_DEVICE_DEV_SUP_U');
INSERT INTO `sa_role_func` VALUES ('00022017092016130976747808473046', 'P_DEVICE_DEVICE_HPAD');
INSERT INTO `sa_role_func` VALUES ('00022017092016130976747808473046', 'P_DEVICE_DEVICE_HPAD_LIST');
INSERT INTO `sa_role_func` VALUES ('00022017092016130976747808473046', 'P_DEVICE_DEVICE_HPAD_LIST_A');
INSERT INTO `sa_role_func` VALUES ('00022017092016130976747808473046', 'P_DEVICE_DEVICE_HPAD_LIST_U');
INSERT INTO `sa_role_func` VALUES ('00022017092016130976747808473046', 'P_DEVICE_DEVICE_HPAD_LIST_V');
INSERT INTO `sa_role_func` VALUES ('00022017092016130976747808473046', 'P_DEVICE_DEVICE_HPAD_MANA');
INSERT INTO `sa_role_func` VALUES ('00022017092016130976747808473046', 'P_DEVICE_DEVICE_HPAD_MANA_U');
INSERT INTO `sa_role_func` VALUES ('00022017092016130976747808473046', 'P_SYS');
INSERT INTO `sa_role_func` VALUES ('00022017092016130976747808473046', 'P_SYS_AREA');
INSERT INTO `sa_role_func` VALUES ('00022017092016130976747808473046', 'P_SYS_AREA_AREA');
INSERT INTO `sa_role_func` VALUES ('00022017092016130976747808473046', 'P_SYS_AREA_AREA_AREA');
INSERT INTO `sa_role_func` VALUES ('00022017092016130976747808473046', 'P_SYS_KF');
INSERT INTO `sa_role_func` VALUES ('00022017092016130976747808473046', 'P_SYS_KF_FAULT');
INSERT INTO `sa_role_func` VALUES ('00022017092016130976747808473046', 'P_SYS_KF_WHELP');
INSERT INTO `sa_role_func` VALUES ('00022017092016130976747808473046', 'P_SYS_KF_WUSER');
INSERT INTO `sa_role_func` VALUES ('00022017092016130976747808473046', 'P_SYS_LOGGER');
INSERT INTO `sa_role_func` VALUES ('00022017092016130976747808473046', 'P_SYS_LOGGER_EDU');
INSERT INTO `sa_role_func` VALUES ('00022017092016130976747808473046', 'P_SYS_LOGGER_IMP');
INSERT INTO `sa_role_func` VALUES ('00022017092016130976747808473046', 'P_SYS_SA');
INSERT INTO `sa_role_func` VALUES ('00022017092016130976747808473046', 'P_SYS_SA_ROLE');
INSERT INTO `sa_role_func` VALUES ('00022017092016130976747808473046', 'P_SYS_SA_ROLE_ROLE');
INSERT INTO `sa_role_func` VALUES ('00022017092016130976747808473046', 'P_SYS_SA_SA');
INSERT INTO `sa_role_func` VALUES ('00022017092016130976747808473046', 'P_SYS_SA_SA_SA');
INSERT INTO `sa_role_func` VALUES ('00022017092016130976747808473046', 'P_SYS_SA_USER');
INSERT INTO `sa_role_func` VALUES ('00022017092016130976747808473046', 'P_SYS_SA_USER_USER');
INSERT INTO `sa_role_func` VALUES ('00022017092016130976747808473046', 'P_SYS_WS');
INSERT INTO `sa_role_func` VALUES ('00022017092016130976747808473046', 'P_SYS_WS_ACC');
INSERT INTO `sa_role_func` VALUES ('00022017092016130976747808473046', 'P_SYS_WS_ACC_ACC');
INSERT INTO `sa_role_func` VALUES ('00022017092016130976747808473046', 'P_SYS_WS_ACC_ACC_A');
INSERT INTO `sa_role_func` VALUES ('00022017092016130976747808473046', 'P_SYS_WS_ACC_ACC_D');
INSERT INTO `sa_role_func` VALUES ('00022017092016130976747808473046', 'P_SYS_WS_ACC_ACC_SA');
INSERT INTO `sa_role_func` VALUES ('00022017092016130976747808473046', 'P_SYS_WS_ACC_ACC_SCHOOL');
INSERT INTO `sa_role_func` VALUES ('00022017092016130976747808473046', 'P_SYS_WS_ACC_ACC_SERVICE');
INSERT INTO `sa_role_func` VALUES ('00022017092016130976747808473046', 'P_SYS_WS_ACC_ACC_U');
INSERT INTO `sa_role_func` VALUES ('00022017092016130976747808473046', 'P_SYS_WS_SERVICE');
INSERT INTO `sa_role_func` VALUES ('00022017092016130976747808473046', 'P_SYS_WS_SERVICE_SERVICE');
INSERT INTO `sa_role_func` VALUES ('00022017092016130976747808473046', 'P_SYS_WX');
INSERT INTO `sa_role_func` VALUES ('00022017092016130976747808473046', 'P_SYS_WX_WXAPP');
INSERT INTO `sa_role_func` VALUES ('00022017092016130976747808473046', 'P_SYS_WX_WXAPP_APP');
INSERT INTO `sa_role_func` VALUES ('00022017092016130976747808473046', 'P_SYS_WX_WXAPP_APP_A');
INSERT INTO `sa_role_func` VALUES ('00022017092016130976747808473046', 'P_SYS_WX_WXAPP_APP_D');
INSERT INTO `sa_role_func` VALUES ('00022017092016130976747808473046', 'P_SYS_WX_WXAPP_APP_M');
INSERT INTO `sa_role_func` VALUES ('00022017092016130976747808473046', 'P_SYS_WX_WXAPP_APP_U');
INSERT INTO `sa_role_func` VALUES ('00022017092016130976747808473046', 'P_SYS_WX_WXAPP_APP_V');
INSERT INTO `sa_role_func` VALUES ('00022017092016130976747808473046', 'P_SYS_WX_WXAPP_TMP');
INSERT INTO `sa_role_func` VALUES ('00022017092016130976747808473046', 'P_SYS_WX_WXAPP_TMP_A');
INSERT INTO `sa_role_func` VALUES ('00022017092016130976747808473046', 'P_SYS_WX_WXAPP_TMP_D');
INSERT INTO `sa_role_func` VALUES ('00022017092016130976747808473046', 'P_SYS_WX_WXAPP_TMP_U');
INSERT INTO `sa_role_func` VALUES ('00022017092016130976747808473046', 'P_SYS_WX_WXAPP_TMP_V');
INSERT INTO `sa_role_func` VALUES ('00022018022816134311643278443774', '');

-- ----------------------------
-- Table structure for `sa_user`
-- ----------------------------
DROP TABLE IF EXISTS `sa_user`;
CREATE TABLE `sa_user` (
  `id` varchar(32) NOT NULL DEFAULT '' COMMENT 'ID',
  `phone` varchar(32) DEFAULT NULL COMMENT '手机号码',
  `email` varchar(128) DEFAULT NULL COMMENT '电子邮箱',
  `name` varchar(64) DEFAULT NULL COMMENT '用户姓名',
  `pwd` varchar(32) DEFAULT NULL COMMENT '密码',
  `sa_id` varchar(32) DEFAULT NULL COMMENT '所属SA ID',
  `role_id` varchar(32) DEFAULT NULL COMMENT '所属SA角色ID',
  `sa_adm` tinyint(2) DEFAULT '0' COMMENT '是否SA的管理员（1：是；0：否）',
  `status` varchar(8) DEFAULT '1' COMMENT '状态（NORMAL：正常；DISABLE：停用）',
  `remark` varchar(128) DEFAULT NULL COMMENT '备注信息',
  `ut` datetime DEFAULT NULL COMMENT '更新时间',
  PRIMARY KEY (`id`),
  KEY `inx_sa_phone` (`phone`,`sa_id`)
) ENGINE=InnoDB DEFAULT CHARSET=utf8 COMMENT='SA-用户表';

-- ----------------------------
-- Records of sa_user
-- ----------------------------
INSERT INTO `sa_user` VALUES ('00012018010309543384780649411303', '13800138000', '13810@163.com', '测试', '0917ab9b98a44b9a555220b27db3b733', '0001', '00012017082110441039037076102478', '1', 'NORMAL', null, '2018-03-01 10:55:02');
INSERT INTO `sa_user` VALUES ('00012018031314471015989437051821', '13900139000', null, '测试2', 'f18e6b9bcc280dfb4b8193de3ea5cc14', '0001', '00012017082110441039037076102478', '0', 'NORMAL', null, '2018-03-13 14:59:30');
INSERT INTO `sa_user` VALUES ('00022018010414381484742828750888', '13249374956', 'ct_163yx@163yx.com', 'chen', 'fd652c39d3f00a034edebb4297f99e34', '0002', '00022017092016130976747808473046', '1', 'NORMAL', null, '2018-03-13 14:34:53');
INSERT INTO `sa_user` VALUES ('00022018031314461547093796035084', '13200132000', null, 'tao', '4fc9ef2279cea6cfa863e929fa5de337', '0002', '00022018022816134311643278443774', '0', 'DISABLE', null, '2018-03-13 14:46:15');
INSERT INTO `sa_user` VALUES ('00032018010410324158581940731541', '13249374957', '123@qq.com', '小马哥', '097d159812178533d8d6dbdc83c3cb32', '0003', '00032018010410150465530164779029', '0', 'NORMAL', '321', '2018-01-04 10:40:20');
INSERT INTO `sa_user` VALUES ('00032018022813440539645819407355', '13100131000', '13100@qq.com', '张三', '303b21910ab8c9526b8739e122b0e93d', '0003', '00032018010410150465530164779029', '0', 'DISABLE', null, '2018-02-28 13:44:28');
INSERT INTO `sa_user` VALUES ('00032018031315000564637600873625', '13100013100', null, '测试3', 'e23a74f41a0daaac6f05e48a2fe806db', '0003', '00032018010410150465530164779029', '0', 'NORMAL', null, '2018-03-13 15:00:05');

-- ----------------------------
-- Table structure for `sa_user_area`
-- ----------------------------
DROP TABLE IF EXISTS `sa_user_area`;
CREATE TABLE `sa_user_area` (
  `user_id` varchar(32) NOT NULL COMMENT '用户ID',
  `area_id` varchar(32) NOT NULL COMMENT '地区id',
  `level` tinyint(1) DEFAULT NULL COMMENT '级别(1:省份,2:地市,3:镇区)',
  PRIMARY KEY (`user_id`,`area_id`)
) ENGINE=InnoDB DEFAULT CHARSET=utf8 COMMENT='用户-地区对应表';

-- ----------------------------
-- Records of sa_user_area
-- ----------------------------
INSERT INTO `sa_user_area` VALUES ('00012017082110553644447330244287', '0101', '2');
INSERT INTO `sa_user_area` VALUES ('00012017082110553644447330244287', '0102', '2');
INSERT INTO `sa_user_area` VALUES ('00012017122711160948236395508154', '01', '1');

-- ----------------------------
-- Table structure for `sa_user_sch`
-- ----------------------------
DROP TABLE IF EXISTS `sa_user_sch`;
CREATE TABLE `sa_user_sch` (
  `uid` varchar(32) NOT NULL COMMENT '用户ID',
  `hid` varchar(32) NOT NULL COMMENT '学校id',
  PRIMARY KEY (`uid`,`hid`)
) ENGINE=InnoDB DEFAULT CHARSET=utf8 COMMENT='用户-学校对应表';

-- ----------------------------
-- Records of sa_user_sch
-- ----------------------------
INSERT INTO `sa_user_sch` VALUES ('00012018010309543384780649411303', '00000001');
INSERT INTO `sa_user_sch` VALUES ('00012018010309543384780649411303', '00000002');
INSERT INTO `sa_user_sch` VALUES ('00012018010309543384780649411303', '00000003');
INSERT INTO `sa_user_sch` VALUES ('00012018031314471015989437051821', '');
INSERT INTO `sa_user_sch` VALUES ('00022018010414381484742828750888', '00000001');
INSERT INTO `sa_user_sch` VALUES ('00022018010414381484742828750888', '00000002');

-- ----------------------------
-- Table structure for `sa_user_sch_lnk`
-- ----------------------------
DROP TABLE IF EXISTS `sa_user_sch_lnk`;
CREATE TABLE `sa_user_sch_lnk` (
  `uid` varchar(32) NOT NULL COMMENT '用户ID',
  `hid` varchar(32) NOT NULL COMMENT '学校id',
  PRIMARY KEY (`uid`,`hid`)
) ENGINE=InnoDB DEFAULT CHARSET=utf8 COMMENT='用户配置学校的快捷方式表';

-- ----------------------------
-- Records of sa_user_sch_lnk
-- ----------------------------
INSERT INTO `sa_user_sch_lnk` VALUES ('00012017123100000000000000000001', '00000001');
INSERT INTO `sa_user_sch_lnk` VALUES ('00012017123100000000000000000001', '00000002');
INSERT INTO `sa_user_sch_lnk` VALUES ('00012017123100000000000000000001', '00000004');
INSERT INTO `sa_user_sch_lnk` VALUES ('00012017123100000000000000000001', '01');
INSERT INTO `sa_user_sch_lnk` VALUES ('00012017123100000000000000000001', '02');
INSERT INTO `sa_user_sch_lnk` VALUES ('00012018010309543384780649411303', '00000001');
INSERT INTO `sa_user_sch_lnk` VALUES ('00012018010309543384780649411303', '00000003');
INSERT INTO `sa_user_sch_lnk` VALUES ('00012018010309543384780649411303', '00000004');
INSERT INTO `sa_user_sch_lnk` VALUES ('00012018010309543384780649411303', '00000016');
INSERT INTO `sa_user_sch_lnk` VALUES ('00012018010309543384780649411303', '00000019');
INSERT INTO `sa_user_sch_lnk` VALUES ('00012018010309543384780649411303', '00000021');
INSERT INTO `sa_user_sch_lnk` VALUES ('00012018010309543384780649411303', '00000028');

-- ----------------------------
-- Table structure for `sys_area`
-- ----------------------------
DROP TABLE IF EXISTS `sys_area`;
CREATE TABLE `sys_area` (
  `id` varchar(32) NOT NULL DEFAULT '' COMMENT '地区ID',
  `name` varchar(64) DEFAULT NULL COMMENT '地区名称',
  `spell` varchar(256) DEFAULT NULL COMMENT '地区拼音',
  `level` tinyint(1) DEFAULT '1' COMMENT '级别(1:省份,2:地市,3:镇区)',
  `wcode` varchar(32) DEFAULT NULL COMMENT '天气代码',
  `sort` int(11) NOT NULL DEFAULT '0' COMMENT '排序(升序)',
  `pid` varchar(32) NOT NULL DEFAULT '0' COMMENT '父地区ID',
  `ut` datetime DEFAULT NULL COMMENT '更新时间',
  PRIMARY KEY (`id`)
) ENGINE=InnoDB DEFAULT CHARSET=utf8 COMMENT='地区';

-- ----------------------------
-- Records of sys_area
-- ----------------------------
INSERT INTO `sys_area` VALUES ('01', '广东', 'GuangDong', '1', null, '3', '0', '2017-12-20 16:47:23');
INSERT INTO `sys_area` VALUES ('0101', '广州', 'guangzhou', '2', '101280101', '1', '01', '2017-12-04 18:13:35');
INSERT INTO `sys_area` VALUES ('010101', '天河区', 'TianHequ', '3', '111', '1', '0101', '2018-03-13 10:18:46');
INSERT INTO `sys_area` VALUES ('0102', '中山', 'zhongshan', '2', '101281701', '2', '01', '2017-12-04 18:13:35');
INSERT INTO `sys_area` VALUES ('010201', '石岐区', 'shiqiqu', '3', null, '1', '0102', '2017-12-04 18:13:35');
INSERT INTO `sys_area` VALUES ('010202', '东区', 'dongqu', '3', '101281701', '2', '0102', '2017-12-04 18:13:35');
INSERT INTO `sys_area` VALUES ('010203', '西区', 'xiqu', '3', '101281701', '3', '0102', '2017-12-04 18:13:35');
INSERT INTO `sys_area` VALUES ('010204', '南区', 'nanqu', '3', '', '4', '0102', '2017-12-04 18:13:35');
INSERT INTO `sys_area` VALUES ('010205', '火炬开发区', 'huojukaifaqu', '3', '101281701', '5', '0102', '2017-12-04 18:13:35');
INSERT INTO `sys_area` VALUES ('010206', '小小', 'XiaoXiao', '3', null, '0', '0102', '2017-12-26 16:38:26');
INSERT INTO `sys_area` VALUES ('0103', '深圳', 'ShenZhen', '2', null, '0', '01', '2017-12-18 15:26:56');
INSERT INTO `sys_area` VALUES ('0104', '珠海', 'ZhuHai', '2', '22222', '4', '01', '2018-03-13 11:08:01');
INSERT INTO `sys_area` VALUES ('02', '重庆', 'chongqing', '1', null, '4', '0', '2017-12-06 18:13:35');
INSERT INTO `sys_area` VALUES ('0202', '云阳', 'yunyang', '2', '101041700', '1', '02', '2017-12-06 18:13:35');
INSERT INTO `sys_area` VALUES ('03', '北京', 'BeiJing', '1', '101010100', '1', '0', '2018-03-12 16:48:53');
INSERT INTO `sys_area` VALUES ('04', '上海', 'ShangHai', '1', '101020100', '2', '0', '2018-03-12 17:00:54');

-- ----------------------------
-- Table structure for `sys_func`
-- ----------------------------
DROP TABLE IF EXISTS `sys_func`;
CREATE TABLE `sys_func` (
  `id` varchar(64) NOT NULL COMMENT 'ID',
  `name` varchar(64) NOT NULL COMMENT '资源名称',
  `menu` tinyint(1) NOT NULL DEFAULT '0' COMMENT '是否菜单，1：菜单；其它：非菜单',
  `url` varchar(200) DEFAULT NULL COMMENT '链接地址',
  `url_target` varchar(32) DEFAULT NULL COMMENT '链接打开目标(默认、_blank、...)',
  `sort` int(11) NOT NULL DEFAULT '0' COMMENT '排序(asc)',
  `pid` varchar(64) NOT NULL COMMENT '父id',
  `readonly` tinyint(1) NOT NULL DEFAULT '0' COMMENT '是否只读',
  `url_p` varchar(200) DEFAULT NULL COMMENT 'url权限匹配规则',
  `ut` datetime NOT NULL COMMENT '更新时间',
  PRIMARY KEY (`id`)
) ENGINE=InnoDB DEFAULT CHARSET=utf8 COMMENT='系统资源表';

-- ----------------------------
-- Records of sys_func
-- ----------------------------
INSERT INTO `sys_func` VALUES ('P_BSI', '业务管理', '1', null, null, '3', 'P', '0', null, '2017-08-18 09:49:28');
INSERT INTO `sys_func` VALUES ('P_BSI_CONF', '应用配置', '1', null, null, '3', 'P_BSI', '0', null, '2018-03-02 11:49:28');
INSERT INTO `sys_func` VALUES ('P_BSI_MADE', '业务定制', '1', null, null, '1', 'P_BSI', '0', null, '2018-03-02 11:49:28');
INSERT INTO `sys_func` VALUES ('P_BSI_MSG', '业务消息', '1', null, null, '2', 'P_BSI', '0', null, '2018-03-02 11:49:28');
INSERT INTO `sys_func` VALUES ('P_BSI_PAY', '支付管理', '1', null, null, '4', 'P_BSI', '0', null, '2018-03-02 11:49:28');
INSERT INTO `sys_func` VALUES ('P_DATA', '数据管理', '1', null, null, '1', 'P', '0', null, '2017-08-18 09:49:28');
INSERT INTO `sys_func` VALUES ('P_DATA_BAS', '基础数据', '1', null, null, '1', 'P_DATA', '0', null, '2018-03-01 14:49:28');
INSERT INTO `sys_func` VALUES ('P_DATA_BAS_FAMILY', '家长管理', '1', null, null, '3', 'P_DATA_BAS', '0', null, '2018-03-01 14:49:28');
INSERT INTO `sys_func` VALUES ('P_DATA_BAS_FAMILY_LIST', '家长名单', '0', null, null, '1', 'P_DATA_BAS_FAMILY', '0', null, '0000-00-00 00:00:00');
INSERT INTO `sys_func` VALUES ('P_DATA_BAS_FAMILY_LIST_A', '新增', '0', null, null, '1', 'P_DATA_BAS_FAMILY_LIST', '0', null, '0000-00-00 00:00:00');
INSERT INTO `sys_func` VALUES ('P_DATA_BAS_FAMILY_LIST_D', '删除', '0', null, null, '3', 'P_DATA_BAS_FAMILY_LIST', '0', null, '0000-00-00 00:00:00');
INSERT INTO `sys_func` VALUES ('P_DATA_BAS_FAMILY_LIST_U', '修改', '0', null, null, '2', 'P_DATA_BAS_FAMILY_LIST', '0', null, '0000-00-00 00:00:00');
INSERT INTO `sys_func` VALUES ('P_DATA_BAS_FAMILY_LIST_V', '查看', '0', null, null, '4', 'P_DATA_BAS_FAMILY_LIST_LIST', '0', null, '2018-03-22 11:08:22');
INSERT INTO `sys_func` VALUES ('P_DATA_BAS_ROOM', '教室管理', '1', null, null, '5', 'P_DATA_BAS', '0', null, '2018-03-15 14:49:28');
INSERT INTO `sys_func` VALUES ('P_DATA_BAS_ROOM_IMP', '教室批量导入', '1', null, null, '2', 'P_DATA_BAS_ROOM', '0', null, '0000-00-00 00:00:00');
INSERT INTO `sys_func` VALUES ('P_DATA_BAS_ROOM_LIST', '教室列表', '1', null, null, '1', 'P_DATA_BAS_ROOM', '0', null, '0000-00-00 00:00:00');
INSERT INTO `sys_func` VALUES ('P_DATA_BAS_ROOM_LIST_A', '新增教室', '0', null, null, '1', 'P_DATA_BAS_ROOM_LIST', '0', null, '0000-00-00 00:00:00');
INSERT INTO `sys_func` VALUES ('P_DATA_BAS_ROOM_LIST_D', '删除教室', '0', null, null, '1', 'P_DATA_BAS_ROOM_LIST', '0', null, '0000-00-00 00:00:00');
INSERT INTO `sys_func` VALUES ('P_DATA_BAS_ROOM_LIST_U', '修改教室', '0', null, null, '2', 'P_DATA_BAS_ROOM_LIST', '0', null, '0000-00-00 00:00:00');
INSERT INTO `sys_func` VALUES ('P_DATA_BAS_SCHOOL', '学校管理', '1', null, null, '1', 'P_DATA_BAS', '0', null, '2018-03-01 14:49:28');
INSERT INTO `sys_func` VALUES ('P_DATA_BAS_SCHOOL_CLASS', '班级管理', '1', null, null, '2', 'P_DATA_BAS_SCHOOL', '0', null, '2018-03-07 14:47:01');
INSERT INTO `sys_func` VALUES ('P_DATA_BAS_SCHOOL_CLASS_A', '新增', '0', null, null, '1', 'P_DATA_BAS_SCHOOL_CLASS', '0', null, '2018-03-07 15:36:17');
INSERT INTO `sys_func` VALUES ('P_DATA_BAS_SCHOOL_CLASS_BATCH_A', '批量新增班级', '0', null, null, '1', 'P_DATA_BAS_SCHOOL_CLASS', '0', null, '2018-03-07 15:36:22');
INSERT INTO `sys_func` VALUES ('P_DATA_BAS_SCHOOL_CLASS_D', '删除', '0', null, null, '3', 'P_DATA_BAS_SCHOOL_CLASS', '0', null, '2018-03-07 15:36:25');
INSERT INTO `sys_func` VALUES ('P_DATA_BAS_SCHOOL_CLASS_U', '修改', '0', null, null, '2', 'P_DATA_BAS_SCHOOL_CLASS', '0', null, '2018-03-07 15:36:27');
INSERT INTO `sys_func` VALUES ('P_DATA_BAS_SCHOOL_GRADE', '年级管理', '1', null, null, '3', 'P_DATA_BAS_SCHOOL', '0', null, '2018-03-07 14:47:39');
INSERT INTO `sys_func` VALUES ('P_DATA_BAS_SCHOOL_GRADE_A', '新增', '0', null, null, '1', 'P_DATA_BAS_SCHOOL_GRADE', '0', null, '2018-03-07 15:36:30');
INSERT INTO `sys_func` VALUES ('P_DATA_BAS_SCHOOL_GRADE_BATCH_UP', '批量升级', '0', null, null, '1', 'P_DATA_BAS_SCHOOL_GRADE', '0', null, '2018-03-07 15:36:33');
INSERT INTO `sys_func` VALUES ('P_DATA_BAS_SCHOOL_GRADE_D', '删除', '0', null, null, '3', 'P_DATA_BAS_SCHOOL_GRADE', '0', null, '2018-03-07 15:36:36');
INSERT INTO `sys_func` VALUES ('P_DATA_BAS_SCHOOL_GRADE_U', '修改', '0', null, null, '2', 'P_DATA_BAS_SCHOOL_GRADE', '0', null, '2018-03-07 15:36:33');
INSERT INTO `sys_func` VALUES ('P_DATA_BAS_SCHOOL_SCHOOL', '学校管理', '1', null, null, '1', 'P_DATA_BAS_SCHOOL', '0', null, '2018-03-07 14:53:02');
INSERT INTO `sys_func` VALUES ('P_DATA_BAS_SCHOOL_SCHOOL_A', '新增', '0', null, null, '1', 'P_DATA_BAS_SCHOOL_SCHOOL', '0', null, '2018-03-07 15:36:33');
INSERT INTO `sys_func` VALUES ('P_DATA_BAS_SCHOOL_SCHOOL_D', '删除', '0', null, null, '3', 'P_DATA_BAS_SCHOOL_SCHOOL', '0', null, '2018-03-07 15:36:33');
INSERT INTO `sys_func` VALUES ('P_DATA_BAS_SCHOOL_SCHOOL_U', '修改', '0', null, null, '2', 'P_DATA_BAS_SCHOOL_SCHOOL', '0', null, '2018-03-07 15:36:33');
INSERT INTO `sys_func` VALUES ('P_DATA_BAS_STUDENT', '学生管理', '1', null, null, '2', 'P_DATA_BAS', '0', '', '2018-03-01 14:49:28');
INSERT INTO `sys_func` VALUES ('P_DATA_BAS_STUDENT_LIST', '学生名单', '0', null, null, '1', 'P_DATA_BAS_STUDENT', '0', null, '0000-00-00 00:00:00');
INSERT INTO `sys_func` VALUES ('P_DATA_BAS_STUDENT_LIST_A', '新增', '0', null, null, '1', 'P_DATA_BAS_STUDENT_LIST', '0', null, '0000-00-00 00:00:00');
INSERT INTO `sys_func` VALUES ('P_DATA_BAS_STUDENT_LIST_D', '删除', '0', null, null, '3', 'P_DATA_BAS_STUDENT_LIST', '0', null, '0000-00-00 00:00:00');
INSERT INTO `sys_func` VALUES ('P_DATA_BAS_STUDENT_LIST_U', '修改', '0', null, null, '2', 'P_DATA_BAS_STUDENT_LIST', '0', null, '2018-03-22 09:56:53');
INSERT INTO `sys_func` VALUES ('P_DATA_BAS_STUDENT_LIST_V', '查看', '0', null, null, '4', 'P_DATA_BAS_STUDENT_LIST', '0', null, '2018-03-22 09:57:15');
INSERT INTO `sys_func` VALUES ('P_DATA_BAS_TEACHER', '教职工管理', '1', null, null, '4', 'P_DATA_BAS', '0', null, '2018-03-01 14:49:28');
INSERT INTO `sys_func` VALUES ('P_DATA_BAS_TEACHER_LIST', '职工名单', '1', null, null, '1', 'P_DATA_BAS_TEACHER', '0', null, '2018-03-14 17:48:48');
INSERT INTO `sys_func` VALUES ('P_DATA_BAS_TEACHER_LIST_A', '新增', '0', null, null, '1', 'P_DATA_BAS_TEACHER_LIST', '0', null, '2018-03-19 17:48:48');
INSERT INTO `sys_func` VALUES ('P_DATA_BAS_TEACHER_LIST_D', '删除', '0', null, null, '4', 'P_DATA_BAS_TEACHER_LIST', '0', null, '2018-03-19 17:48:48');
INSERT INTO `sys_func` VALUES ('P_DATA_BAS_TEACHER_LIST_U', '修改', '0', null, null, '3', 'P_DATA_BAS_TEACHER_LIST', '0', null, '2018-03-19 17:48:48');
INSERT INTO `sys_func` VALUES ('P_DATA_BAS_TEACHER_LIST_v', '查看', '0', null, null, '2', 'P_DATA_BAS_TEACHER_LIST', '0', null, '2018-03-21 17:48:48');
INSERT INTO `sys_func` VALUES ('P_DATA_BAS_TEACHER_ROLE', '角色管理', '1', null, null, '4', 'P_DATA_BAS_TEACHER', '0', null, '2018-03-06 09:17:54');
INSERT INTO `sys_func` VALUES ('P_DATA_BAS_TEACHER_ROLE_A', '新增', '0', null, null, '1', 'P_DATA_BAS_TEACHER_ROLE', '0', null, '2018-03-06 09:19:41');
INSERT INTO `sys_func` VALUES ('P_DATA_BAS_TEACHER_ROLE_D', '删除', '0', null, null, '3', 'P_DATA_BAS_TEACHER_ROLE', '0', null, '2018-03-06 09:21:32');
INSERT INTO `sys_func` VALUES ('P_DATA_BAS_TEACHER_ROLE_V', '查看', '0', null, null, '4', 'P_DATA_BAS_TEACHER_ROLE', '0', null, '2018-03-06 09:21:34');
INSERT INTO `sys_func` VALUES ('P_DATA_CARD', '智能卡管理', '1', null, null, '3', 'P_DATA', '0', null, '2018-03-01 14:49:28');
INSERT INTO `sys_func` VALUES ('P_DATA_CARD_CARD', '智能卡管理', '1', null, null, '1', 'P_DATA_CARD', '0', null, '2018-03-01 14:49:28');
INSERT INTO `sys_func` VALUES ('P_DATA_PHOTO', '照片管理', '1', null, null, '2', 'P_DATA', '0', null, '2018-03-01 14:49:28');
INSERT INTO `sys_func` VALUES ('P_DATA_PHOTO_IMP', '照片批量导入', '1', null, null, '1', 'P_DATA_PHOTO', '0', null, '2018-03-01 14:49:28');
INSERT INTO `sys_func` VALUES ('P_DEVICE', '设备管理', '1', null, null, '4', 'P', '0', null, '2017-08-18 09:49:28');
INSERT INTO `sys_func` VALUES ('P_DEVICE_APP', 'APP管理', '1', null, null, '2', 'P_DEVICE', '0', null, '2018-03-01 14:49:28');
INSERT INTO `sys_func` VALUES ('P_DEVICE_APP_APP', 'APP管理', '1', null, null, '1', 'P_DEVICE_APP', '0', null, '2018-03-01 14:49:28');
INSERT INTO `sys_func` VALUES ('P_DEVICE_APP_APP_LIST', 'APP管理列表', '1', null, null, '0', 'P_DEVICE_APP_APP', '0', null, '2018-03-06 11:49:28');
INSERT INTO `sys_func` VALUES ('P_DEVICE_APP_APP_LIST_A', '新增', '0', null, null, '2', 'P_DEVICE_APP_APP_LIST', '0', null, '2018-03-01 11:11:11');
INSERT INTO `sys_func` VALUES ('P_DEVICE_APP_APP_LIST_D', '删除', '0', null, null, '6', 'P_DEVICE_APP_APP_LIST', '0', null, '2018-11-11 11:11:11');
INSERT INTO `sys_func` VALUES ('P_DEVICE_APP_APP_LIST_V', '查看', '0', null, null, '1', 'P_DEVICE_APP_APP_LIST', '0', null, '2018-11-11 11:11:11');
INSERT INTO `sys_func` VALUES ('P_DEVICE_DEVICE', '设备管理', '1', null, null, '1', 'P_DEVICE', '0', null, '2018-03-01 14:49:28');
INSERT INTO `sys_func` VALUES ('P_DEVICE_DEVICE_CPAD', '班牌管理', '1', null, null, '2', 'P_DEVICE_DEVICE', '0', null, '2018-03-01 14:49:28');
INSERT INTO `sys_func` VALUES ('P_DEVICE_DEVICE_CPAD_LIST', '班牌列表', '1', null, null, '1', 'P_DEVICE_DEVICE_CPAD', '0', null, '2018-03-05 14:03:03');
INSERT INTO `sys_func` VALUES ('P_DEVICE_DEVICE_CPAD_LIST_A', '新增', '0', null, null, '1', 'P_DEVICE_DEVICE_CPAD_LIST', '0', null, '2018-03-05 14:03:03');
INSERT INTO `sys_func` VALUES ('P_DEVICE_DEVICE_CPAD_LIST_D', '删除', '0', null, null, '4', 'P_DEVICE_DEVICE_CPAD_LIST', '0', null, '2018-03-05 14:03:03');
INSERT INTO `sys_func` VALUES ('P_DEVICE_DEVICE_CPAD_LIST_U', '修改', '0', null, null, '3', 'P_DEVICE_DEVICE_CPAD_LIST', '0', null, '2018-03-05 14:03:03');
INSERT INTO `sys_func` VALUES ('P_DEVICE_DEVICE_CPAD_LIST_V', '查看', '0', null, null, '2', 'P_DEVICE_DEVICE_CPAD_LIST', '0', null, '2018-03-05 14:03:03');
INSERT INTO `sys_func` VALUES ('P_DEVICE_DEVICE_CPAD_MANA', '密码管理', '1', null, null, '2', 'P_DEVICE_DEVICE_CPAD', '0', null, '2018-03-05 14:03:03');
INSERT INTO `sys_func` VALUES ('P_DEVICE_DEVICE_CPAD_MANA_U', '修改', '0', null, null, '1', 'P_DEVICE_DEVICE_CPAD_MANA', '0', null, '2018-03-05 14:03:03');
INSERT INTO `sys_func` VALUES ('P_DEVICE_DEVICE_DEV', '设备管理', '1', null, null, '1', 'P_DEVICE_DEVICE', '0', null, '2018-03-01 14:49:28');
INSERT INTO `sys_func` VALUES ('P_DEVICE_DEVICE_DEV_GROUP', '分组设置', '1', null, null, '2', 'P_DEVICE_DEVICE_DEV', '0', null, '2018-03-05 14:03:03');
INSERT INTO `sys_func` VALUES ('P_DEVICE_DEVICE_DEV_GROUP_A', '新增', '0', null, null, '1', 'P_DEVICE_DEVICE_DEV_GROUP', '0', null, '2018-03-05 14:03:03');
INSERT INTO `sys_func` VALUES ('P_DEVICE_DEVICE_DEV_GROUP_D', '删除', '0', null, null, '3', 'P_DEVICE_DEVICE_DEV_GROUP', '0', null, '2018-03-05 14:03:03');
INSERT INTO `sys_func` VALUES ('P_DEVICE_DEVICE_DEV_GROUP_U', '修改', '0', null, null, '2', 'P_DEVICE_DEVICE_DEV_GROUP', '0', null, '2018-03-05 14:03:03');
INSERT INTO `sys_func` VALUES ('P_DEVICE_DEVICE_DEV_LIST', '设备列表', '1', null, null, '1', 'P_DEVICE_DEVICE_DEV', '0', null, '2018-03-05 14:03:03');
INSERT INTO `sys_func` VALUES ('P_DEVICE_DEVICE_DEV_LIST_A', '新增', '0', null, null, '1', 'P_DEVICE_DEVICE_DEV_LIST', '0', null, '2018-03-05 14:03:03');
INSERT INTO `sys_func` VALUES ('P_DEVICE_DEVICE_DEV_LIST_D', '删除', '0', null, null, '4', 'P_DEVICE_DEVICE_DEV_LIST', '0', null, '2018-03-05 14:03:03');
INSERT INTO `sys_func` VALUES ('P_DEVICE_DEVICE_DEV_LIST_U', '修改', '0', null, null, '3', 'P_DEVICE_DEVICE_DEV_LIST', '0', null, '2018-03-05 14:03:03');
INSERT INTO `sys_func` VALUES ('P_DEVICE_DEVICE_DEV_LIST_V', '查看', '0', null, null, '2', 'P_DEVICE_DEVICE_DEV_LIST', '0', null, '2018-03-05 14:03:03');
INSERT INTO `sys_func` VALUES ('P_DEVICE_DEVICE_DEV_SUP', '供应商管理', '1', null, null, '3', 'P_DEVICE_DEVICE_DEV', '0', null, '2018-03-05 14:03:03');
INSERT INTO `sys_func` VALUES ('P_DEVICE_DEVICE_DEV_SUP_A', '新增', '0', null, null, '1', 'P_DEVICE_DEVICE_DEV_SUP', '0', null, '2018-03-05 14:03:03');
INSERT INTO `sys_func` VALUES ('P_DEVICE_DEVICE_DEV_SUP_D', '删除', '0', null, null, '3', 'P_DEVICE_DEVICE_DEV_SUP', '0', null, '2018-03-05 14:03:03');
INSERT INTO `sys_func` VALUES ('P_DEVICE_DEVICE_DEV_SUP_U', '修改', '0', null, null, '2', 'P_DEVICE_DEVICE_DEV_SUP', '0', null, '2018-03-05 14:03:03');
INSERT INTO `sys_func` VALUES ('P_DEVICE_DEVICE_HPAD', '校牌管理', '1', null, null, '3', 'P_DEVICE_DEVICE', '0', null, '2018-03-01 14:49:28');
INSERT INTO `sys_func` VALUES ('P_DEVICE_DEVICE_HPAD_LIST', '校牌列表', '1', null, null, '1', 'P_DEVICE_DEVICE_HPAD', '0', null, '2018-03-05 14:03:03');
INSERT INTO `sys_func` VALUES ('P_DEVICE_DEVICE_HPAD_LIST_A', '新增', '0', null, null, '1', 'P_DEVICE_DEVICE_HPAD_LIST', '0', null, '2018-03-05 14:03:03');
INSERT INTO `sys_func` VALUES ('P_DEVICE_DEVICE_HPAD_LIST_D', '删除', '0', null, null, '4', 'P_DEVICE_DEVICE_HPAD_LIST', '0', null, '2018-03-05 14:03:03');
INSERT INTO `sys_func` VALUES ('P_DEVICE_DEVICE_HPAD_LIST_U', '修改', '0', null, null, '3', 'P_DEVICE_DEVICE_HPAD_LIST', '0', null, '2018-03-05 14:03:03');
INSERT INTO `sys_func` VALUES ('P_DEVICE_DEVICE_HPAD_LIST_V', '查看', '0', null, null, '2', 'P_DEVICE_DEVICE_HPAD_LIST', '0', null, '2018-03-05 14:03:03');
INSERT INTO `sys_func` VALUES ('P_SYS', '系统管理', '1', null, null, '5', 'P', '0', null, '2017-08-18 09:49:28');
INSERT INTO `sys_func` VALUES ('P_SYS_AREA', '地区管理', '1', null, null, '1', 'P_SYS', '0', null, '2018-03-01 14:49:28');
INSERT INTO `sys_func` VALUES ('P_SYS_AREA_AREA', '地区管理', '1', null, null, '1', 'P_SYS_AREA', '0', null, '2018-03-01 14:49:28');
INSERT INTO `sys_func` VALUES ('P_SYS_AREA_AREA_AREA', '地区管理', '0', null, null, '1', 'P_SYS_AREA_AREA', '0', null, '2018-03-12 14:23:23');
INSERT INTO `sys_func` VALUES ('P_SYS_KF', '客服管理', '1', null, null, '5', 'P_SYS', '0', null, '2018-03-02 11:49:28');
INSERT INTO `sys_func` VALUES ('P_SYS_KF_FAULT', '报障管理', '1', null, null, '3', 'P_SYS_KF', '0', null, '2018-03-02 11:49:28');
INSERT INTO `sys_func` VALUES ('P_SYS_KF_WHELP', '微信帮助信息', '1', null, null, '1', 'P_SYS_KF', '0', null, '2018-03-02 11:49:28');
INSERT INTO `sys_func` VALUES ('P_SYS_KF_WUSER', '微信用户反馈', '1', null, null, '2', 'P_SYS_KF', '0', null, '2018-03-02 11:49:28');
INSERT INTO `sys_func` VALUES ('P_SYS_LOGGER', '日志管理', '1', null, null, '6', 'P_SYS', '0', null, '2018-03-02 11:49:28');
INSERT INTO `sys_func` VALUES ('P_SYS_LOGGER_EDU', '平台日志', '1', null, null, '1', 'P_SYS_LOGGER', '0', null, '2018-03-02 11:49:28');
INSERT INTO `sys_func` VALUES ('P_SYS_LOGGER_IMP', '数据导入日志', '1', null, null, '2', 'P_SYS_LOGGER', '0', null, '2018-03-02 11:49:28');
INSERT INTO `sys_func` VALUES ('P_SYS_SA', 'SA管理', '1', null, null, '2', 'P_SYS', '0', null, '2018-03-01 14:49:28');
INSERT INTO `sys_func` VALUES ('P_SYS_SA_ROLE', '角色管理', '1', null, null, '2', 'P_SYS_SA', '0', null, '2018-03-01 14:49:28');
INSERT INTO `sys_func` VALUES ('P_SYS_SA_ROLE_ROLE', '角色管理', '0', null, null, '1', 'P_SYS_SA_ROLE', '0', null, '2018-03-05 15:49:28');
INSERT INTO `sys_func` VALUES ('P_SYS_SA_ROLE_ROLE_A', '新增', '0', null, null, '1', 'P_SYS_SA_ROLE_ROLE', '0', null, '2018-03-21 11:49:28');
INSERT INTO `sys_func` VALUES ('P_SYS_SA_ROLE_ROLE_D', '删除', '0', null, null, '4', 'P_SYS_SA_ROLE_ROLE', '0', null, '2018-03-21 11:49:28');
INSERT INTO `sys_func` VALUES ('P_SYS_SA_ROLE_ROLE_F', '设置权限', '0', null, null, '3', 'P_SYS_SA_ROLE_ROLE', '0', null, '2018-03-21 11:49:28');
INSERT INTO `sys_func` VALUES ('P_SYS_SA_ROLE_ROLE_U', '修改', '0', null, null, '2', 'P_SYS_SA_ROLE_ROLE', '0', null, '2018-03-21 11:49:28');
INSERT INTO `sys_func` VALUES ('P_SYS_SA_SA', 'SA管理', '1', null, null, '1', 'P_SYS_SA', '0', null, '2018-03-01 14:49:28');
INSERT INTO `sys_func` VALUES ('P_SYS_SA_SA_SA', 'SA管理', '0', null, null, '1', 'P_SYS_SA_SA', '0', null, '2018-03-05 15:49:28');
INSERT INTO `sys_func` VALUES ('P_SYS_SA_SA_SA_A', '新增', '0', null, null, '1', 'P_SYS_SA_SA_SA', '0', null, '2018-03-21 11:49:28');
INSERT INTO `sys_func` VALUES ('P_SYS_SA_SA_SA_D', '删除', '0', null, null, '5', 'P_SYS_SA_SA_SA', '0', null, '2018-03-21 11:49:28');
INSERT INTO `sys_func` VALUES ('P_SYS_SA_SA_SA_F', '设置权限', '0', null, null, '4', 'P_SYS_SA_SA_SA', '0', null, '2018-03-21 11:49:28');
INSERT INTO `sys_func` VALUES ('P_SYS_SA_SA_SA_U', '修改', '0', null, null, '3', 'P_SYS_SA_SA_SA', '0', null, '2018-03-21 11:49:28');
INSERT INTO `sys_func` VALUES ('P_SYS_SA_SA_SA_V', '查看', '0', null, null, '2', 'P_SYS_SA_SA_SA', '0', null, '2018-03-21 11:49:28');
INSERT INTO `sys_func` VALUES ('P_SYS_SA_USER', '用户管理', '1', null, null, '3', 'P_SYS_SA', '0', null, '2018-03-01 14:49:28');
INSERT INTO `sys_func` VALUES ('P_SYS_SA_USER_USER', '用户管理', '0', null, null, '1', 'P_SYS_SA_USER', '0', null, '2018-03-05 15:49:28');
INSERT INTO `sys_func` VALUES ('P_SYS_SA_USER_USER_A', '新增', '0', null, null, '1', 'P_SYS_SA_USER_USER', '0', null, '2018-03-21 11:49:28');
INSERT INTO `sys_func` VALUES ('P_SYS_SA_USER_USER_S', '设置学校', '0', null, null, '4', 'P_SYS_SA_USER_USER', '0', null, '2018-03-21 11:49:28');
INSERT INTO `sys_func` VALUES ('P_SYS_SA_USER_USER_U', '修改', '0', null, null, '3', 'P_SYS_SA_USER_USER', '0', null, '2018-03-21 11:49:28');
INSERT INTO `sys_func` VALUES ('P_SYS_SA_USER_USER_v', '查看', '0', null, null, '2', 'P_SYS_SA_USER_USER', '0', null, '2018-03-21 11:49:28');
INSERT INTO `sys_func` VALUES ('P_SYS_WS', 'WS管理', '1', null, null, '4', 'P_SYS', '0', null, '2018-03-02 11:49:28');
INSERT INTO `sys_func` VALUES ('P_SYS_WS_ACC', 'WS账号管理', '1', null, null, '1', 'P_SYS_WS', '0', null, '2018-03-02 11:49:28');
INSERT INTO `sys_func` VALUES ('P_SYS_WS_ACC_ACC', 'WS账号管理列表', '1', null, null, '1', 'P_SYS_WS_ACC', '0', null, '2018-03-05 11:11:11');
INSERT INTO `sys_func` VALUES ('P_SYS_WS_ACC_ACC_A', '新增', '0', null, null, '1', 'P_SYS_WS_ACC_ACC', '0', null, '2018-03-05 15:49:28');
INSERT INTO `sys_func` VALUES ('P_SYS_WS_ACC_ACC_D', '删除', '0', null, null, '6', 'P_SYS_WS_ACC_ACC', '0', null, '2018-03-05 15:49:28');
INSERT INTO `sys_func` VALUES ('P_SYS_WS_ACC_ACC_SA', '绑定SA', '0', null, null, '4', 'P_SYS_WS_ACC_ACC', '0', null, '2018-03-05 15:49:28');
INSERT INTO `sys_func` VALUES ('P_SYS_WS_ACC_ACC_SCHOOL', '绑定学校', '0', null, null, '5', 'P_SYS_WS_ACC_ACC', '0', null, '2018-03-05 15:49:28');
INSERT INTO `sys_func` VALUES ('P_SYS_WS_ACC_ACC_SERVICE', '配置服务', '0', null, null, '3', 'P_SYS_WS_ACC_ACC', '0', null, '2018-03-05 15:49:28');
INSERT INTO `sys_func` VALUES ('P_SYS_WS_ACC_ACC_U', '修改', '0', null, null, '2', 'P_SYS_WS_ACC_ACC', '0', null, '2018-03-05 15:49:28');
INSERT INTO `sys_func` VALUES ('P_SYS_WS_SERVICE', 'WS服务管理', '1', null, null, '2', 'P_SYS_WS', '0', null, '2018-03-02 11:49:28');
INSERT INTO `sys_func` VALUES ('P_SYS_WS_SERVICE_SERVICE', 'WS服务管理', '1', null, null, '2', 'P_SYS_WS_SERVICE', '0', null, '2018-03-02 11:11:11');
INSERT INTO `sys_func` VALUES ('P_SYS_WX', '公众号管理', '1', null, null, '3', 'P_SYS', '0', null, '2018-03-02 11:49:28');
INSERT INTO `sys_func` VALUES ('P_SYS_WX_WXAPP', '公众号管理', '1', null, null, '1', 'P_SYS_WX', '0', null, '2018-03-02 11:49:28');
INSERT INTO `sys_func` VALUES ('P_SYS_WX_WXAPP_APP', '公众号管理', '1', null, null, '1', 'P_SYS_WX_WXAPP', '0', null, '2018-03-06 09:27:18');
INSERT INTO `sys_func` VALUES ('P_SYS_WX_WXAPP_APP_A', '新增', '0', null, null, '1', 'P_SYS_WX_WXAPP_APP', '0', null, '2018-03-06 09:27:16');
INSERT INTO `sys_func` VALUES ('P_SYS_WX_WXAPP_APP_D', '删除', '0', null, null, '3', 'P_SYS_WX_WXAPP_APP', '0', null, '2018-03-06 09:27:11');
INSERT INTO `sys_func` VALUES ('P_SYS_WX_WXAPP_APP_M', '菜单配置', '0', null, null, '5', 'P_SYS_WX_WXAPP_APP', '0', null, '2018-03-06 09:28:44');
INSERT INTO `sys_func` VALUES ('P_SYS_WX_WXAPP_APP_U', '修改', '0', null, null, '2', 'P_SYS_WX_WXAPP_APP', '0', null, '2018-03-06 09:27:13');
INSERT INTO `sys_func` VALUES ('P_SYS_WX_WXAPP_APP_V', '查看', '0', null, null, '0', 'P_SYS_WX_WXAPP_APP', '0', null, '2018-03-06 09:27:08');
INSERT INTO `sys_func` VALUES ('P_SYS_WX_WXAPP_TMP', '消息模板管理', '1', null, null, '2', 'P_SYS_WX_WXAPP', '0', null, '2018-03-06 09:27:06');
INSERT INTO `sys_func` VALUES ('P_SYS_WX_WXAPP_TMP_A', '新增', '0', null, null, '1', 'P_SYS_WX_WXAPP_TMP', '0', null, '2018-03-06 09:27:04');
INSERT INTO `sys_func` VALUES ('P_SYS_WX_WXAPP_TMP_D', '删除', '0', null, null, '3', 'P_SYS_WX_WXAPP_TMP', '0', null, '2018-03-06 09:26:56');
INSERT INTO `sys_func` VALUES ('P_SYS_WX_WXAPP_TMP_U', '修改', '0', null, null, '2', 'P_SYS_WX_WXAPP_TMP', '0', null, '2018-03-06 09:26:59');
INSERT INTO `sys_func` VALUES ('P_SYS_WX_WXAPP_TMP_V', '查看', '0', null, null, '4', 'P_SYS_WX_WXAPP_TMP', '0', null, '2018-03-06 09:26:54');
INSERT INTO `sys_func` VALUES ('P_USE', '应用管理', '1', null, null, '2', 'P', '0', null, '2018-03-01 14:49:28');
INSERT INTO `sys_func` VALUES ('P_USE_KMFORM', '考勤门禁报表', '1', null, null, '2', 'P_USE', '0', null, '2018-03-02 11:49:28');
INSERT INTO `sys_func` VALUES ('P_USE_KMFORM_KQDT', '考勤明细', '1', null, null, '1', 'P_USE_KMFORM', '0', null, '2018-03-02 11:49:28');
INSERT INTO `sys_func` VALUES ('P_USE_KMFORM_KQST', '考勤统计', '1', null, null, '2', 'P_USE_KMFORM', '0', null, '2018-03-02 11:49:28');
INSERT INTO `sys_func` VALUES ('P_USE_KMFORM_MJRC', '门禁记录', '1', null, null, '3', 'P_USE_KMFORM', '0', null, '2018-03-02 11:49:28');
INSERT INTO `sys_func` VALUES ('P_USE_KMSET', '考勤门禁设置', '1', null, null, '1', 'P_USE', '0', null, '2018-03-02 11:49:28');
INSERT INTO `sys_func` VALUES ('P_USE_KMSET_KQTIME', '考勤时间设置', '1', null, null, '1', 'P_USE_KMSET', '0', null, '2018-03-02 11:49:28');
INSERT INTO `sys_func` VALUES ('P_USE_KMSET_MJTIME', '门禁时间设置', '1', null, null, '2', 'P_USE_KMSET', '0', null, '2018-03-02 11:49:28');
INSERT INTO `sys_func` VALUES ('P_USE_QQ', '亲情电话', '1', null, null, '3', 'P_USE', '0', null, '2018-03-02 11:49:28');
INSERT INTO `sys_func` VALUES ('P_USE_QQ_FORM', '亲情电话报表', '1', null, null, '2', 'P_USE_QQ', '0', null, '2018-03-02 11:49:28');
INSERT INTO `sys_func` VALUES ('P_USE_QQ_USER', '亲情电话用户管理', '1', null, null, '1', 'P_USE_QQ', '0', null, '2018-03-02 11:49:28');

-- ----------------------------
-- Table structure for `sys_imp`
-- ----------------------------
DROP TABLE IF EXISTS `sys_imp`;
CREATE TABLE `sys_imp` (
  `id` varchar(32) NOT NULL COMMENT 'ID',
  `uid` varchar(32) DEFAULT NULL COMMENT '操作人ID',
  `fname` varchar(50) DEFAULT NULL COMMENT '文件名',
  `hid` varchar(32) DEFAULT NULL COMMENT '所属学校',
  `type` varchar(32) DEFAULT NULL COMMENT '数据类型',
  `path` varchar(100) DEFAULT NULL COMMENT '文件路径',
  `it` datetime DEFAULT NULL COMMENT '上传时间',
  `bt` bigint(20) DEFAULT NULL COMMENT '开始处理时间',
  `et` bigint(20) DEFAULT NULL COMMENT '完成处理时间',
  `succ` int(11) DEFAULT NULL COMMENT '插入成功数',
  `fail` int(11) DEFAULT NULL COMMENT '插入失败数',
  `remark` varchar(100) DEFAULT NULL COMMENT '备注',
  PRIMARY KEY (`id`)
) ENGINE=InnoDB DEFAULT CHARSET=utf8;

-- ----------------------------
-- Records of sys_imp
-- ----------------------------
INSERT INTO `sys_imp` VALUES ('20180115100612540855582092026807', null, '学生数据导入模板.xls', '00000001', 'stu_imp', 'imp/00000001/20180115100612503771.xls', '2018-01-15 10:06:12', '1515982508782', '1515982522416', '5', '17', null);
INSERT INTO `sys_imp` VALUES ('20180115101611886024825686306458', null, '学生数据导入模板.xls', '00000001', 'stu_imp', 'imp/00000001/20180115101611878676.xls', '2018-01-15 10:16:11', '1515982571957', '1515982765570', '5', '17', null);
INSERT INTO `sys_imp` VALUES ('20180123180624089825674693097946', '00012017123100000000000000000001', '学生数据导入.xls', '00000001', 'stu_imp', 'imp/00000001/20180123180616364404.xls', '2018-01-23 18:06:24', '1519973333923', '1519973335558', '0', '30', '数据导入失败');

-- ----------------------------
-- Table structure for `sys_impt`
-- ----------------------------
DROP TABLE IF EXISTS `sys_impt`;
CREATE TABLE `sys_impt` (
  `id` varchar(32) NOT NULL COMMENT 'ID',
  `hid` varchar(8) DEFAULT NULL COMMENT '学校ID',
  `hname` varchar(128) DEFAULT NULL COMMENT '学校名称',
  `sa_id` varchar(4) DEFAULT NULL COMMENT 'SA ID',
  `sa_name` varchar(128) DEFAULT NULL COMMENT 'SA名称',
  `type` varchar(64) DEFAULT NULL COMMENT '类型',
  `fpath` varchar(256) DEFAULT NULL COMMENT '文件路径',
  `fname` varchar(128) DEFAULT NULL COMMENT '源文件名',
  `hd_an` varchar(16) DEFAULT NULL COMMENT '处理人',
  `hd_rt` datetime DEFAULT NULL COMMENT '申请处理时间',
  `hd_bt` datetime DEFAULT NULL COMMENT '开始处理时间',
  `hd_ft` datetime DEFAULT NULL COMMENT '完成处理时间',
  `hd_sn` int(11) DEFAULT NULL COMMENT '处理成功数量',
  `hd_fn` int(11) DEFAULT NULL COMMENT '处理失败数量',
  `hd_rs` varchar(200) DEFAULT NULL COMMENT '处理结果',
  `op_ut` varchar(16) DEFAULT NULL COMMENT '操作人类型',
  `op_uid` varchar(32) DEFAULT NULL COMMENT '操作人ID',
  `op_uname` varchar(128) DEFAULT NULL COMMENT '操作人姓名',
  PRIMARY KEY (`id`),
  KEY `inx_hid` (`hid`)
) ENGINE=InnoDB DEFAULT CHARSET=utf8 COMMENT='数据导入记录';

-- ----------------------------
-- Records of sys_impt
-- ----------------------------
INSERT INTO `sys_impt` VALUES ('20180322112909185991191304502727', '00000001', '英特小学', '0001', '英特韦特', 'xyc_recipes', '00000001/imp/201803/20180322112908498723.xls', '食谱导入.xls', 'hhx', null, null, null, '9', '1', 'Success', 'TCH', '00000001201712310000000000000001', '模拟教师');
INSERT INTO `sys_impt` VALUES ('20180322113058684853396274706701', '00000001', '英特小学', '0001', '英特韦特', 'xyc_recipes', '00000001/imp/201803/20180322113058663721.xls', '食谱导入.xls', 'hhx', '2018-03-26 11:19:08', '2018-03-26 11:19:23', '2018-03-26 11:19:26', '2', '5', 'Success', 'TCH', '00000001201712310000000000000001', '模拟教师');

-- ----------------------------
-- Table structure for `ws_acc`
-- ----------------------------
DROP TABLE IF EXISTS `ws_acc`;
CREATE TABLE `ws_acc` (
  `acc` varchar(100) NOT NULL COMMENT '帐号',
  `pwd` varchar(16) DEFAULT NULL COMMENT '密码',
  `name` varchar(20) DEFAULT NULL COMMENT '名称',
  `status` varchar(8) DEFAULT NULL COMMENT '状态',
  `ut` datetime DEFAULT NULL COMMENT '修改时间',
  PRIMARY KEY (`acc`)
) ENGINE=InnoDB DEFAULT CHARSET=utf8 COMMENT='WS账号';

-- ----------------------------
-- Records of ws_acc
-- ----------------------------
INSERT INTO `ws_acc` VALUES ('chengtao', '1234568', '桃桃啊', 'NORMAL', '2018-03-12 11:54:04');
INSERT INTO `ws_acc` VALUES ('daxiang', '123456', '张大仙', 'NORMAL', '2018-03-02 09:56:30');
INSERT INTO `ws_acc` VALUES ('hewenhui', '123456', '灰灰', 'DISABLE', '2018-03-01 14:55:06');
INSERT INTO `ws_acc` VALUES ('libai', '1234567', '李白', 'NORMAL', '2018-03-12 11:44:13');
INSERT INTO `ws_acc` VALUES ('liuliu', '123456', '大叔', 'NORMAL', '2018-03-01 09:11:11');
INSERT INTO `ws_acc` VALUES ('tiantian', '123456', '天天', 'NORMAL', '2018-03-06 15:27:50');
INSERT INTO `ws_acc` VALUES ('wanggb', '222223', '测试', 'DISABLE', '2018-01-19 09:18:13');
INSERT INTO `ws_acc` VALUES ('wanggbn', '123456', '测试2', 'NORMAL', '2018-01-19 09:18:41');
INSERT INTO `ws_acc` VALUES ('yangliu', '123456', '杨柳', 'NORMAL', '2018-03-01 14:54:18');
INSERT INTO `ws_acc` VALUES ('yangyang', '123456', '洋洋', 'DISABLE', '2018-03-07 15:59:55');

-- ----------------------------
-- Table structure for `ws_acc_sa`
-- ----------------------------
DROP TABLE IF EXISTS `ws_acc_sa`;
CREATE TABLE `ws_acc_sa` (
  `acc` varchar(32) NOT NULL DEFAULT '' COMMENT 'WS帐号',
  `sa_id` varchar(4) NOT NULL DEFAULT '' COMMENT 'SA主键',
  PRIMARY KEY (`acc`,`sa_id`)
) ENGINE=InnoDB DEFAULT CHARSET=utf8 COMMENT='WS账号SA关联表';

-- ----------------------------
-- Records of ws_acc_sa
-- ----------------------------
INSERT INTO `ws_acc_sa` VALUES ('chengtao', '0001');
INSERT INTO `ws_acc_sa` VALUES ('chengtao', '0002');
INSERT INTO `ws_acc_sa` VALUES ('chengtao', '0003');
INSERT INTO `ws_acc_sa` VALUES ('daxiang', '0001');
INSERT INTO `ws_acc_sa` VALUES ('hewenhui', '0001');
INSERT INTO `ws_acc_sa` VALUES ('liuliu', '0001');
INSERT INTO `ws_acc_sa` VALUES ('liuliu', '0002');
INSERT INTO `ws_acc_sa` VALUES ('tiantian', '0001');
INSERT INTO `ws_acc_sa` VALUES ('tiantian', '0002');
INSERT INTO `ws_acc_sa` VALUES ('tiantian', '0003');
INSERT INTO `ws_acc_sa` VALUES ('wanggb', '0002');
INSERT INTO `ws_acc_sa` VALUES ('wanggbn', '0002');
INSERT INTO `ws_acc_sa` VALUES ('yangliu', '0002');
INSERT INTO `ws_acc_sa` VALUES ('yangliu', '0003');

-- ----------------------------
-- Table structure for `ws_acc_sch`
-- ----------------------------
DROP TABLE IF EXISTS `ws_acc_sch`;
CREATE TABLE `ws_acc_sch` (
  `acc` varchar(32) NOT NULL DEFAULT '' COMMENT 'WS帐号ID',
  `hid` varchar(8) NOT NULL DEFAULT '' COMMENT '学校ID',
  PRIMARY KEY (`acc`,`hid`)
) ENGINE=InnoDB DEFAULT CHARSET=utf8 COMMENT='WS账号学校关联表';

-- ----------------------------
-- Records of ws_acc_sch
-- ----------------------------
INSERT INTO `ws_acc_sch` VALUES ('chengtao', '00000002');
INSERT INTO `ws_acc_sch` VALUES ('chengtao', '00000012');
INSERT INTO `ws_acc_sch` VALUES ('chengtao', '00000017');
INSERT INTO `ws_acc_sch` VALUES ('chengtao', '00000018');
INSERT INTO `ws_acc_sch` VALUES ('chengtao', '00000020');
INSERT INTO `ws_acc_sch` VALUES ('chengtao', '00000021');
INSERT INTO `ws_acc_sch` VALUES ('chengtao', '00000022');
INSERT INTO `ws_acc_sch` VALUES ('chengtao', '00000024');
INSERT INTO `ws_acc_sch` VALUES ('daxiang', '00000001');
INSERT INTO `ws_acc_sch` VALUES ('liuliu', '00000001');
INSERT INTO `ws_acc_sch` VALUES ('liuliu', '00000002');
INSERT INTO `ws_acc_sch` VALUES ('wanggb', '00000004');
INSERT INTO `ws_acc_sch` VALUES ('wanggbn', '00000004');

-- ----------------------------
-- Table structure for `ws_acc_service`
-- ----------------------------
DROP TABLE IF EXISTS `ws_acc_service`;
CREATE TABLE `ws_acc_service` (
  `acc` varchar(32) NOT NULL DEFAULT '' COMMENT 'WS帐号ID',
  `service_id` varchar(32) NOT NULL DEFAULT '' COMMENT 'WS服务ID',
  PRIMARY KEY (`acc`,`service_id`)
) ENGINE=InnoDB DEFAULT CHARSET=utf8 COMMENT='WS账号服务关联表';

-- ----------------------------
-- Records of ws_acc_service
-- ----------------------------
INSERT INTO `ws_acc_service` VALUES ('chengtao', '/app/foot/footbook');
INSERT INTO `ws_acc_service` VALUES ('chengtao', '/data/stu/add');
INSERT INTO `ws_acc_service` VALUES ('chengtao', '/data/stu/upd');
INSERT INTO `ws_acc_service` VALUES ('chengtao', '/data/tch/upd');
INSERT INTO `ws_acc_service` VALUES ('chengtao', '/interface/image/add');
INSERT INTO `ws_acc_service` VALUES ('chengtao', '/interface/image/upd');
INSERT INTO `ws_acc_service` VALUES ('chengtao', '/interface/wx/wx');
INSERT INTO `ws_acc_service` VALUES ('chengtao', 'ppp/ddd/fff/');
INSERT INTO `ws_acc_service` VALUES ('daxiang', '/data/stu/upd');
INSERT INTO `ws_acc_service` VALUES ('hewenhui', '/data/tch/upd');
INSERT INTO `ws_acc_service` VALUES ('heyuhua', '/app/foot/footbook');
INSERT INTO `ws_acc_service` VALUES ('heyuhua', '/data/stu/add');
INSERT INTO `ws_acc_service` VALUES ('liuliu', '/app/foot/footbook');
INSERT INTO `ws_acc_service` VALUES ('liuliu', '/interface/image/add');
INSERT INTO `ws_acc_service` VALUES ('liuliu', '/interface/image/upd');
INSERT INTO `ws_acc_service` VALUES ('liuliu', '/interface/wx/wx');
INSERT INTO `ws_acc_service` VALUES ('tiantian', '/data/stu/add');
INSERT INTO `ws_acc_service` VALUES ('tiantian', '/data/stu/upd');
INSERT INTO `ws_acc_service` VALUES ('tiantian', '/data/tch/upd');
INSERT INTO `ws_acc_service` VALUES ('tiantian', 'ppp/ddd/fff/');
INSERT INTO `ws_acc_service` VALUES ('wanggb', '/app/foot/footbook');
INSERT INTO `ws_acc_service` VALUES ('wanggb', '/data/stu/upd');
INSERT INTO `ws_acc_service` VALUES ('wgbn', '/app/ws/qqq');
INSERT INTO `ws_acc_service` VALUES ('wgbn', '/app/ws/qwe');
INSERT INTO `ws_acc_service` VALUES ('wgbn', '/data/stu/upd');
INSERT INTO `ws_acc_service` VALUES ('wgbn', '/weather/ws/get');
INSERT INTO `ws_acc_service` VALUES ('zhouzhou', 'null');

-- ----------------------------
-- Table structure for `ws_log`
-- ----------------------------
DROP TABLE IF EXISTS `ws_log`;
CREATE TABLE `ws_log` (
  `id` varchar(32) NOT NULL COMMENT '主键',
  `acc` varchar(32) DEFAULT NULL COMMENT '账号',
  `url` varchar(128) DEFAULT NULL COMMENT '访问服务地址',
  `service_name` varchar(100) DEFAULT NULL COMMENT '服务名称',
  `status` varchar(8) DEFAULT NULL COMMENT '请求状态',
  `remark` varchar(4000) DEFAULT NULL COMMENT '备注',
  `hid` varchar(8) DEFAULT NULL COMMENT '学校主键',
  `ip` varchar(45) DEFAULT NULL COMMENT 'IP地址',
  `req` varchar(4000) DEFAULT NULL COMMENT '请求参数',
  `res` varchar(4000) DEFAULT NULL COMMENT '响应结果',
  `cost` int(11) DEFAULT NULL COMMENT '耗时(毫秒)',
  PRIMARY KEY (`id`)
) ENGINE=InnoDB DEFAULT CHARSET=utf8 COMMENT='WS日志';

-- ----------------------------
-- Records of ws_log
-- ----------------------------
INSERT INTO `ws_log` VALUES ('20171229112434349239454236488706', 'aaa', '/app/ws/qwe', 'ws接口', 'NORMAL', null, '00010001', null, null, null, null);

-- ----------------------------
-- Table structure for `ws_service`
-- ----------------------------
DROP TABLE IF EXISTS `ws_service`;
CREATE TABLE `ws_service` (
  `id` varchar(128) NOT NULL COMMENT '服务地址(主键)',
  `type` varchar(100) DEFAULT NULL COMMENT '类型',
  `name` varchar(100) DEFAULT NULL COMMENT '名称',
  `num` varchar(20) DEFAULT NULL COMMENT '序号',
  `remark` varchar(200) DEFAULT NULL COMMENT '备注',
  `ut` datetime DEFAULT NULL,
  PRIMARY KEY (`id`)
) ENGINE=InnoDB DEFAULT CHARSET=utf8 COMMENT='WS服务接口';

-- ----------------------------
-- Records of ws_service
-- ----------------------------
INSERT INTO `ws_service` VALUES ('/app/foot/footbook', '第三方', '食谱接口', '1.2.2.3', '阿里食谱接口', '2018-01-15 08:51:35');
INSERT INTO `ws_service` VALUES ('/data/stu/add', '基础数据', '学生新增', '1.1.1.54', '学生新增', '2018-03-01 10:26:53');
INSERT INTO `ws_service` VALUES ('/data/stu/upd', '基础数据', '学生变更', '1.1.1.3', '学生数据变更', '2018-01-13 17:19:12');
INSERT INTO `ws_service` VALUES ('/data/tch/upd', '基础数据', '教师变更', '1.1.1.6', '教师变更', '2018-02-08 09:19:48');
INSERT INTO `ws_service` VALUES ('/interface/image/add', '第三方', '校园风采图片接口', '1.1.2.5', '校园风采图片接口', '2018-02-08 09:26:48');
INSERT INTO `ws_service` VALUES ('/interface/image/upd', '第三方', '校园风采图片接口', '1.1.2.5', '校园风采图片接口', '2018-02-08 09:26:40');
INSERT INTO `ws_service` VALUES ('/interface/wx/wx', '第三方', '微信公众号接口', '1.1.2.5', '微信公众号', '2018-02-08 09:25:28');
INSERT INTO `ws_service` VALUES ('A/upd/food', 'A方接口', 'A方修改食物接口', '1.2.3.4', 'A方的食物接口ID', '2018-03-12 14:11:34');
INSERT INTO `ws_service` VALUES ('ppp/ddd/fff/', 'Test测试', '测试', '3.2.2.1', '这是个测试接口', '2018-03-01 09:52:34');
INSERT INTO `ws_service` VALUES ('sys/new-data/ws', 'A方接口', '新闻接口', '1.32.3.2', '新测试学校', '2018-03-08 16:19:04');
INSERT INTO `ws_service` VALUES ('sys/new/data', 'A方接口', '测试接口A', '1.1.2.3', '测试A方接口', '2018-03-12 14:21:57');
INSERT INTO `ws_service` VALUES ('upload/temp/apk', 'Test测试', 'APK下载接口', '2.1.2.3', '下载接口', '2018-03-17 11:34:15');

-- ----------------------------
-- Table structure for `wx_app`
-- ----------------------------
DROP TABLE IF EXISTS `wx_app`;
CREATE TABLE `wx_app` (
  `app_id` varchar(32) NOT NULL COMMENT '公众号AppId',
  `open_id` varchar(32) DEFAULT NULL COMMENT '公众号原始ID',
  `secret` varchar(128) NOT NULL COMMENT '公众号密钥',
  `token` varchar(128) NOT NULL DEFAULT '' COMMENT '公众号Token',
  `access_token` varchar(512) DEFAULT NULL COMMENT '动态Token',
  `aes_key` varchar(128) DEFAULT NULL COMMENT '消息加解密密钥',
  `name` varchar(128) DEFAULT NULL COMMENT '名称',
  `domain` varchar(128) DEFAULT NULL COMMENT '域名',
  `menu` varchar(2000) DEFAULT NULL COMMENT '菜单',
  `welcome` varchar(4000) DEFAULT NULL COMMENT '欢迎信息',
  `ut` datetime DEFAULT NULL COMMENT '更新时间',
  `dau` tinyint(1) DEFAULT '0' COMMENT '是否默认公众号',
  PRIMARY KEY (`app_id`)
) ENGINE=InnoDB DEFAULT CHARSET=utf8;

-- ----------------------------
-- Records of wx_app
-- ----------------------------
INSERT INTO `wx_app` VALUES ('wxc7e21ee08b6ce7fe', 'gh_45b3fbc155ee', '556a2bd68495a1a35e2ec4f0b2455618', 'insedu', '8_-UaoFvMeOsdBUo6hJR4cpovefobK_GjAORMdpRAF7xhdW7hCaM_-V6_Qbw-C65JYse7gKaR7w9kvKnrPSZmix_tCxoqINYn8nUGXvaoCKoij5HjVNWMeO0n2UbgBg2e0R48j5-wlSBhhtVl0NYXdAEAVGF', 'mYUBAiI2iZFr8HEndlw2DbJYkfuyLUNu4Lf26BJQJ51', '英特韦特产品服务测试', 'edu-zuul-wx-dev.integrated.cn', '[{\"name\":\"首页\",\"type\":\"view\",\"uri\":\"login\"},{\"name\":\"在线客服\",\"subs\":[{\"name\":\"跳转到客服\",\"type\":\"view\",\"uri\":\"kefu/index\"}]},{\"name\":\"帮助中心\",\"type\":\"view\",\"uri\":\"help\"}]', '欢迎关注英特韦特产品服务测试', '2018-03-16 15:12:38', '1');

-- ----------------------------
-- Table structure for `wx_app_sch`
-- ----------------------------
DROP TABLE IF EXISTS `wx_app_sch`;
CREATE TABLE `wx_app_sch` (
  `hid` varchar(8) NOT NULL DEFAULT '' COMMENT '学校ID',
  `app_id` varchar(32) DEFAULT NULL COMMENT '公众号AppId',
  PRIMARY KEY (`hid`)
) ENGINE=InnoDB DEFAULT CHARSET=utf8 COMMENT='学校公众号配置';

-- ----------------------------
-- Records of wx_app_sch
-- ----------------------------
INSERT INTO `wx_app_sch` VALUES ('00000001', 'wxc7e21ee08b6ce7fe');

-- ----------------------------
-- Table structure for `wx_app_sch_modules`
-- ----------------------------
DROP TABLE IF EXISTS `wx_app_sch_modules`;
CREATE TABLE `wx_app_sch_modules` (
  `hid` varchar(8) NOT NULL DEFAULT '' COMMENT '学校ID',
  `mid` varchar(64) NOT NULL DEFAULT '' COMMENT '模块ID',
  `fds` tinyint(4) DEFAULT '0' COMMENT '试用天数',
  `fde` varchar(10) DEFAULT NULL COMMENT '试用截止日期(yyyy-MM-dd)',
  `bids` varchar(400) DEFAULT NULL COMMENT '关联增值服务ID组合(00000001,00000002,...)',
  PRIMARY KEY (`hid`,`mid`)
) ENGINE=InnoDB DEFAULT CHARSET=utf8 COMMENT='学校公众号模块';

-- ----------------------------
-- Records of wx_app_sch_modules
-- ----------------------------

-- ----------------------------
-- Table structure for `wx_tmp`
-- ----------------------------
DROP TABLE IF EXISTS `wx_tmp`;
CREATE TABLE `wx_tmp` (
  `id` varchar(64) NOT NULL DEFAULT '' COMMENT '模版ID',
  `source_id` varchar(32) NOT NULL COMMENT '原始模板ID',
  `app_id` varchar(32) NOT NULL COMMENT '微信公众号APPID',
  PRIMARY KEY (`id`)
) ENGINE=InnoDB DEFAULT CHARSET=utf8;

-- ----------------------------
-- Records of wx_tmp
-- ----------------------------
INSERT INTO `wx_tmp` VALUES ('prVMKyKICz-HhMrwyie851nsuZczyEVBeTogXcymbsQ', 'TM00080', 'wxc7e21ee08b6ce7fe');
INSERT INTO `wx_tmp` VALUES ('TaNbr4HHPQpuALY15GYtt_3Zh0XbYrj3r-', 'TM00303', 'wxc7e21ee08baaaaa');
INSERT INTO `wx_tmp` VALUES ('TaNbr4HHPQpuALY15GYtt_3Zh0XbYrj3r-o2ZjscZfc', 'TM00303', 'wxc7e21ee08b6ce7fe');

-- ----------------------------
-- Table structure for `wx_tmp_source`
-- ----------------------------
DROP TABLE IF EXISTS `wx_tmp_source`;
CREATE TABLE `wx_tmp_source` (
  `id` varchar(32) NOT NULL DEFAULT '' COMMENT '原始模版ID',
  `name` varchar(32) DEFAULT NULL COMMENT '模版名称',
  `content` varchar(1000) DEFAULT NULL COMMENT '内容',
  `example` varchar(1000) DEFAULT NULL COMMENT '示例',
  PRIMARY KEY (`id`)
) ENGINE=InnoDB DEFAULT CHARSET=utf8;

-- ----------------------------
-- Records of wx_tmp_source
-- ----------------------------
INSERT INTO `wx_tmp_source` VALUES ('TM00080', '课程开课通知', '您好，{{userName.DATA}}。  您报名参加的{{courseName.DATA}}将于{{date.DATA}}开课，特此通知。 {{remark.DATA}}', '您好，kantzou。  您报名参加的会计认证课程将于2013年10月9日开课，特此通知。 想了解课程安排，可回复1 想了解师资详情，可回复2 想了解更多课程，可回复3 感谢您对微信学校的支持。');
INSERT INTO `wx_tmp_source` VALUES ('TM00303', '商品已发出通', '{{first.DATA}} \r\n\r\n快递公司：{{delivername.DATA}}\r\n快递单号：{{ordername.DATA}}\r\n {{remark.DATA}}  ', '\r\n亲，宝贝已经启程了，好想快点来到你身边\r\n\r\n\r\n快递公司：顺丰快递\r\n快递单号：3291987391\r\n商品信息：韩版修身中长款风衣外套\r\n商品数量：共10件\r\n备注：如果疑问，请在微信服务号中输入“KF”，**将在第一时间为您服务！');

-- ----------------------------
-- Table structure for `xy_c_honor_cla`
-- ----------------------------
DROP TABLE IF EXISTS `xy_c_honor_cla`;
CREATE TABLE `xy_c_honor_cla` (
  `id` varchar(32) NOT NULL DEFAULT '' COMMENT 'ID',
  `hid` varchar(8) DEFAULT NULL COMMENT '学校ID',
  `cid` varchar(32) DEFAULT NULL COMMENT '班级ID',
  `title` varchar(256) DEFAULT NULL COMMENT '点评标题',
  `content` varchar(4000) DEFAULT NULL COMMENT '点评内容',
  `rater_id` varchar(32) DEFAULT NULL COMMENT '点评人ID',
  `rater_name` varchar(128) DEFAULT NULL COMMENT '点评人姓名',
  `rater_role` varchar(128) DEFAULT NULL COMMENT '点评人角色',
  PRIMARY KEY (`id`),
  KEY `inx_hid_cid` (`hid`,`cid`) USING BTREE
) ENGINE=InnoDB DEFAULT CHARSET=utf8 COMMENT='班级点评';

-- ----------------------------
-- Records of xy_c_honor_cla
-- ----------------------------
INSERT INTO `xy_c_honor_cla` VALUES ('00000001201803191148422598960813', '00000001', '00000001201803121547079170506088', '陨落星辰', '5月1日起我市建筑施工现场人员将实行实名制管理', '00000001201712310000000000000001', '模拟教师', null);

-- ----------------------------
-- Table structure for `xy_c_honor_stu`
-- ----------------------------
DROP TABLE IF EXISTS `xy_c_honor_stu`;
CREATE TABLE `xy_c_honor_stu` (
  `hid` varchar(8) NOT NULL DEFAULT '' COMMENT '学校ID',
  `cid` varchar(32) NOT NULL DEFAULT '' COMMENT '班级ID',
  `sid` varchar(32) NOT NULL DEFAULT '' COMMENT '学生ID',
  `sname` varchar(128) DEFAULT NULL COMMENT '学生姓名',
  `rater_id` varchar(32) DEFAULT NULL COMMENT '点评人ID',
  `rater_name` varchar(128) DEFAULT NULL COMMENT '点评人姓名',
  `ut` datetime DEFAULT NULL COMMENT '更新时间',
  `h1_title` varchar(128) DEFAULT NULL COMMENT '荣誉1-称号',
  `h1_content` varchar(1000) DEFAULT NULL COMMENT '荣誉1-说明',
  `h2_title` varchar(128) DEFAULT NULL COMMENT '荣誉2-称号',
  `h2_content` varchar(1000) DEFAULT NULL COMMENT '荣誉2-说明',
  `h3_title` varchar(128) DEFAULT NULL COMMENT '荣誉2-称号',
  `h3_content` varchar(1000) DEFAULT NULL COMMENT '荣誉3-说明',
  PRIMARY KEY (`hid`,`sid`),
  KEY `inx_cid` (`cid`)
) ENGINE=InnoDB DEFAULT CHARSET=utf8 COMMENT='学生光荣榜';

-- ----------------------------
-- Records of xy_c_honor_stu
-- ----------------------------
INSERT INTO `xy_c_honor_stu` VALUES ('00000001', '00000001201803121547079170506088', '00000001201803121619137060949464', '考勤测试（切勿删）', '00000001201712310000000000000001', '模拟教师', '2018-03-19 17:21:02', '3好学生', '授予3号同学1好2好三好学生', '3好学生', '授予3号同学1好2好三好学生', '4好学生', '授予3号同学1好2好三好4好学生');

-- ----------------------------
-- Table structure for `xy_c_honor_stu_rec`
-- ----------------------------
DROP TABLE IF EXISTS `xy_c_honor_stu_rec`;
CREATE TABLE `xy_c_honor_stu_rec` (
  `id` varchar(32) NOT NULL DEFAULT '',
  `day` int(8) DEFAULT NULL COMMENT '日期(yyyyMMdd)',
  `hid` varchar(8) NOT NULL DEFAULT '' COMMENT '学校ID',
  `cid` varchar(32) NOT NULL DEFAULT '' COMMENT '班级ID',
  `sid` varchar(32) NOT NULL DEFAULT '' COMMENT '学生ID',
  `sname` varchar(128) DEFAULT NULL COMMENT '学生姓名',
  `h1_title` varchar(128) DEFAULT NULL COMMENT '荣誉1-称号',
  `h1_content` varchar(1000) DEFAULT NULL COMMENT '荣誉1-说明',
  `h2_title` varchar(128) DEFAULT NULL COMMENT '荣誉2-称号',
  `h2_content` varchar(1000) DEFAULT NULL COMMENT '荣誉2-说明',
  `h3_title` varchar(128) DEFAULT NULL COMMENT '荣誉2-称号',
  `h3_content` varchar(1000) DEFAULT NULL COMMENT '荣誉3-说明',
  `rater_id` varchar(32) DEFAULT NULL COMMENT '点评人ID',
  `rater_name` varchar(128) DEFAULT NULL COMMENT '点评人姓名',
  PRIMARY KEY (`id`),
  KEY `inx_hid` (`hid`)
) ENGINE=InnoDB DEFAULT CHARSET=utf8 COMMENT='学生光荣榜上榜记录';

-- ----------------------------
-- Records of xy_c_honor_stu_rec
-- ----------------------------
INSERT INTO `xy_c_honor_stu_rec` VALUES ('00000001201803191647360548675843', '20180319', '00000001', '00000001201803121547079170506088', '00000001201803121619137060949464', '考勤测试（切勿删）', null, null, null, null, null, null, '00000001201712310000000000000001', '模拟教师');
INSERT INTO `xy_c_honor_stu_rec` VALUES ('00000001201803191717554845713467', '20180319', '00000001', '00000001201803121547079170506088', '00000001201803121619137060949464', '考勤测试（切勿删）', '3好学生', '授予3号同学1好2好三好学生', '3好学生', '授予3号同学1好2好三好学生', '4好学生', '授予3号同学1好2好三好4好学生', '00000001201712310000000000000001', '模拟教师');
INSERT INTO `xy_c_honor_stu_rec` VALUES ('00000001201803191721028141235201', '20180319', '00000001', '00000001201803121547079170506088', '00000001201803121619137060949464', '考勤测试（切勿删）', '3好学生', '授予3号同学1好2好三好学生', '3好学生', '授予3号同学1好2好三好学生', '4好学生', '授予3号同学1好2好三好4好学生', '00000001201712310000000000000001', '模拟教师');

-- ----------------------------
-- Table structure for `xy_c_honor_tch`
-- ----------------------------
DROP TABLE IF EXISTS `xy_c_honor_tch`;
CREATE TABLE `xy_c_honor_tch` (
  `id` varchar(32) NOT NULL DEFAULT '' COMMENT 'ID',
  `hid` varchar(8) DEFAULT NULL COMMENT '学校ID',
  `tid` varchar(32) DEFAULT NULL COMMENT '教师ID',
  `h1_title` varchar(128) DEFAULT NULL COMMENT '荣誉1-称号',
  `h1_content` varchar(1000) DEFAULT NULL COMMENT '荣誉1-说明',
  `h2_title` varchar(128) DEFAULT NULL COMMENT '荣誉2-称号',
  `h2_content` varchar(1000) DEFAULT NULL COMMENT '荣誉2-说明',
  `h3_title` varchar(128) DEFAULT NULL COMMENT '荣誉2-称号',
  `h3_content` varchar(1000) DEFAULT NULL COMMENT '荣誉3-说明',
  `otid` varchar(32) DEFAULT NULL COMMENT '点评教师ID',
  `ut` datetime DEFAULT NULL COMMENT '更新时间',
  PRIMARY KEY (`id`),
  KEY `inx_hid` (`hid`)
) ENGINE=InnoDB DEFAULT CHARSET=utf8 COMMENT='教师荣誉';

-- ----------------------------
-- Records of xy_c_honor_tch
-- ----------------------------

-- ----------------------------
-- Table structure for `xy_c_mien`
-- ----------------------------
DROP TABLE IF EXISTS `xy_c_mien`;
CREATE TABLE `xy_c_mien` (
  `hid` varchar(8) NOT NULL COMMENT '学校ID',
  `cid` varchar(32) NOT NULL COMMENT '班级ID(学校风采时为0)',
  `motto` varchar(200) DEFAULT NULL COMMENT '学校/班级训言',
  `photo` varchar(200) DEFAULT NULL COMMENT '学校/班级logo图片路径',
  `ut` datetime DEFAULT NULL COMMENT '更新时间',
  PRIMARY KEY (`hid`,`cid`)
) ENGINE=InnoDB DEFAULT CHARSET=utf8 COMMENT='学校/班级风采';

-- ----------------------------
-- Records of xy_c_mien
-- ----------------------------
INSERT INTO `xy_c_mien` VALUES ('00000001', '0', '好好学习天天向上', null, '2018-03-02 17:45:56');
INSERT INTO `xy_c_mien` VALUES ('00000001', '00000001201803121547079170506088', '业精于勤荒于嬉  行成于思毁于随', null, '2018-03-15 11:22:37');

-- ----------------------------
-- Table structure for `xy_c_mien_album`
-- ----------------------------
DROP TABLE IF EXISTS `xy_c_mien_album`;
CREATE TABLE `xy_c_mien_album` (
  `id` varchar(32) NOT NULL DEFAULT '' COMMENT '相册ID',
  `hid` varchar(8) NOT NULL COMMENT '学校ID',
  `cid` varchar(32) NOT NULL COMMENT '班级ID(学校相册时为0)',
  `name` varchar(200) DEFAULT NULL COMMENT '相册名称',
  `imgs` varchar(1000) DEFAULT NULL COMMENT '图片名称组合(id20.jpg,id20.jpg,...)',
  `deleted` tinyint(1) DEFAULT '0' COMMENT '删除标识',
  `ut` datetime DEFAULT NULL COMMENT '更新时间',
  PRIMARY KEY (`id`),
  KEY `inx_hid_cid` (`hid`,`cid`) USING BTREE
) ENGINE=InnoDB DEFAULT CHARSET=utf8 COMMENT='学校/班级风采相册';

-- ----------------------------
-- Records of xy_c_mien_album
-- ----------------------------
INSERT INTO `xy_c_mien_album` VALUES ('00000001201803151152359569195802', '00000001', '00000001201803121547079170506088', '开学相册', null, '0', '2018-03-15 11:52:35');
INSERT INTO `xy_c_mien_album` VALUES ('00000001201803151410257039347240', '00000001', '00000001201803121547079170506088', '植树节活动', null, '0', '2018-03-15 14:10:25');

-- ----------------------------
-- Table structure for `xy_c_moral_cla`
-- ----------------------------
DROP TABLE IF EXISTS `xy_c_moral_cla`;
CREATE TABLE `xy_c_moral_cla` (
  `id` varchar(32) NOT NULL DEFAULT '' COMMENT 'ID',
  `hid` varchar(8) DEFAULT NULL COMMENT '学校ID',
  `cid` varchar(32) DEFAULT NULL COMMENT '班级ID',
  `day` int(11) DEFAULT NULL COMMENT '日期(yyyyMMdd)',
  `rank` int(11) DEFAULT '0' COMMENT '排名',
  `score` int(11) DEFAULT '0' COMMENT '总分数',
  `cname` varchar(128) DEFAULT NULL COMMENT '班级名称',
  `gid` varchar(32) DEFAULT NULL COMMENT '年级ID',
  PRIMARY KEY (`id`),
  UNIQUE KEY `inx_cid_day` (`cid`,`day`) USING BTREE,
  KEY `inx_hid_day` (`hid`,`day`) USING BTREE
) ENGINE=InnoDB DEFAULT CHARSET=utf8 COMMENT='德育班级得分';

-- ----------------------------
-- Records of xy_c_moral_cla
-- ----------------------------
INSERT INTO `xy_c_moral_cla` VALUES ('00000001201803101551500104235460', '00000001', '00000001201803121547079170506088', '20180310', '1', '30', '小一（1）班', '00000001201803121143504510146393');
INSERT INTO `xy_c_moral_cla` VALUES ('00000001201803101551501356105792', '00000001', '00000001201803121547163726221280', '20180310', '1', '30', '小一（2）班', '00000001201803121143504510146393');
INSERT INTO `xy_c_moral_cla` VALUES ('00000001201803101551501622006342', '00000001', '00000001201803121547404328776155', '20180310', '1', '30', '小一（3）班', '00000001201803121143504510146393');
INSERT INTO `xy_c_moral_cla` VALUES ('00000001201803101551502385507929', '00000001', '00000001201803121547240560049970', '20180310', '1', '30', '小二（1）班', '00000001201803121144008720003056');
INSERT INTO `xy_c_moral_cla` VALUES ('00000001201803101551502974958397', '00000001', '00000001201803121547313803308326', '20180310', '1', '30', '小二（2）班', '00000001201803121144008720003056');
INSERT INTO `xy_c_moral_cla` VALUES ('00000001201803111552308485682109', '00000001', '00000001201803121547079170506088', '20180311', '1', '30', '小一（1）班', '00000001201803121143504510146393');
INSERT INTO `xy_c_moral_cla` VALUES ('00000001201803111552308664236672', '00000001', '00000001201803121547163726221280', '20180311', '1', '30', '小一（2）班', '00000001201803121143504510146393');
INSERT INTO `xy_c_moral_cla` VALUES ('00000001201803111552308836012882', '00000001', '00000001201803121547404328776155', '20180311', '1', '30', '小一（3）班', '00000001201803121143504510146393');
INSERT INTO `xy_c_moral_cla` VALUES ('00000001201803111552308997433877', '00000001', '00000001201803121547240560049970', '20180311', '1', '30', '小二（1）班', '00000001201803121144008720003056');
INSERT INTO `xy_c_moral_cla` VALUES ('00000001201803111552309161930106', '00000001', '00000001201803121547313803308326', '20180311', '1', '30', '小二（2）班', '00000001201803121144008720003056');
INSERT INTO `xy_c_moral_cla` VALUES ('00000001201803121552590558284854', '00000001', '00000001201803121547079170506088', '20180312', '3', '28', '小一（1）班', '00000001201803121143504510146393');
INSERT INTO `xy_c_moral_cla` VALUES ('00000001201803121552590749704687', '00000001', '00000001201803121547163726221280', '20180312', '1', '32', '小一（22）班', '00000001201803121143504510146393');
INSERT INTO `xy_c_moral_cla` VALUES ('00000001201803121552590919798803', '00000001', '00000001201803121547404328776155', '20180312', '2', '30', '小一（3）班', '00000001201803121143504510146393');
INSERT INTO `xy_c_moral_cla` VALUES ('00000001201803121552591081633249', '00000001', '00000001201803121547240560049970', '20180312', '1', '30', '小二（1）班', '00000001201803121144008720003056');
INSERT INTO `xy_c_moral_cla` VALUES ('00000001201803121552591257943515', '00000001', '00000001201803121547313803308326', '20180312', '1', '30', '小二（2）班', '00000001201803121144008720003056');
INSERT INTO `xy_c_moral_cla` VALUES ('00000001201803131133282334322313', '00000001', '00000001201803121547079170506088', '20180313', '1', '30', '小一（1）班', '00000001201803121143504510146393');
INSERT INTO `xy_c_moral_cla` VALUES ('00000001201803131133282816197645', '00000001', '00000001201803121547163726221280', '20180313', '1', '30', '小一（2）班', '00000001201803121143504510146393');
INSERT INTO `xy_c_moral_cla` VALUES ('00000001201803131133283058042980', '00000001', '00000001201803121547404328776155', '20180313', '1', '30', '小一（3）班', '00000001201803121143504510146393');
INSERT INTO `xy_c_moral_cla` VALUES ('00000001201803131133283215596403', '00000001', '00000001201803121547240560049970', '20180313', '1', '30', '小二（1）班', '00000001201803121144008720003056');
INSERT INTO `xy_c_moral_cla` VALUES ('00000001201803131133283491051591', '00000001', '00000001201803121547313803308326', '20180313', '1', '30', '小二（2）班', '00000001201803121144008720003056');
INSERT INTO `xy_c_moral_cla` VALUES ('00000001201803140410004496001888', '00000001', '00000001201803121547079170506088', '20180314', '1', '32', '小一（1）班', '00000001201803121143504510146393');
INSERT INTO `xy_c_moral_cla` VALUES ('00000001201803140410004764116992', '00000001', '00000001201803121547163726221280', '20180314', '3', '28', '小一（2）班', '00000001201803121143504510146393');
INSERT INTO `xy_c_moral_cla` VALUES ('00000001201803140410004843172521', '00000001', '00000001201803121547404328776155', '20180314', '2', '30', '小一（3）班', '00000001201803121143504510146393');
INSERT INTO `xy_c_moral_cla` VALUES ('00000001201803140410005021522553', '00000001', '00000001201803121547240560049970', '20180314', '1', '30', '小二（1）班', '00000001201803121144008720003056');
INSERT INTO `xy_c_moral_cla` VALUES ('00000001201803140410005100668073', '00000001', '00000001201803121547313803308326', '20180314', '1', '30', '小二（2）班', '00000001201803121144008720003056');
INSERT INTO `xy_c_moral_cla` VALUES ('00000001201803161421373936059997', '00000001', '00000001201803121547079170506088', '20180316', '2', '29', '小一（1）班', '00000001201803121143504510146393');
INSERT INTO `xy_c_moral_cla` VALUES ('00000001201803161421374155794449', '00000001', '00000001201803121547163726221280', '20180316', '1', '30', '小一（2）班', '00000001201803121143504510146393');
INSERT INTO `xy_c_moral_cla` VALUES ('00000001201803161421374495874188', '00000001', '00000001201803121547404328776155', '20180316', '1', '30', '小一（3）班', '00000001201803121143504510146393');
INSERT INTO `xy_c_moral_cla` VALUES ('00000001201803161421374576429281', '00000001', '00000001201803121547240560049970', '20180316', '1', '30', '小二（1）班', '00000001201803121144008720003056');
INSERT INTO `xy_c_moral_cla` VALUES ('00000001201803161421374744941893', '00000001', '00000001201803121547313803308326', '20180316', '1', '30', '小二（2）班', '00000001201803121144008720003056');
INSERT INTO `xy_c_moral_cla` VALUES ('00000001201803170410000462355025', '00000001', '00000001201803121547079170506088', '20180317', '1', '30', '小一（1）班', '00000001201803121143504510146393');
INSERT INTO `xy_c_moral_cla` VALUES ('00000001201803170410000635614471', '00000001', '00000001201803121547163726221280', '20180317', '1', '30', '小一（2）班', '00000001201803121143504510146393');
INSERT INTO `xy_c_moral_cla` VALUES ('00000001201803170410000804819539', '00000001', '00000001201803121547404328776155', '20180317', '1', '30', '小一（3）班', '00000001201803121143504510146393');
INSERT INTO `xy_c_moral_cla` VALUES ('00000001201803170410000889757136', '00000001', '00000001201803121547240560049970', '20180317', '1', '30', '小二（1）班', '00000001201803121144008720003056');
INSERT INTO `xy_c_moral_cla` VALUES ('00000001201803170410001058129496', '00000001', '00000001201803121547313803308326', '20180317', '1', '30', '小二（2）班', '00000001201803121144008720003056');
INSERT INTO `xy_c_moral_cla` VALUES ('00000001201803180410000383886849', '00000001', '00000001201803121547079170506088', '20180318', '1', '30', '小一（1）班', '00000001201803121143504510146393');
INSERT INTO `xy_c_moral_cla` VALUES ('00000001201803180410000517069713', '00000001', '00000001201803121547163726221280', '20180318', '1', '30', '小一（2）班', '00000001201803121143504510146393');
INSERT INTO `xy_c_moral_cla` VALUES ('00000001201803180410000685709969', '00000001', '00000001201803121547404328776155', '20180318', '1', '30', '小一（3）班', '00000001201803121143504510146393');
INSERT INTO `xy_c_moral_cla` VALUES ('00000001201803180410000764327914', '00000001', '00000001201803121547240560049970', '20180318', '1', '30', '小二（1）班', '00000001201803121144008720003056');
INSERT INTO `xy_c_moral_cla` VALUES ('00000001201803180410000853193961', '00000001', '00000001201803121547313803308326', '20180318', '1', '30', '小二（2）班', '00000001201803121144008720003056');
INSERT INTO `xy_c_moral_cla` VALUES ('00000001201803190410000533430467', '00000001', '00000001201803121547079170506088', '20180319', '1', '30', '小一（1）班', '00000001201803121143504510146393');
INSERT INTO `xy_c_moral_cla` VALUES ('00000001201803190410000682264546', '00000001', '00000001201803121547163726221280', '20180319', '1', '30', '小一（2）班', '00000001201803121143504510146393');
INSERT INTO `xy_c_moral_cla` VALUES ('00000001201803190410000855217576', '00000001', '00000001201803121547404328776155', '20180319', '1', '30', '小一（3）班', '00000001201803121143504510146393');
INSERT INTO `xy_c_moral_cla` VALUES ('00000001201803190410000936246281', '00000001', '00000001201803121547240560049970', '20180319', '1', '30', '小二（1）班', '00000001201803121144008720003056');
INSERT INTO `xy_c_moral_cla` VALUES ('00000001201803190410001105115682', '00000001', '00000001201803121547313803308326', '20180319', '1', '30', '小二（2）班', '00000001201803121144008720003056');
INSERT INTO `xy_c_moral_cla` VALUES ('00000001201803200410004182752046', '00000001', '00000001201803121547079170506088', '20180320', '1', '30', '小一（1）班', '00000001201803121143504510146393');
INSERT INTO `xy_c_moral_cla` VALUES ('00000001201803200410004615478274', '00000001', '00000001201803121547163726221280', '20180320', '1', '30', '小一（2）班', '00000001201803121143504510146393');
INSERT INTO `xy_c_moral_cla` VALUES ('00000001201803200410004696303132', '00000001', '00000001201803121547404328776155', '20180320', '1', '30', '小一（3）班', '00000001201803121143504510146393');
INSERT INTO `xy_c_moral_cla` VALUES ('00000001201803200410004864764775', '00000001', '00000001201803121547240560049970', '20180320', '1', '30', '小二（1）班', '00000001201803121144008720003056');
INSERT INTO `xy_c_moral_cla` VALUES ('00000001201803200410004943662392', '00000001', '00000001201803121547313803308326', '20180320', '1', '30', '小二（2）班', '00000001201803121144008720003056');
INSERT INTO `xy_c_moral_cla` VALUES ('00000001201803210410004187897072', '00000001', '00000001201803121547079170506088', '20180321', '1', '30', '小一（1）班', '00000001201803121143504510146393');
INSERT INTO `xy_c_moral_cla` VALUES ('00000001201803210410004363428980', '00000001', '00000001201803121547163726221280', '20180321', '1', '30', '小一（2）班', '00000001201803121143504510146393');
INSERT INTO `xy_c_moral_cla` VALUES ('00000001201803210410004529922311', '00000001', '00000001201803121547404328776155', '20180321', '1', '30', '小一（3）班', '00000001201803121143504510146393');
INSERT INTO `xy_c_moral_cla` VALUES ('00000001201803210410004619924259', '00000001', '00000001201803121547240560049970', '20180321', '1', '30', '小二（1）班', '00000001201803121144008720003056');
INSERT INTO `xy_c_moral_cla` VALUES ('00000001201803210410004785367993', '00000001', '00000001201803121547313803308326', '20180321', '1', '30', '小二（2）班', '00000001201803121144008720003056');
INSERT INTO `xy_c_moral_cla` VALUES ('00000001201803210410004945000571', '00000001', '00000001201803201423407664283897', '20180321', '1', '30', '小三（2）班', '00000001201803121144094337710726');
INSERT INTO `xy_c_moral_cla` VALUES ('00000001201803210410005034735011', '00000001', '00000001201803201422252956548236', '20180321', '1', '30', '小三（111）班', '00000001201803121144094337710726');
INSERT INTO `xy_c_moral_cla` VALUES ('00000001201803220410000460253345', '00000001', '00000001201803121547079170506088', '20180322', '1', '30', '小一（1）班', '00000001201803121143504510146393');
INSERT INTO `xy_c_moral_cla` VALUES ('00000001201803220410000742768133', '00000001', '00000001201803121547163726221280', '20180322', '1', '30', '小一（2）班', '00000001201803121143504510146393');
INSERT INTO `xy_c_moral_cla` VALUES ('00000001201803220410000839601967', '00000001', '00000001201803121547404328776155', '20180322', '1', '30', '小一（3）班', '00000001201803121143504510146393');
INSERT INTO `xy_c_moral_cla` VALUES ('00000001201803220410000996614634', '00000001', '00000001201803121547240560049970', '20180322', '1', '30', '小二（1）班', '00000001201803121144008720003056');
INSERT INTO `xy_c_moral_cla` VALUES ('00000001201803220410001165386625', '00000001', '00000001201803121547313803308326', '20180322', '1', '30', '小二（2）班', '00000001201803121144008720003056');
INSERT INTO `xy_c_moral_cla` VALUES ('00000001201803220410001334646462', '00000001', '00000001201803201423407664283897', '20180322', '1', '30', '小三（2）班', '00000001201803121144094337710726');
INSERT INTO `xy_c_moral_cla` VALUES ('00000001201803220410001508980079', '00000001', '00000001201803201422252956548236', '20180322', '1', '30', '小三（111）班', '00000001201803121144094337710726');
INSERT INTO `xy_c_moral_cla` VALUES ('00000001201803230410000607599359', '00000001', '00000001201803121547079170506088', '20180323', '1', '30', '小一（1）班', '00000001201803121143504510146393');
INSERT INTO `xy_c_moral_cla` VALUES ('00000001201803230410000842482358', '00000001', '00000001201803121547163726221280', '20180323', '1', '30', '小一（2）班', '00000001201803121143504510146393');
INSERT INTO `xy_c_moral_cla` VALUES ('00000001201803230410000931281803', '00000001', '00000001201803121547404328776155', '20180323', '1', '30', '小一（3）班', '00000001201803121143504510146393');
INSERT INTO `xy_c_moral_cla` VALUES ('00000001201803230410001019412622', '00000001', '00000001201803121547240560049970', '20180323', '1', '30', '小二（1）班', '00000001201803121144008720003056');
INSERT INTO `xy_c_moral_cla` VALUES ('00000001201803230410001099680326', '00000001', '00000001201803121547313803308326', '20180323', '1', '30', '小二（2）班', '00000001201803121144008720003056');
INSERT INTO `xy_c_moral_cla` VALUES ('00000001201803230410001186764847', '00000001', '00000001201803201423407664283897', '20180323', '1', '30', '小三（2）班', '00000001201803121144094337710726');
INSERT INTO `xy_c_moral_cla` VALUES ('00000001201803230410001262964995', '00000001', '00000001201803201422252956548236', '20180323', '1', '30', '小三（111）班', '00000001201803121144094337710726');
INSERT INTO `xy_c_moral_cla` VALUES ('00000001201803240410000386285451', '00000001', '00000001201803121547079170506088', '20180324', '1', '30', '小一（1）班', '00000001201803121143504510146393');
INSERT INTO `xy_c_moral_cla` VALUES ('00000001201803240410000637790548', '00000001', '00000001201803121547163726221280', '20180324', '1', '30', '小一（2）班', '00000001201803121143504510146393');
INSERT INTO `xy_c_moral_cla` VALUES ('00000001201803240410000718233554', '00000001', '00000001201803121547404328776155', '20180324', '1', '30', '小一（3）班', '00000001201803121143504510146393');
INSERT INTO `xy_c_moral_cla` VALUES ('00000001201803240410000801466704', '00000001', '00000001201803121547240560049970', '20180324', '1', '30', '小二（1）班', '00000001201803121144008720003056');
INSERT INTO `xy_c_moral_cla` VALUES ('00000001201803240410000885156679', '00000001', '00000001201803121547313803308326', '20180324', '1', '30', '小二（2）班', '00000001201803121144008720003056');
INSERT INTO `xy_c_moral_cla` VALUES ('00000001201803240410000979886677', '00000001', '00000001201803201423407664283897', '20180324', '1', '30', '小三（2）班', '00000001201803121144094337710726');
INSERT INTO `xy_c_moral_cla` VALUES ('00000001201803240410001137159610', '00000001', '00000001201803201422252956548236', '20180324', '1', '30', '小三（111）班', '00000001201803121144094337710726');
INSERT INTO `xy_c_moral_cla` VALUES ('00000001201803250410000392986933', '00000001', '00000001201803121547079170506088', '20180325', '1', '30', '小一（1）班', '00000001201803121143504510146393');
INSERT INTO `xy_c_moral_cla` VALUES ('00000001201803250410000711884417', '00000001', '00000001201803121547163726221280', '20180325', '1', '30', '小一（2）班', '00000001201803121143504510146393');
INSERT INTO `xy_c_moral_cla` VALUES ('00000001201803250410000886584385', '00000001', '00000001201803121547404328776155', '20180325', '1', '30', '小一（3）班', '00000001201803121143504510146393');
INSERT INTO `xy_c_moral_cla` VALUES ('00000001201803250410000961324249', '00000001', '00000001201803121547240560049970', '20180325', '1', '30', '小二（1）班', '00000001201803121144008720003056');
INSERT INTO `xy_c_moral_cla` VALUES ('00000001201803250410001133331124', '00000001', '00000001201803121547313803308326', '20180325', '1', '30', '小二（2）班', '00000001201803121144008720003056');
INSERT INTO `xy_c_moral_cla` VALUES ('00000001201803250410001212013240', '00000001', '00000001201803201423407664283897', '20180325', '1', '30', '小三（2）班', '00000001201803121144094337710726');
INSERT INTO `xy_c_moral_cla` VALUES ('00000001201803250410001295276755', '00000001', '00000001201803201422252956548236', '20180325', '1', '30', '小三（111）班', '00000001201803121144094337710726');
INSERT INTO `xy_c_moral_cla` VALUES ('00000001201803260410000290995664', '00000001', '00000001201803121547079170506088', '20180326', '1', '30', '小一（1）班', '00000001201803121143504510146393');
INSERT INTO `xy_c_moral_cla` VALUES ('00000001201803260410000590857756', '00000001', '00000001201803121547163726221280', '20180326', '1', '30', '小一（2）班', '00000001201803121143504510146393');
INSERT INTO `xy_c_moral_cla` VALUES ('00000001201803260410000671101110', '00000001', '00000001201803121547404328776155', '20180326', '1', '30', '小一（3）班', '00000001201803121143504510146393');
INSERT INTO `xy_c_moral_cla` VALUES ('00000001201803260410000868772626', '00000001', '00000001201803121547240560049970', '20180326', '1', '30', '小二（1）班', '00000001201803121144008720003056');
INSERT INTO `xy_c_moral_cla` VALUES ('00000001201803260410000948166670', '00000001', '00000001201803121547313803308326', '20180326', '1', '30', '小二（2）班', '00000001201803121144008720003056');
INSERT INTO `xy_c_moral_cla` VALUES ('00000001201803260410001034726347', '00000001', '00000001201803201423407664283897', '20180326', '1', '30', '小三（2）班', '00000001201803121144094337710726');
INSERT INTO `xy_c_moral_cla` VALUES ('00000001201803260410001110063122', '00000001', '00000001201803201422252956548236', '20180326', '1', '30', '小三（111）班', '00000001201803121144094337710726');

-- ----------------------------
-- Table structure for `xy_c_moral_cla_item`
-- ----------------------------
DROP TABLE IF EXISTS `xy_c_moral_cla_item`;
CREATE TABLE `xy_c_moral_cla_item` (
  `rid` varchar(32) NOT NULL DEFAULT '',
  `p_name` varchar(200) NOT NULL DEFAULT '' COMMENT '父项名称',
  `c_name` varchar(200) NOT NULL DEFAULT '' COMMENT '子项名称',
  `hid` varchar(8) DEFAULT NULL COMMENT '学校ID',
  `cid` varchar(32) DEFAULT NULL COMMENT '班级ID',
  `day` int(11) DEFAULT NULL COMMENT '日期',
  `p_sort` tinyint(11) DEFAULT NULL COMMENT '排序(asc)',
  `c_deducation` tinyint(1) DEFAULT '1' COMMENT '是否扣分项(1:是,0:否)',
  `c_score_max` int(11) DEFAULT NULL COMMENT '最大分数',
  `c_score_cur` int(11) DEFAULT NULL COMMENT '当前分数',
  `c_sort` tinyint(4) DEFAULT NULL COMMENT '排序',
  PRIMARY KEY (`rid`,`c_name`,`p_name`),
  KEY `inx_hid_day` (`hid`,`day`) USING BTREE
) ENGINE=InnoDB DEFAULT CHARSET=utf8 COMMENT='德育班级得分-具体项目分数';

-- ----------------------------
-- Records of xy_c_moral_cla_item
-- ----------------------------
INSERT INTO `xy_c_moral_cla_item` VALUES ('00000001201803101551500104235460', '品德', '公共清洁', '00000001', '00000001201803121547079170506088', '20180310', '1', '0', '10', '0', '1');
INSERT INTO `xy_c_moral_cla_item` VALUES ('00000001201803101551500104235460', '仪表', '其它', '00000001', '00000001201803121547079170506088', '20180310', '0', '1', '5', '5', '3');
INSERT INTO `xy_c_moral_cla_item` VALUES ('00000001201803101551500104235460', '仪表', '头发', '00000001', '00000001201803121547079170506088', '20180310', '0', '1', '5', '5', '2');
INSERT INTO `xy_c_moral_cla_item` VALUES ('00000001201803101551500104235460', '品德', '礼貌', '00000001', '00000001201803121547079170506088', '20180310', '1', '1', '10', '10', '0');
INSERT INTO `xy_c_moral_cla_item` VALUES ('00000001201803101551500104235460', '仪表', '红领巾', '00000001', '00000001201803121547079170506088', '20180310', '0', '1', '5', '5', '1');
INSERT INTO `xy_c_moral_cla_item` VALUES ('00000001201803101551500104235460', '仪表', '衣着', '00000001', '00000001201803121547079170506088', '20180310', '0', '1', '5', '5', '0');
INSERT INTO `xy_c_moral_cla_item` VALUES ('00000001201803101551501356105792', '品德', '公共清洁', '00000001', '00000001201803121547163726221280', '20180310', '1', '0', '10', '0', '1');
INSERT INTO `xy_c_moral_cla_item` VALUES ('00000001201803101551501356105792', '仪表', '其它', '00000001', '00000001201803121547163726221280', '20180310', '0', '1', '5', '5', '3');
INSERT INTO `xy_c_moral_cla_item` VALUES ('00000001201803101551501356105792', '仪表', '头发', '00000001', '00000001201803121547163726221280', '20180310', '0', '1', '5', '5', '2');
INSERT INTO `xy_c_moral_cla_item` VALUES ('00000001201803101551501356105792', '品德', '礼貌', '00000001', '00000001201803121547163726221280', '20180310', '1', '1', '10', '10', '0');
INSERT INTO `xy_c_moral_cla_item` VALUES ('00000001201803101551501356105792', '仪表', '红领巾', '00000001', '00000001201803121547163726221280', '20180310', '0', '1', '5', '5', '1');
INSERT INTO `xy_c_moral_cla_item` VALUES ('00000001201803101551501356105792', '仪表', '衣着', '00000001', '00000001201803121547163726221280', '20180310', '0', '1', '5', '5', '0');
INSERT INTO `xy_c_moral_cla_item` VALUES ('00000001201803101551501622006342', '品德', '公共清洁', '00000001', '00000001201803121547404328776155', '20180310', '1', '0', '10', '0', '1');
INSERT INTO `xy_c_moral_cla_item` VALUES ('00000001201803101551501622006342', '仪表', '其它', '00000001', '00000001201803121547404328776155', '20180310', '0', '1', '5', '5', '3');
INSERT INTO `xy_c_moral_cla_item` VALUES ('00000001201803101551501622006342', '仪表', '头发', '00000001', '00000001201803121547404328776155', '20180310', '0', '1', '5', '5', '2');
INSERT INTO `xy_c_moral_cla_item` VALUES ('00000001201803101551501622006342', '品德', '礼貌', '00000001', '00000001201803121547404328776155', '20180310', '1', '1', '10', '10', '0');
INSERT INTO `xy_c_moral_cla_item` VALUES ('00000001201803101551501622006342', '仪表', '红领巾', '00000001', '00000001201803121547404328776155', '20180310', '0', '1', '5', '5', '1');
INSERT INTO `xy_c_moral_cla_item` VALUES ('00000001201803101551501622006342', '仪表', '衣着', '00000001', '00000001201803121547404328776155', '20180310', '0', '1', '5', '5', '0');
INSERT INTO `xy_c_moral_cla_item` VALUES ('00000001201803101551502385507929', '品德', '公共清洁', '00000001', '00000001201803121547240560049970', '20180310', '1', '0', '10', '0', '1');
INSERT INTO `xy_c_moral_cla_item` VALUES ('00000001201803101551502385507929', '仪表', '其它', '00000001', '00000001201803121547240560049970', '20180310', '0', '1', '5', '5', '3');
INSERT INTO `xy_c_moral_cla_item` VALUES ('00000001201803101551502385507929', '仪表', '头发', '00000001', '00000001201803121547240560049970', '20180310', '0', '1', '5', '5', '2');
INSERT INTO `xy_c_moral_cla_item` VALUES ('00000001201803101551502385507929', '品德', '礼貌', '00000001', '00000001201803121547240560049970', '20180310', '1', '1', '10', '10', '0');
INSERT INTO `xy_c_moral_cla_item` VALUES ('00000001201803101551502385507929', '仪表', '红领巾', '00000001', '00000001201803121547240560049970', '20180310', '0', '1', '5', '5', '1');
INSERT INTO `xy_c_moral_cla_item` VALUES ('00000001201803101551502385507929', '仪表', '衣着', '00000001', '00000001201803121547240560049970', '20180310', '0', '1', '5', '5', '0');
INSERT INTO `xy_c_moral_cla_item` VALUES ('00000001201803101551502974958397', '品德', '公共清洁', '00000001', '00000001201803121547313803308326', '20180310', '1', '0', '10', '0', '1');
INSERT INTO `xy_c_moral_cla_item` VALUES ('00000001201803101551502974958397', '仪表', '其它', '00000001', '00000001201803121547313803308326', '20180310', '0', '1', '5', '5', '3');
INSERT INTO `xy_c_moral_cla_item` VALUES ('00000001201803101551502974958397', '仪表', '头发', '00000001', '00000001201803121547313803308326', '20180310', '0', '1', '5', '5', '2');
INSERT INTO `xy_c_moral_cla_item` VALUES ('00000001201803101551502974958397', '品德', '礼貌', '00000001', '00000001201803121547313803308326', '20180310', '1', '1', '10', '10', '0');
INSERT INTO `xy_c_moral_cla_item` VALUES ('00000001201803101551502974958397', '仪表', '红领巾', '00000001', '00000001201803121547313803308326', '20180310', '0', '1', '5', '5', '1');
INSERT INTO `xy_c_moral_cla_item` VALUES ('00000001201803101551502974958397', '仪表', '衣着', '00000001', '00000001201803121547313803308326', '20180310', '0', '1', '5', '5', '0');
INSERT INTO `xy_c_moral_cla_item` VALUES ('00000001201803111552308485682109', '品德', '公共清洁', '00000001', '00000001201803121547079170506088', '20180311', '1', '0', '10', '0', '1');
INSERT INTO `xy_c_moral_cla_item` VALUES ('00000001201803111552308485682109', '仪表', '其它', '00000001', '00000001201803121547079170506088', '20180311', '0', '1', '5', '5', '3');
INSERT INTO `xy_c_moral_cla_item` VALUES ('00000001201803111552308485682109', '仪表', '头发', '00000001', '00000001201803121547079170506088', '20180311', '0', '1', '5', '5', '2');
INSERT INTO `xy_c_moral_cla_item` VALUES ('00000001201803111552308485682109', '品德', '礼貌', '00000001', '00000001201803121547079170506088', '20180311', '1', '1', '10', '10', '0');
INSERT INTO `xy_c_moral_cla_item` VALUES ('00000001201803111552308485682109', '仪表', '红领巾', '00000001', '00000001201803121547079170506088', '20180311', '0', '1', '5', '5', '1');
INSERT INTO `xy_c_moral_cla_item` VALUES ('00000001201803111552308485682109', '仪表', '衣着', '00000001', '00000001201803121547079170506088', '20180311', '0', '1', '5', '5', '0');
INSERT INTO `xy_c_moral_cla_item` VALUES ('00000001201803111552308664236672', '品德', '公共清洁', '00000001', '00000001201803121547163726221280', '20180311', '1', '0', '10', '0', '1');
INSERT INTO `xy_c_moral_cla_item` VALUES ('00000001201803111552308664236672', '仪表', '其它', '00000001', '00000001201803121547163726221280', '20180311', '0', '1', '5', '5', '3');
INSERT INTO `xy_c_moral_cla_item` VALUES ('00000001201803111552308664236672', '仪表', '头发', '00000001', '00000001201803121547163726221280', '20180311', '0', '1', '5', '5', '2');
INSERT INTO `xy_c_moral_cla_item` VALUES ('00000001201803111552308664236672', '品德', '礼貌', '00000001', '00000001201803121547163726221280', '20180311', '1', '1', '10', '10', '0');
INSERT INTO `xy_c_moral_cla_item` VALUES ('00000001201803111552308664236672', '仪表', '红领巾', '00000001', '00000001201803121547163726221280', '20180311', '0', '1', '5', '5', '1');
INSERT INTO `xy_c_moral_cla_item` VALUES ('00000001201803111552308664236672', '仪表', '衣着', '00000001', '00000001201803121547163726221280', '20180311', '0', '1', '5', '5', '0');
INSERT INTO `xy_c_moral_cla_item` VALUES ('00000001201803111552308836012882', '品德', '公共清洁', '00000001', '00000001201803121547404328776155', '20180311', '1', '0', '10', '0', '1');
INSERT INTO `xy_c_moral_cla_item` VALUES ('00000001201803111552308836012882', '仪表', '其它', '00000001', '00000001201803121547404328776155', '20180311', '0', '1', '5', '5', '3');
INSERT INTO `xy_c_moral_cla_item` VALUES ('00000001201803111552308836012882', '仪表', '头发', '00000001', '00000001201803121547404328776155', '20180311', '0', '1', '5', '5', '2');
INSERT INTO `xy_c_moral_cla_item` VALUES ('00000001201803111552308836012882', '品德', '礼貌', '00000001', '00000001201803121547404328776155', '20180311', '1', '1', '10', '10', '0');
INSERT INTO `xy_c_moral_cla_item` VALUES ('00000001201803111552308836012882', '仪表', '红领巾', '00000001', '00000001201803121547404328776155', '20180311', '0', '1', '5', '5', '1');
INSERT INTO `xy_c_moral_cla_item` VALUES ('00000001201803111552308836012882', '仪表', '衣着', '00000001', '00000001201803121547404328776155', '20180311', '0', '1', '5', '5', '0');
INSERT INTO `xy_c_moral_cla_item` VALUES ('00000001201803111552308997433877', '品德', '公共清洁', '00000001', '00000001201803121547240560049970', '20180311', '1', '0', '10', '0', '1');
INSERT INTO `xy_c_moral_cla_item` VALUES ('00000001201803111552308997433877', '仪表', '其它', '00000001', '00000001201803121547240560049970', '20180311', '0', '1', '5', '5', '3');
INSERT INTO `xy_c_moral_cla_item` VALUES ('00000001201803111552308997433877', '仪表', '头发', '00000001', '00000001201803121547240560049970', '20180311', '0', '1', '5', '5', '2');
INSERT INTO `xy_c_moral_cla_item` VALUES ('00000001201803111552308997433877', '品德', '礼貌', '00000001', '00000001201803121547240560049970', '20180311', '1', '1', '10', '10', '0');
INSERT INTO `xy_c_moral_cla_item` VALUES ('00000001201803111552308997433877', '仪表', '红领巾', '00000001', '00000001201803121547240560049970', '20180311', '0', '1', '5', '5', '1');
INSERT INTO `xy_c_moral_cla_item` VALUES ('00000001201803111552308997433877', '仪表', '衣着', '00000001', '00000001201803121547240560049970', '20180311', '0', '1', '5', '5', '0');
INSERT INTO `xy_c_moral_cla_item` VALUES ('00000001201803111552309161930106', '品德', '公共清洁', '00000001', '00000001201803121547313803308326', '20180311', '1', '0', '10', '0', '1');
INSERT INTO `xy_c_moral_cla_item` VALUES ('00000001201803111552309161930106', '仪表', '其它', '00000001', '00000001201803121547313803308326', '20180311', '0', '1', '5', '5', '3');
INSERT INTO `xy_c_moral_cla_item` VALUES ('00000001201803111552309161930106', '仪表', '头发', '00000001', '00000001201803121547313803308326', '20180311', '0', '1', '5', '5', '2');
INSERT INTO `xy_c_moral_cla_item` VALUES ('00000001201803111552309161930106', '品德', '礼貌', '00000001', '00000001201803121547313803308326', '20180311', '1', '1', '10', '10', '0');
INSERT INTO `xy_c_moral_cla_item` VALUES ('00000001201803111552309161930106', '仪表', '红领巾', '00000001', '00000001201803121547313803308326', '20180311', '0', '1', '5', '5', '1');
INSERT INTO `xy_c_moral_cla_item` VALUES ('00000001201803111552309161930106', '仪表', '衣着', '00000001', '00000001201803121547313803308326', '20180311', '0', '1', '5', '5', '0');
INSERT INTO `xy_c_moral_cla_item` VALUES ('00000001201803121552590558284854', '品德', '公共清洁', '00000001', '00000001201803121547079170506088', '20180312', '1', '0', '10', '0', '1');
INSERT INTO `xy_c_moral_cla_item` VALUES ('00000001201803121552590558284854', '仪表', '其它', '00000001', '00000001201803121547079170506088', '20180312', '0', '1', '5', '5', '3');
INSERT INTO `xy_c_moral_cla_item` VALUES ('00000001201803121552590558284854', '仪表', '头发', '00000001', '00000001201803121547079170506088', '20180312', '0', '1', '5', '5', '2');
INSERT INTO `xy_c_moral_cla_item` VALUES ('00000001201803121552590558284854', '品德', '礼貌', '00000001', '00000001201803121547079170506088', '20180312', '1', '1', '10', '10', '0');
INSERT INTO `xy_c_moral_cla_item` VALUES ('00000001201803121552590558284854', '仪表', '红领巾', '00000001', '00000001201803121547079170506088', '20180312', '0', '1', '5', '5', '1');
INSERT INTO `xy_c_moral_cla_item` VALUES ('00000001201803121552590558284854', '仪表', '衣着', '00000001', '00000001201803121547079170506088', '20180312', '0', '1', '5', '3', '0');
INSERT INTO `xy_c_moral_cla_item` VALUES ('00000001201803121552590749704687', '品德', '公共清洁', '00000001', '00000001201803121547163726221280', '20180312', '1', '0', '10', '2', '1');
INSERT INTO `xy_c_moral_cla_item` VALUES ('00000001201803121552590749704687', '仪表', '其它', '00000001', '00000001201803121547163726221280', '20180312', '0', '1', '5', '5', '3');
INSERT INTO `xy_c_moral_cla_item` VALUES ('00000001201803121552590749704687', '仪表', '头发', '00000001', '00000001201803121547163726221280', '20180312', '0', '1', '5', '5', '2');
INSERT INTO `xy_c_moral_cla_item` VALUES ('00000001201803121552590749704687', '品德', '礼貌', '00000001', '00000001201803121547163726221280', '20180312', '1', '1', '10', '10', '0');
INSERT INTO `xy_c_moral_cla_item` VALUES ('00000001201803121552590749704687', '仪表', '红领巾', '00000001', '00000001201803121547163726221280', '20180312', '0', '1', '5', '5', '1');
INSERT INTO `xy_c_moral_cla_item` VALUES ('00000001201803121552590749704687', '仪表', '衣着', '00000001', '00000001201803121547163726221280', '20180312', '0', '1', '5', '5', '0');
INSERT INTO `xy_c_moral_cla_item` VALUES ('00000001201803121552590919798803', '品德', '公共清洁', '00000001', '00000001201803121547404328776155', '20180312', '1', '0', '10', '0', '1');
INSERT INTO `xy_c_moral_cla_item` VALUES ('00000001201803121552590919798803', '仪表', '其它', '00000001', '00000001201803121547404328776155', '20180312', '0', '1', '5', '5', '3');
INSERT INTO `xy_c_moral_cla_item` VALUES ('00000001201803121552590919798803', '仪表', '头发', '00000001', '00000001201803121547404328776155', '20180312', '0', '1', '5', '5', '2');
INSERT INTO `xy_c_moral_cla_item` VALUES ('00000001201803121552590919798803', '品德', '礼貌', '00000001', '00000001201803121547404328776155', '20180312', '1', '1', '10', '10', '0');
INSERT INTO `xy_c_moral_cla_item` VALUES ('00000001201803121552590919798803', '仪表', '红领巾', '00000001', '00000001201803121547404328776155', '20180312', '0', '1', '5', '5', '1');
INSERT INTO `xy_c_moral_cla_item` VALUES ('00000001201803121552590919798803', '仪表', '衣着', '00000001', '00000001201803121547404328776155', '20180312', '0', '1', '5', '5', '0');
INSERT INTO `xy_c_moral_cla_item` VALUES ('00000001201803121552591081633249', '品德', '公共清洁', '00000001', '00000001201803121547240560049970', '20180312', '1', '0', '10', '0', '1');
INSERT INTO `xy_c_moral_cla_item` VALUES ('00000001201803121552591081633249', '仪表', '其它', '00000001', '00000001201803121547240560049970', '20180312', '0', '1', '5', '5', '3');
INSERT INTO `xy_c_moral_cla_item` VALUES ('00000001201803121552591081633249', '仪表', '头发', '00000001', '00000001201803121547240560049970', '20180312', '0', '1', '5', '5', '2');
INSERT INTO `xy_c_moral_cla_item` VALUES ('00000001201803121552591081633249', '品德', '礼貌', '00000001', '00000001201803121547240560049970', '20180312', '1', '1', '10', '10', '0');
INSERT INTO `xy_c_moral_cla_item` VALUES ('00000001201803121552591081633249', '仪表', '红领巾', '00000001', '00000001201803121547240560049970', '20180312', '0', '1', '5', '5', '1');
INSERT INTO `xy_c_moral_cla_item` VALUES ('00000001201803121552591081633249', '仪表', '衣着', '00000001', '00000001201803121547240560049970', '20180312', '0', '1', '5', '5', '0');
INSERT INTO `xy_c_moral_cla_item` VALUES ('00000001201803121552591257943515', '品德', '公共清洁', '00000001', '00000001201803121547313803308326', '20180312', '1', '0', '10', '0', '1');
INSERT INTO `xy_c_moral_cla_item` VALUES ('00000001201803121552591257943515', '仪表', '其它', '00000001', '00000001201803121547313803308326', '20180312', '0', '1', '5', '5', '3');
INSERT INTO `xy_c_moral_cla_item` VALUES ('00000001201803121552591257943515', '仪表', '头发', '00000001', '00000001201803121547313803308326', '20180312', '0', '1', '5', '5', '2');
INSERT INTO `xy_c_moral_cla_item` VALUES ('00000001201803121552591257943515', '品德', '礼貌', '00000001', '00000001201803121547313803308326', '20180312', '1', '1', '10', '10', '0');
INSERT INTO `xy_c_moral_cla_item` VALUES ('00000001201803121552591257943515', '仪表', '红领巾', '00000001', '00000001201803121547313803308326', '20180312', '0', '1', '5', '5', '1');
INSERT INTO `xy_c_moral_cla_item` VALUES ('00000001201803121552591257943515', '仪表', '衣着', '00000001', '00000001201803121547313803308326', '20180312', '0', '1', '5', '5', '0');
INSERT INTO `xy_c_moral_cla_item` VALUES ('00000001201803131133282334322313', '品德', '公共清洁', '00000001', '00000001201803121547079170506088', '20180313', '1', '0', '10', '0', '1');
INSERT INTO `xy_c_moral_cla_item` VALUES ('00000001201803131133282334322313', '仪表', '其它', '00000001', '00000001201803121547079170506088', '20180313', '0', '1', '5', '5', '3');
INSERT INTO `xy_c_moral_cla_item` VALUES ('00000001201803131133282334322313', '仪表', '头发', '00000001', '00000001201803121547079170506088', '20180313', '0', '1', '5', '5', '2');
INSERT INTO `xy_c_moral_cla_item` VALUES ('00000001201803131133282334322313', '品德', '礼貌', '00000001', '00000001201803121547079170506088', '20180313', '1', '1', '10', '10', '0');
INSERT INTO `xy_c_moral_cla_item` VALUES ('00000001201803131133282334322313', '仪表', '红领巾', '00000001', '00000001201803121547079170506088', '20180313', '0', '1', '5', '5', '1');
INSERT INTO `xy_c_moral_cla_item` VALUES ('00000001201803131133282334322313', '仪表', '衣着', '00000001', '00000001201803121547079170506088', '20180313', '0', '1', '5', '5', '0');
INSERT INTO `xy_c_moral_cla_item` VALUES ('00000001201803131133282816197645', '品德', '公共清洁', '00000001', '00000001201803121547163726221280', '20180313', '1', '0', '10', '1', '1');
INSERT INTO `xy_c_moral_cla_item` VALUES ('00000001201803131133282816197645', '仪表', '其它', '00000001', '00000001201803121547163726221280', '20180313', '0', '1', '5', '5', '3');
INSERT INTO `xy_c_moral_cla_item` VALUES ('00000001201803131133282816197645', '仪表', '头发', '00000001', '00000001201803121547163726221280', '20180313', '0', '1', '5', '5', '2');
INSERT INTO `xy_c_moral_cla_item` VALUES ('00000001201803131133282816197645', '品德', '礼貌', '00000001', '00000001201803121547163726221280', '20180313', '1', '1', '10', '10', '0');
INSERT INTO `xy_c_moral_cla_item` VALUES ('00000001201803131133282816197645', '仪表', '红领巾', '00000001', '00000001201803121547163726221280', '20180313', '0', '1', '5', '4', '1');
INSERT INTO `xy_c_moral_cla_item` VALUES ('00000001201803131133282816197645', '仪表', '衣着', '00000001', '00000001201803121547163726221280', '20180313', '0', '1', '5', '5', '0');
INSERT INTO `xy_c_moral_cla_item` VALUES ('00000001201803131133283058042980', '品德', '公共清洁', '00000001', '00000001201803121547404328776155', '20180313', '1', '0', '10', '0', '1');
INSERT INTO `xy_c_moral_cla_item` VALUES ('00000001201803131133283058042980', '仪表', '其它', '00000001', '00000001201803121547404328776155', '20180313', '0', '1', '5', '5', '3');
INSERT INTO `xy_c_moral_cla_item` VALUES ('00000001201803131133283058042980', '仪表', '头发', '00000001', '00000001201803121547404328776155', '20180313', '0', '1', '5', '5', '2');
INSERT INTO `xy_c_moral_cla_item` VALUES ('00000001201803131133283058042980', '品德', '礼貌', '00000001', '00000001201803121547404328776155', '20180313', '1', '1', '10', '10', '0');
INSERT INTO `xy_c_moral_cla_item` VALUES ('00000001201803131133283058042980', '仪表', '红领巾', '00000001', '00000001201803121547404328776155', '20180313', '0', '1', '5', '5', '1');
INSERT INTO `xy_c_moral_cla_item` VALUES ('00000001201803131133283058042980', '仪表', '衣着', '00000001', '00000001201803121547404328776155', '20180313', '0', '1', '5', '5', '0');
INSERT INTO `xy_c_moral_cla_item` VALUES ('00000001201803131133283215596403', '品德', '公共清洁', '00000001', '00000001201803121547240560049970', '20180313', '1', '0', '10', '0', '1');
INSERT INTO `xy_c_moral_cla_item` VALUES ('00000001201803131133283215596403', '仪表', '其它', '00000001', '00000001201803121547240560049970', '20180313', '0', '1', '5', '5', '3');
INSERT INTO `xy_c_moral_cla_item` VALUES ('00000001201803131133283215596403', '仪表', '头发', '00000001', '00000001201803121547240560049970', '20180313', '0', '1', '5', '5', '2');
INSERT INTO `xy_c_moral_cla_item` VALUES ('00000001201803131133283215596403', '品德', '礼貌', '00000001', '00000001201803121547240560049970', '20180313', '1', '1', '10', '10', '0');
INSERT INTO `xy_c_moral_cla_item` VALUES ('00000001201803131133283215596403', '仪表', '红领巾', '00000001', '00000001201803121547240560049970', '20180313', '0', '1', '5', '5', '1');
INSERT INTO `xy_c_moral_cla_item` VALUES ('00000001201803131133283215596403', '仪表', '衣着', '00000001', '00000001201803121547240560049970', '20180313', '0', '1', '5', '5', '0');
INSERT INTO `xy_c_moral_cla_item` VALUES ('00000001201803131133283491051591', '品德', '公共清洁', '00000001', '00000001201803121547313803308326', '20180313', '1', '0', '10', '0', '1');
INSERT INTO `xy_c_moral_cla_item` VALUES ('00000001201803131133283491051591', '仪表', '其它', '00000001', '00000001201803121547313803308326', '20180313', '0', '1', '5', '5', '3');
INSERT INTO `xy_c_moral_cla_item` VALUES ('00000001201803131133283491051591', '仪表', '头发', '00000001', '00000001201803121547313803308326', '20180313', '0', '1', '5', '5', '2');
INSERT INTO `xy_c_moral_cla_item` VALUES ('00000001201803131133283491051591', '品德', '礼貌', '00000001', '00000001201803121547313803308326', '20180313', '1', '1', '10', '10', '0');
INSERT INTO `xy_c_moral_cla_item` VALUES ('00000001201803131133283491051591', '仪表', '红领巾', '00000001', '00000001201803121547313803308326', '20180313', '0', '1', '5', '5', '1');
INSERT INTO `xy_c_moral_cla_item` VALUES ('00000001201803131133283491051591', '仪表', '衣着', '00000001', '00000001201803121547313803308326', '20180313', '0', '1', '5', '5', '0');
INSERT INTO `xy_c_moral_cla_item` VALUES ('00000001201803140410004496001888', '品德', '公共清洁', '00000001', '00000001201803121547079170506088', '20180314', '1', '0', '10', '2', '1');
INSERT INTO `xy_c_moral_cla_item` VALUES ('00000001201803140410004496001888', '仪表', '其它', '00000001', '00000001201803121547079170506088', '20180314', '0', '1', '5', '5', '3');
INSERT INTO `xy_c_moral_cla_item` VALUES ('00000001201803140410004496001888', '仪表', '头发', '00000001', '00000001201803121547079170506088', '20180314', '0', '1', '5', '5', '2');
INSERT INTO `xy_c_moral_cla_item` VALUES ('00000001201803140410004496001888', '品德', '礼貌', '00000001', '00000001201803121547079170506088', '20180314', '1', '1', '10', '10', '0');
INSERT INTO `xy_c_moral_cla_item` VALUES ('00000001201803140410004496001888', '仪表', '红领巾', '00000001', '00000001201803121547079170506088', '20180314', '0', '1', '5', '5', '1');
INSERT INTO `xy_c_moral_cla_item` VALUES ('00000001201803140410004496001888', '仪表', '衣着', '00000001', '00000001201803121547079170506088', '20180314', '0', '1', '5', '5', '0');
INSERT INTO `xy_c_moral_cla_item` VALUES ('00000001201803140410004764116992', '品德', '公共清洁', '00000001', '00000001201803121547163726221280', '20180314', '1', '0', '10', '0', '1');
INSERT INTO `xy_c_moral_cla_item` VALUES ('00000001201803140410004764116992', '仪表', '其它', '00000001', '00000001201803121547163726221280', '20180314', '0', '1', '5', '4', '3');
INSERT INTO `xy_c_moral_cla_item` VALUES ('00000001201803140410004764116992', '仪表', '头发', '00000001', '00000001201803121547163726221280', '20180314', '0', '1', '5', '5', '2');
INSERT INTO `xy_c_moral_cla_item` VALUES ('00000001201803140410004764116992', '品德', '礼貌', '00000001', '00000001201803121547163726221280', '20180314', '1', '1', '10', '10', '0');
INSERT INTO `xy_c_moral_cla_item` VALUES ('00000001201803140410004764116992', '仪表', '红领巾', '00000001', '00000001201803121547163726221280', '20180314', '0', '1', '5', '5', '1');
INSERT INTO `xy_c_moral_cla_item` VALUES ('00000001201803140410004764116992', '仪表', '衣着', '00000001', '00000001201803121547163726221280', '20180314', '0', '1', '5', '4', '0');
INSERT INTO `xy_c_moral_cla_item` VALUES ('00000001201803140410004843172521', '品德', '公共清洁', '00000001', '00000001201803121547404328776155', '20180314', '1', '0', '10', '0', '1');
INSERT INTO `xy_c_moral_cla_item` VALUES ('00000001201803140410004843172521', '仪表', '其它', '00000001', '00000001201803121547404328776155', '20180314', '0', '1', '5', '5', '3');
INSERT INTO `xy_c_moral_cla_item` VALUES ('00000001201803140410004843172521', '仪表', '头发', '00000001', '00000001201803121547404328776155', '20180314', '0', '1', '5', '5', '2');
INSERT INTO `xy_c_moral_cla_item` VALUES ('00000001201803140410004843172521', '品德', '礼貌', '00000001', '00000001201803121547404328776155', '20180314', '1', '1', '10', '10', '0');
INSERT INTO `xy_c_moral_cla_item` VALUES ('00000001201803140410004843172521', '仪表', '红领巾', '00000001', '00000001201803121547404328776155', '20180314', '0', '1', '5', '5', '1');
INSERT INTO `xy_c_moral_cla_item` VALUES ('00000001201803140410004843172521', '仪表', '衣着', '00000001', '00000001201803121547404328776155', '20180314', '0', '1', '5', '5', '0');
INSERT INTO `xy_c_moral_cla_item` VALUES ('00000001201803140410005021522553', '品德', '公共清洁', '00000001', '00000001201803121547240560049970', '20180314', '1', '0', '10', '0', '1');
INSERT INTO `xy_c_moral_cla_item` VALUES ('00000001201803140410005021522553', '仪表', '其它', '00000001', '00000001201803121547240560049970', '20180314', '0', '1', '5', '5', '3');
INSERT INTO `xy_c_moral_cla_item` VALUES ('00000001201803140410005021522553', '仪表', '头发', '00000001', '00000001201803121547240560049970', '20180314', '0', '1', '5', '5', '2');
INSERT INTO `xy_c_moral_cla_item` VALUES ('00000001201803140410005021522553', '品德', '礼貌', '00000001', '00000001201803121547240560049970', '20180314', '1', '1', '10', '10', '0');
INSERT INTO `xy_c_moral_cla_item` VALUES ('00000001201803140410005021522553', '仪表', '红领巾', '00000001', '00000001201803121547240560049970', '20180314', '0', '1', '5', '5', '1');
INSERT INTO `xy_c_moral_cla_item` VALUES ('00000001201803140410005021522553', '仪表', '衣着', '00000001', '00000001201803121547240560049970', '20180314', '0', '1', '5', '5', '0');
INSERT INTO `xy_c_moral_cla_item` VALUES ('00000001201803140410005100668073', '品德', '公共清洁', '00000001', '00000001201803121547313803308326', '20180314', '1', '0', '10', '0', '1');
INSERT INTO `xy_c_moral_cla_item` VALUES ('00000001201803140410005100668073', '仪表', '其它', '00000001', '00000001201803121547313803308326', '20180314', '0', '1', '5', '5', '3');
INSERT INTO `xy_c_moral_cla_item` VALUES ('00000001201803140410005100668073', '仪表', '头发', '00000001', '00000001201803121547313803308326', '20180314', '0', '1', '5', '5', '2');
INSERT INTO `xy_c_moral_cla_item` VALUES ('00000001201803140410005100668073', '品德', '礼貌', '00000001', '00000001201803121547313803308326', '20180314', '1', '1', '10', '10', '0');
INSERT INTO `xy_c_moral_cla_item` VALUES ('00000001201803140410005100668073', '仪表', '红领巾', '00000001', '00000001201803121547313803308326', '20180314', '0', '1', '5', '5', '1');
INSERT INTO `xy_c_moral_cla_item` VALUES ('00000001201803140410005100668073', '仪表', '衣着', '00000001', '00000001201803121547313803308326', '20180314', '0', '1', '5', '5', '0');
INSERT INTO `xy_c_moral_cla_item` VALUES ('00000001201803161421373936059997', '品德', '公共清洁', '00000001', '00000001201803121547079170506088', '20180316', '1', '0', '10', '0', '1');
INSERT INTO `xy_c_moral_cla_item` VALUES ('00000001201803161421373936059997', '仪表', '其它', '00000001', '00000001201803121547079170506088', '20180316', '0', '1', '5', '5', '3');
INSERT INTO `xy_c_moral_cla_item` VALUES ('00000001201803161421373936059997', '仪表', '头发', '00000001', '00000001201803121547079170506088', '20180316', '0', '1', '5', '5', '2');
INSERT INTO `xy_c_moral_cla_item` VALUES ('00000001201803161421373936059997', '品德', '礼貌', '00000001', '00000001201803121547079170506088', '20180316', '1', '1', '10', '10', '0');
INSERT INTO `xy_c_moral_cla_item` VALUES ('00000001201803161421373936059997', '仪表', '红领巾', '00000001', '00000001201803121547079170506088', '20180316', '0', '1', '5', '5', '1');
INSERT INTO `xy_c_moral_cla_item` VALUES ('00000001201803161421373936059997', '仪表', '衣着', '00000001', '00000001201803121547079170506088', '20180316', '0', '1', '5', '4', '0');
INSERT INTO `xy_c_moral_cla_item` VALUES ('00000001201803161421374155794449', '品德', '公共清洁', '00000001', '00000001201803121547163726221280', '20180316', '1', '0', '10', '0', '1');
INSERT INTO `xy_c_moral_cla_item` VALUES ('00000001201803161421374155794449', '仪表', '其它', '00000001', '00000001201803121547163726221280', '20180316', '0', '1', '5', '5', '3');
INSERT INTO `xy_c_moral_cla_item` VALUES ('00000001201803161421374155794449', '仪表', '头发', '00000001', '00000001201803121547163726221280', '20180316', '0', '1', '5', '5', '2');
INSERT INTO `xy_c_moral_cla_item` VALUES ('00000001201803161421374155794449', '品德', '礼貌', '00000001', '00000001201803121547163726221280', '20180316', '1', '1', '10', '10', '0');
INSERT INTO `xy_c_moral_cla_item` VALUES ('00000001201803161421374155794449', '仪表', '红领巾', '00000001', '00000001201803121547163726221280', '20180316', '0', '1', '5', '5', '1');
INSERT INTO `xy_c_moral_cla_item` VALUES ('00000001201803161421374155794449', '仪表', '衣着', '00000001', '00000001201803121547163726221280', '20180316', '0', '1', '5', '5', '0');
INSERT INTO `xy_c_moral_cla_item` VALUES ('00000001201803161421374495874188', '品德', '公共清洁', '00000001', '00000001201803121547404328776155', '20180316', '1', '0', '10', '0', '1');
INSERT INTO `xy_c_moral_cla_item` VALUES ('00000001201803161421374495874188', '仪表', '其它', '00000001', '00000001201803121547404328776155', '20180316', '0', '1', '5', '5', '3');
INSERT INTO `xy_c_moral_cla_item` VALUES ('00000001201803161421374495874188', '仪表', '头发', '00000001', '00000001201803121547404328776155', '20180316', '0', '1', '5', '5', '2');
INSERT INTO `xy_c_moral_cla_item` VALUES ('00000001201803161421374495874188', '品德', '礼貌', '00000001', '00000001201803121547404328776155', '20180316', '1', '1', '10', '10', '0');
INSERT INTO `xy_c_moral_cla_item` VALUES ('00000001201803161421374495874188', '仪表', '红领巾', '00000001', '00000001201803121547404328776155', '20180316', '0', '1', '5', '5', '1');
INSERT INTO `xy_c_moral_cla_item` VALUES ('00000001201803161421374495874188', '仪表', '衣着', '00000001', '00000001201803121547404328776155', '20180316', '0', '1', '5', '5', '0');
INSERT INTO `xy_c_moral_cla_item` VALUES ('00000001201803161421374576429281', '品德', '公共清洁', '00000001', '00000001201803121547240560049970', '20180316', '1', '0', '10', '0', '1');
INSERT INTO `xy_c_moral_cla_item` VALUES ('00000001201803161421374576429281', '仪表', '其它', '00000001', '00000001201803121547240560049970', '20180316', '0', '1', '5', '5', '3');
INSERT INTO `xy_c_moral_cla_item` VALUES ('00000001201803161421374576429281', '仪表', '头发', '00000001', '00000001201803121547240560049970', '20180316', '0', '1', '5', '5', '2');
INSERT INTO `xy_c_moral_cla_item` VALUES ('00000001201803161421374576429281', '品德', '礼貌', '00000001', '00000001201803121547240560049970', '20180316', '1', '1', '10', '10', '0');
INSERT INTO `xy_c_moral_cla_item` VALUES ('00000001201803161421374576429281', '仪表', '红领巾', '00000001', '00000001201803121547240560049970', '20180316', '0', '1', '5', '5', '1');
INSERT INTO `xy_c_moral_cla_item` VALUES ('00000001201803161421374576429281', '仪表', '衣着', '00000001', '00000001201803121547240560049970', '20180316', '0', '1', '5', '5', '0');
INSERT INTO `xy_c_moral_cla_item` VALUES ('00000001201803161421374744941893', '品德', '公共清洁', '00000001', '00000001201803121547313803308326', '20180316', '1', '0', '10', '0', '1');
INSERT INTO `xy_c_moral_cla_item` VALUES ('00000001201803161421374744941893', '仪表', '其它', '00000001', '00000001201803121547313803308326', '20180316', '0', '1', '5', '5', '3');
INSERT INTO `xy_c_moral_cla_item` VALUES ('00000001201803161421374744941893', '仪表', '头发', '00000001', '00000001201803121547313803308326', '20180316', '0', '1', '5', '5', '2');
INSERT INTO `xy_c_moral_cla_item` VALUES ('00000001201803161421374744941893', '品德', '礼貌', '00000001', '00000001201803121547313803308326', '20180316', '1', '1', '10', '10', '0');
INSERT INTO `xy_c_moral_cla_item` VALUES ('00000001201803161421374744941893', '仪表', '红领巾', '00000001', '00000001201803121547313803308326', '20180316', '0', '1', '5', '5', '1');
INSERT INTO `xy_c_moral_cla_item` VALUES ('00000001201803161421374744941893', '仪表', '衣着', '00000001', '00000001201803121547313803308326', '20180316', '0', '1', '5', '5', '0');
INSERT INTO `xy_c_moral_cla_item` VALUES ('00000001201803170410000462355025', '品德', '公共清洁', '00000001', '00000001201803121547079170506088', '20180317', '1', '0', '10', '0', '1');
INSERT INTO `xy_c_moral_cla_item` VALUES ('00000001201803170410000462355025', '仪表', '其它', '00000001', '00000001201803121547079170506088', '20180317', '0', '1', '5', '5', '3');
INSERT INTO `xy_c_moral_cla_item` VALUES ('00000001201803170410000462355025', '仪表', '头发', '00000001', '00000001201803121547079170506088', '20180317', '0', '1', '5', '5', '2');
INSERT INTO `xy_c_moral_cla_item` VALUES ('00000001201803170410000462355025', '品德', '礼貌', '00000001', '00000001201803121547079170506088', '20180317', '1', '1', '10', '10', '0');
INSERT INTO `xy_c_moral_cla_item` VALUES ('00000001201803170410000462355025', '仪表', '红领巾', '00000001', '00000001201803121547079170506088', '20180317', '0', '1', '5', '5', '1');
INSERT INTO `xy_c_moral_cla_item` VALUES ('00000001201803170410000462355025', '仪表', '衣着', '00000001', '00000001201803121547079170506088', '20180317', '0', '1', '5', '5', '0');
INSERT INTO `xy_c_moral_cla_item` VALUES ('00000001201803170410000635614471', '品德', '公共清洁', '00000001', '00000001201803121547163726221280', '20180317', '1', '0', '10', '0', '1');
INSERT INTO `xy_c_moral_cla_item` VALUES ('00000001201803170410000635614471', '仪表', '其它', '00000001', '00000001201803121547163726221280', '20180317', '0', '1', '5', '5', '3');
INSERT INTO `xy_c_moral_cla_item` VALUES ('00000001201803170410000635614471', '仪表', '头发', '00000001', '00000001201803121547163726221280', '20180317', '0', '1', '5', '5', '2');
INSERT INTO `xy_c_moral_cla_item` VALUES ('00000001201803170410000635614471', '品德', '礼貌', '00000001', '00000001201803121547163726221280', '20180317', '1', '1', '10', '10', '0');
INSERT INTO `xy_c_moral_cla_item` VALUES ('00000001201803170410000635614471', '仪表', '红领巾', '00000001', '00000001201803121547163726221280', '20180317', '0', '1', '5', '5', '1');
INSERT INTO `xy_c_moral_cla_item` VALUES ('00000001201803170410000635614471', '仪表', '衣着', '00000001', '00000001201803121547163726221280', '20180317', '0', '1', '5', '5', '0');
INSERT INTO `xy_c_moral_cla_item` VALUES ('00000001201803170410000804819539', '品德', '公共清洁', '00000001', '00000001201803121547404328776155', '20180317', '1', '0', '10', '0', '1');
INSERT INTO `xy_c_moral_cla_item` VALUES ('00000001201803170410000804819539', '仪表', '其它', '00000001', '00000001201803121547404328776155', '20180317', '0', '1', '5', '5', '3');
INSERT INTO `xy_c_moral_cla_item` VALUES ('00000001201803170410000804819539', '仪表', '头发', '00000001', '00000001201803121547404328776155', '20180317', '0', '1', '5', '5', '2');
INSERT INTO `xy_c_moral_cla_item` VALUES ('00000001201803170410000804819539', '品德', '礼貌', '00000001', '00000001201803121547404328776155', '20180317', '1', '1', '10', '10', '0');
INSERT INTO `xy_c_moral_cla_item` VALUES ('00000001201803170410000804819539', '仪表', '红领巾', '00000001', '00000001201803121547404328776155', '20180317', '0', '1', '5', '5', '1');
INSERT INTO `xy_c_moral_cla_item` VALUES ('00000001201803170410000804819539', '仪表', '衣着', '00000001', '00000001201803121547404328776155', '20180317', '0', '1', '5', '5', '0');
INSERT INTO `xy_c_moral_cla_item` VALUES ('00000001201803170410000889757136', '品德', '公共清洁', '00000001', '00000001201803121547240560049970', '20180317', '1', '0', '10', '0', '1');
INSERT INTO `xy_c_moral_cla_item` VALUES ('00000001201803170410000889757136', '仪表', '其它', '00000001', '00000001201803121547240560049970', '20180317', '0', '1', '5', '5', '3');
INSERT INTO `xy_c_moral_cla_item` VALUES ('00000001201803170410000889757136', '仪表', '头发', '00000001', '00000001201803121547240560049970', '20180317', '0', '1', '5', '5', '2');
INSERT INTO `xy_c_moral_cla_item` VALUES ('00000001201803170410000889757136', '品德', '礼貌', '00000001', '00000001201803121547240560049970', '20180317', '1', '1', '10', '10', '0');
INSERT INTO `xy_c_moral_cla_item` VALUES ('00000001201803170410000889757136', '仪表', '红领巾', '00000001', '00000001201803121547240560049970', '20180317', '0', '1', '5', '5', '1');
INSERT INTO `xy_c_moral_cla_item` VALUES ('00000001201803170410000889757136', '仪表', '衣着', '00000001', '00000001201803121547240560049970', '20180317', '0', '1', '5', '5', '0');
INSERT INTO `xy_c_moral_cla_item` VALUES ('00000001201803170410001058129496', '品德', '公共清洁', '00000001', '00000001201803121547313803308326', '20180317', '1', '0', '10', '0', '1');
INSERT INTO `xy_c_moral_cla_item` VALUES ('00000001201803170410001058129496', '仪表', '其它', '00000001', '00000001201803121547313803308326', '20180317', '0', '1', '5', '5', '3');
INSERT INTO `xy_c_moral_cla_item` VALUES ('00000001201803170410001058129496', '仪表', '头发', '00000001', '00000001201803121547313803308326', '20180317', '0', '1', '5', '5', '2');
INSERT INTO `xy_c_moral_cla_item` VALUES ('00000001201803170410001058129496', '品德', '礼貌', '00000001', '00000001201803121547313803308326', '20180317', '1', '1', '10', '10', '0');
INSERT INTO `xy_c_moral_cla_item` VALUES ('00000001201803170410001058129496', '仪表', '红领巾', '00000001', '00000001201803121547313803308326', '20180317', '0', '1', '5', '5', '1');
INSERT INTO `xy_c_moral_cla_item` VALUES ('00000001201803170410001058129496', '仪表', '衣着', '00000001', '00000001201803121547313803308326', '20180317', '0', '1', '5', '5', '0');
INSERT INTO `xy_c_moral_cla_item` VALUES ('00000001201803180410000383886849', '品德', '公共清洁', '00000001', '00000001201803121547079170506088', '20180318', '1', '0', '10', '0', '1');
INSERT INTO `xy_c_moral_cla_item` VALUES ('00000001201803180410000383886849', '仪表', '其它', '00000001', '00000001201803121547079170506088', '20180318', '0', '1', '5', '5', '3');
INSERT INTO `xy_c_moral_cla_item` VALUES ('00000001201803180410000383886849', '仪表', '头发', '00000001', '00000001201803121547079170506088', '20180318', '0', '1', '5', '5', '2');
INSERT INTO `xy_c_moral_cla_item` VALUES ('00000001201803180410000383886849', '品德', '礼貌', '00000001', '00000001201803121547079170506088', '20180318', '1', '1', '10', '10', '0');
INSERT INTO `xy_c_moral_cla_item` VALUES ('00000001201803180410000383886849', '仪表', '红领巾', '00000001', '00000001201803121547079170506088', '20180318', '0', '1', '5', '5', '1');
INSERT INTO `xy_c_moral_cla_item` VALUES ('00000001201803180410000383886849', '仪表', '衣着', '00000001', '00000001201803121547079170506088', '20180318', '0', '1', '5', '5', '0');
INSERT INTO `xy_c_moral_cla_item` VALUES ('00000001201803180410000517069713', '品德', '公共清洁', '00000001', '00000001201803121547163726221280', '20180318', '1', '0', '10', '0', '1');
INSERT INTO `xy_c_moral_cla_item` VALUES ('00000001201803180410000517069713', '仪表', '其它', '00000001', '00000001201803121547163726221280', '20180318', '0', '1', '5', '5', '3');
INSERT INTO `xy_c_moral_cla_item` VALUES ('00000001201803180410000517069713', '仪表', '头发', '00000001', '00000001201803121547163726221280', '20180318', '0', '1', '5', '5', '2');
INSERT INTO `xy_c_moral_cla_item` VALUES ('00000001201803180410000517069713', '品德', '礼貌', '00000001', '00000001201803121547163726221280', '20180318', '1', '1', '10', '10', '0');
INSERT INTO `xy_c_moral_cla_item` VALUES ('00000001201803180410000517069713', '仪表', '红领巾', '00000001', '00000001201803121547163726221280', '20180318', '0', '1', '5', '5', '1');
INSERT INTO `xy_c_moral_cla_item` VALUES ('00000001201803180410000517069713', '仪表', '衣着', '00000001', '00000001201803121547163726221280', '20180318', '0', '1', '5', '5', '0');
INSERT INTO `xy_c_moral_cla_item` VALUES ('00000001201803180410000685709969', '品德', '公共清洁', '00000001', '00000001201803121547404328776155', '20180318', '1', '0', '10', '0', '1');
INSERT INTO `xy_c_moral_cla_item` VALUES ('00000001201803180410000685709969', '仪表', '其它', '00000001', '00000001201803121547404328776155', '20180318', '0', '1', '5', '5', '3');
INSERT INTO `xy_c_moral_cla_item` VALUES ('00000001201803180410000685709969', '仪表', '头发', '00000001', '00000001201803121547404328776155', '20180318', '0', '1', '5', '5', '2');
INSERT INTO `xy_c_moral_cla_item` VALUES ('00000001201803180410000685709969', '品德', '礼貌', '00000001', '00000001201803121547404328776155', '20180318', '1', '1', '10', '10', '0');
INSERT INTO `xy_c_moral_cla_item` VALUES ('00000001201803180410000685709969', '仪表', '红领巾', '00000001', '00000001201803121547404328776155', '20180318', '0', '1', '5', '5', '1');
INSERT INTO `xy_c_moral_cla_item` VALUES ('00000001201803180410000685709969', '仪表', '衣着', '00000001', '00000001201803121547404328776155', '20180318', '0', '1', '5', '5', '0');
INSERT INTO `xy_c_moral_cla_item` VALUES ('00000001201803180410000764327914', '品德', '公共清洁', '00000001', '00000001201803121547240560049970', '20180318', '1', '0', '10', '0', '1');
INSERT INTO `xy_c_moral_cla_item` VALUES ('00000001201803180410000764327914', '仪表', '其它', '00000001', '00000001201803121547240560049970', '20180318', '0', '1', '5', '5', '3');
INSERT INTO `xy_c_moral_cla_item` VALUES ('00000001201803180410000764327914', '仪表', '头发', '00000001', '00000001201803121547240560049970', '20180318', '0', '1', '5', '5', '2');
INSERT INTO `xy_c_moral_cla_item` VALUES ('00000001201803180410000764327914', '品德', '礼貌', '00000001', '00000001201803121547240560049970', '20180318', '1', '1', '10', '10', '0');
INSERT INTO `xy_c_moral_cla_item` VALUES ('00000001201803180410000764327914', '仪表', '红领巾', '00000001', '00000001201803121547240560049970', '20180318', '0', '1', '5', '5', '1');
INSERT INTO `xy_c_moral_cla_item` VALUES ('00000001201803180410000764327914', '仪表', '衣着', '00000001', '00000001201803121547240560049970', '20180318', '0', '1', '5', '5', '0');
INSERT INTO `xy_c_moral_cla_item` VALUES ('00000001201803180410000853193961', '品德', '公共清洁', '00000001', '00000001201803121547313803308326', '20180318', '1', '0', '10', '0', '1');
INSERT INTO `xy_c_moral_cla_item` VALUES ('00000001201803180410000853193961', '仪表', '其它', '00000001', '00000001201803121547313803308326', '20180318', '0', '1', '5', '5', '3');
INSERT INTO `xy_c_moral_cla_item` VALUES ('00000001201803180410000853193961', '仪表', '头发', '00000001', '00000001201803121547313803308326', '20180318', '0', '1', '5', '5', '2');
INSERT INTO `xy_c_moral_cla_item` VALUES ('00000001201803180410000853193961', '品德', '礼貌', '00000001', '00000001201803121547313803308326', '20180318', '1', '1', '10', '10', '0');
INSERT INTO `xy_c_moral_cla_item` VALUES ('00000001201803180410000853193961', '仪表', '红领巾', '00000001', '00000001201803121547313803308326', '20180318', '0', '1', '5', '5', '1');
INSERT INTO `xy_c_moral_cla_item` VALUES ('00000001201803180410000853193961', '仪表', '衣着', '00000001', '00000001201803121547313803308326', '20180318', '0', '1', '5', '5', '0');
INSERT INTO `xy_c_moral_cla_item` VALUES ('00000001201803190410000533430467', '品德', '公共清洁', '00000001', '00000001201803121547079170506088', '20180319', '1', '0', '10', '0', '1');
INSERT INTO `xy_c_moral_cla_item` VALUES ('00000001201803190410000533430467', '仪表', '其它', '00000001', '00000001201803121547079170506088', '20180319', '0', '1', '5', '5', '3');
INSERT INTO `xy_c_moral_cla_item` VALUES ('00000001201803190410000533430467', '仪表', '头发', '00000001', '00000001201803121547079170506088', '20180319', '0', '1', '5', '5', '2');
INSERT INTO `xy_c_moral_cla_item` VALUES ('00000001201803190410000533430467', '品德', '礼貌', '00000001', '00000001201803121547079170506088', '20180319', '1', '1', '10', '10', '0');
INSERT INTO `xy_c_moral_cla_item` VALUES ('00000001201803190410000533430467', '仪表', '红领巾', '00000001', '00000001201803121547079170506088', '20180319', '0', '1', '5', '5', '1');
INSERT INTO `xy_c_moral_cla_item` VALUES ('00000001201803190410000533430467', '仪表', '衣着', '00000001', '00000001201803121547079170506088', '20180319', '0', '1', '5', '5', '0');
INSERT INTO `xy_c_moral_cla_item` VALUES ('00000001201803190410000682264546', '品德', '公共清洁', '00000001', '00000001201803121547163726221280', '20180319', '1', '0', '10', '0', '1');
INSERT INTO `xy_c_moral_cla_item` VALUES ('00000001201803190410000682264546', '仪表', '其它', '00000001', '00000001201803121547163726221280', '20180319', '0', '1', '5', '5', '3');
INSERT INTO `xy_c_moral_cla_item` VALUES ('00000001201803190410000682264546', '仪表', '头发', '00000001', '00000001201803121547163726221280', '20180319', '0', '1', '5', '5', '2');
INSERT INTO `xy_c_moral_cla_item` VALUES ('00000001201803190410000682264546', '品德', '礼貌', '00000001', '00000001201803121547163726221280', '20180319', '1', '1', '10', '10', '0');
INSERT INTO `xy_c_moral_cla_item` VALUES ('00000001201803190410000682264546', '仪表', '红领巾', '00000001', '00000001201803121547163726221280', '20180319', '0', '1', '5', '5', '1');
INSERT INTO `xy_c_moral_cla_item` VALUES ('00000001201803190410000682264546', '仪表', '衣着', '00000001', '00000001201803121547163726221280', '20180319', '0', '1', '5', '5', '0');
INSERT INTO `xy_c_moral_cla_item` VALUES ('00000001201803190410000855217576', '品德', '公共清洁', '00000001', '00000001201803121547404328776155', '20180319', '1', '0', '10', '0', '1');
INSERT INTO `xy_c_moral_cla_item` VALUES ('00000001201803190410000855217576', '仪表', '其它', '00000001', '00000001201803121547404328776155', '20180319', '0', '1', '5', '5', '3');
INSERT INTO `xy_c_moral_cla_item` VALUES ('00000001201803190410000855217576', '仪表', '头发', '00000001', '00000001201803121547404328776155', '20180319', '0', '1', '5', '5', '2');
INSERT INTO `xy_c_moral_cla_item` VALUES ('00000001201803190410000855217576', '品德', '礼貌', '00000001', '00000001201803121547404328776155', '20180319', '1', '1', '10', '10', '0');
INSERT INTO `xy_c_moral_cla_item` VALUES ('00000001201803190410000855217576', '仪表', '红领巾', '00000001', '00000001201803121547404328776155', '20180319', '0', '1', '5', '5', '1');
INSERT INTO `xy_c_moral_cla_item` VALUES ('00000001201803190410000855217576', '仪表', '衣着', '00000001', '00000001201803121547404328776155', '20180319', '0', '1', '5', '5', '0');
INSERT INTO `xy_c_moral_cla_item` VALUES ('00000001201803190410000936246281', '品德', '公共清洁', '00000001', '00000001201803121547240560049970', '20180319', '1', '0', '10', '0', '1');
INSERT INTO `xy_c_moral_cla_item` VALUES ('00000001201803190410000936246281', '仪表', '其它', '00000001', '00000001201803121547240560049970', '20180319', '0', '1', '5', '5', '3');
INSERT INTO `xy_c_moral_cla_item` VALUES ('00000001201803190410000936246281', '仪表', '头发', '00000001', '00000001201803121547240560049970', '20180319', '0', '1', '5', '5', '2');
INSERT INTO `xy_c_moral_cla_item` VALUES ('00000001201803190410000936246281', '品德', '礼貌', '00000001', '00000001201803121547240560049970', '20180319', '1', '1', '10', '10', '0');
INSERT INTO `xy_c_moral_cla_item` VALUES ('00000001201803190410000936246281', '仪表', '红领巾', '00000001', '00000001201803121547240560049970', '20180319', '0', '1', '5', '5', '1');
INSERT INTO `xy_c_moral_cla_item` VALUES ('00000001201803190410000936246281', '仪表', '衣着', '00000001', '00000001201803121547240560049970', '20180319', '0', '1', '5', '5', '0');
INSERT INTO `xy_c_moral_cla_item` VALUES ('00000001201803190410001105115682', '品德', '公共清洁', '00000001', '00000001201803121547313803308326', '20180319', '1', '0', '10', '0', '1');
INSERT INTO `xy_c_moral_cla_item` VALUES ('00000001201803190410001105115682', '仪表', '其它', '00000001', '00000001201803121547313803308326', '20180319', '0', '1', '5', '5', '3');
INSERT INTO `xy_c_moral_cla_item` VALUES ('00000001201803190410001105115682', '仪表', '头发', '00000001', '00000001201803121547313803308326', '20180319', '0', '1', '5', '5', '2');
INSERT INTO `xy_c_moral_cla_item` VALUES ('00000001201803190410001105115682', '品德', '礼貌', '00000001', '00000001201803121547313803308326', '20180319', '1', '1', '10', '10', '0');
INSERT INTO `xy_c_moral_cla_item` VALUES ('00000001201803190410001105115682', '仪表', '红领巾', '00000001', '00000001201803121547313803308326', '20180319', '0', '1', '5', '5', '1');
INSERT INTO `xy_c_moral_cla_item` VALUES ('00000001201803190410001105115682', '仪表', '衣着', '00000001', '00000001201803121547313803308326', '20180319', '0', '1', '5', '5', '0');
INSERT INTO `xy_c_moral_cla_item` VALUES ('00000001201803200410004182752046', '品德', '公共清洁', '00000001', '00000001201803121547079170506088', '20180320', '1', '0', '10', '0', '1');
INSERT INTO `xy_c_moral_cla_item` VALUES ('00000001201803200410004182752046', '仪表', '其它', '00000001', '00000001201803121547079170506088', '20180320', '0', '1', '5', '5', '3');
INSERT INTO `xy_c_moral_cla_item` VALUES ('00000001201803200410004182752046', '仪表', '头发', '00000001', '00000001201803121547079170506088', '20180320', '0', '1', '5', '5', '2');
INSERT INTO `xy_c_moral_cla_item` VALUES ('00000001201803200410004182752046', '品德', '礼貌', '00000001', '00000001201803121547079170506088', '20180320', '1', '1', '10', '10', '0');
INSERT INTO `xy_c_moral_cla_item` VALUES ('00000001201803200410004182752046', '仪表', '红领巾', '00000001', '00000001201803121547079170506088', '20180320', '0', '1', '5', '5', '1');
INSERT INTO `xy_c_moral_cla_item` VALUES ('00000001201803200410004182752046', '仪表', '衣着', '00000001', '00000001201803121547079170506088', '20180320', '0', '1', '5', '5', '0');
INSERT INTO `xy_c_moral_cla_item` VALUES ('00000001201803200410004615478274', '品德', '公共清洁', '00000001', '00000001201803121547163726221280', '20180320', '1', '0', '10', '0', '1');
INSERT INTO `xy_c_moral_cla_item` VALUES ('00000001201803200410004615478274', '仪表', '其它', '00000001', '00000001201803121547163726221280', '20180320', '0', '1', '5', '5', '3');
INSERT INTO `xy_c_moral_cla_item` VALUES ('00000001201803200410004615478274', '仪表', '头发', '00000001', '00000001201803121547163726221280', '20180320', '0', '1', '5', '5', '2');
INSERT INTO `xy_c_moral_cla_item` VALUES ('00000001201803200410004615478274', '品德', '礼貌', '00000001', '00000001201803121547163726221280', '20180320', '1', '1', '10', '10', '0');
INSERT INTO `xy_c_moral_cla_item` VALUES ('00000001201803200410004615478274', '仪表', '红领巾', '00000001', '00000001201803121547163726221280', '20180320', '0', '1', '5', '5', '1');
INSERT INTO `xy_c_moral_cla_item` VALUES ('00000001201803200410004615478274', '仪表', '衣着', '00000001', '00000001201803121547163726221280', '20180320', '0', '1', '5', '5', '0');
INSERT INTO `xy_c_moral_cla_item` VALUES ('00000001201803200410004696303132', '品德', '公共清洁', '00000001', '00000001201803121547404328776155', '20180320', '1', '0', '10', '0', '1');
INSERT INTO `xy_c_moral_cla_item` VALUES ('00000001201803200410004696303132', '仪表', '其它', '00000001', '00000001201803121547404328776155', '20180320', '0', '1', '5', '5', '3');
INSERT INTO `xy_c_moral_cla_item` VALUES ('00000001201803200410004696303132', '仪表', '头发', '00000001', '00000001201803121547404328776155', '20180320', '0', '1', '5', '5', '2');
INSERT INTO `xy_c_moral_cla_item` VALUES ('00000001201803200410004696303132', '品德', '礼貌', '00000001', '00000001201803121547404328776155', '20180320', '1', '1', '10', '10', '0');
INSERT INTO `xy_c_moral_cla_item` VALUES ('00000001201803200410004696303132', '仪表', '红领巾', '00000001', '00000001201803121547404328776155', '20180320', '0', '1', '5', '5', '1');
INSERT INTO `xy_c_moral_cla_item` VALUES ('00000001201803200410004696303132', '仪表', '衣着', '00000001', '00000001201803121547404328776155', '20180320', '0', '1', '5', '5', '0');
INSERT INTO `xy_c_moral_cla_item` VALUES ('00000001201803200410004864764775', '品德', '公共清洁', '00000001', '00000001201803121547240560049970', '20180320', '1', '0', '10', '0', '1');
INSERT INTO `xy_c_moral_cla_item` VALUES ('00000001201803200410004864764775', '仪表', '其它', '00000001', '00000001201803121547240560049970', '20180320', '0', '1', '5', '5', '3');
INSERT INTO `xy_c_moral_cla_item` VALUES ('00000001201803200410004864764775', '仪表', '头发', '00000001', '00000001201803121547240560049970', '20180320', '0', '1', '5', '5', '2');
INSERT INTO `xy_c_moral_cla_item` VALUES ('00000001201803200410004864764775', '品德', '礼貌', '00000001', '00000001201803121547240560049970', '20180320', '1', '1', '10', '10', '0');
INSERT INTO `xy_c_moral_cla_item` VALUES ('00000001201803200410004864764775', '仪表', '红领巾', '00000001', '00000001201803121547240560049970', '20180320', '0', '1', '5', '5', '1');
INSERT INTO `xy_c_moral_cla_item` VALUES ('00000001201803200410004864764775', '仪表', '衣着', '00000001', '00000001201803121547240560049970', '20180320', '0', '1', '5', '5', '0');
INSERT INTO `xy_c_moral_cla_item` VALUES ('00000001201803200410004943662392', '品德', '公共清洁', '00000001', '00000001201803121547313803308326', '20180320', '1', '0', '10', '0', '1');
INSERT INTO `xy_c_moral_cla_item` VALUES ('00000001201803200410004943662392', '仪表', '其它', '00000001', '00000001201803121547313803308326', '20180320', '0', '1', '5', '5', '3');
INSERT INTO `xy_c_moral_cla_item` VALUES ('00000001201803200410004943662392', '仪表', '头发', '00000001', '00000001201803121547313803308326', '20180320', '0', '1', '5', '5', '2');
INSERT INTO `xy_c_moral_cla_item` VALUES ('00000001201803200410004943662392', '品德', '礼貌', '00000001', '00000001201803121547313803308326', '20180320', '1', '1', '10', '10', '0');
INSERT INTO `xy_c_moral_cla_item` VALUES ('00000001201803200410004943662392', '仪表', '红领巾', '00000001', '00000001201803121547313803308326', '20180320', '0', '1', '5', '5', '1');
INSERT INTO `xy_c_moral_cla_item` VALUES ('00000001201803200410004943662392', '仪表', '衣着', '00000001', '00000001201803121547313803308326', '20180320', '0', '1', '5', '5', '0');
INSERT INTO `xy_c_moral_cla_item` VALUES ('00000001201803210410004187897072', '品德', '公共清洁', '00000001', '00000001201803121547079170506088', '20180321', '1', '0', '10', '0', '1');
INSERT INTO `xy_c_moral_cla_item` VALUES ('00000001201803210410004187897072', '仪表', '其它', '00000001', '00000001201803121547079170506088', '20180321', '0', '1', '5', '5', '3');
INSERT INTO `xy_c_moral_cla_item` VALUES ('00000001201803210410004187897072', '仪表', '头发', '00000001', '00000001201803121547079170506088', '20180321', '0', '1', '5', '5', '2');
INSERT INTO `xy_c_moral_cla_item` VALUES ('00000001201803210410004187897072', '品德', '礼貌', '00000001', '00000001201803121547079170506088', '20180321', '1', '1', '10', '10', '0');
INSERT INTO `xy_c_moral_cla_item` VALUES ('00000001201803210410004187897072', '仪表', '红领巾', '00000001', '00000001201803121547079170506088', '20180321', '0', '1', '5', '5', '1');
INSERT INTO `xy_c_moral_cla_item` VALUES ('00000001201803210410004187897072', '仪表', '衣着', '00000001', '00000001201803121547079170506088', '20180321', '0', '1', '5', '5', '0');
INSERT INTO `xy_c_moral_cla_item` VALUES ('00000001201803210410004363428980', '品德', '公共清洁', '00000001', '00000001201803121547163726221280', '20180321', '1', '0', '10', '0', '1');
INSERT INTO `xy_c_moral_cla_item` VALUES ('00000001201803210410004363428980', '仪表', '其它', '00000001', '00000001201803121547163726221280', '20180321', '0', '1', '5', '5', '3');
INSERT INTO `xy_c_moral_cla_item` VALUES ('00000001201803210410004363428980', '仪表', '头发', '00000001', '00000001201803121547163726221280', '20180321', '0', '1', '5', '5', '2');
INSERT INTO `xy_c_moral_cla_item` VALUES ('00000001201803210410004363428980', '品德', '礼貌', '00000001', '00000001201803121547163726221280', '20180321', '1', '1', '10', '10', '0');
INSERT INTO `xy_c_moral_cla_item` VALUES ('00000001201803210410004363428980', '仪表', '红领巾', '00000001', '00000001201803121547163726221280', '20180321', '0', '1', '5', '5', '1');
INSERT INTO `xy_c_moral_cla_item` VALUES ('00000001201803210410004363428980', '仪表', '衣着', '00000001', '00000001201803121547163726221280', '20180321', '0', '1', '5', '5', '0');
INSERT INTO `xy_c_moral_cla_item` VALUES ('00000001201803210410004529922311', '品德', '公共清洁', '00000001', '00000001201803121547404328776155', '20180321', '1', '0', '10', '0', '1');
INSERT INTO `xy_c_moral_cla_item` VALUES ('00000001201803210410004529922311', '仪表', '其它', '00000001', '00000001201803121547404328776155', '20180321', '0', '1', '5', '5', '3');
INSERT INTO `xy_c_moral_cla_item` VALUES ('00000001201803210410004529922311', '仪表', '头发', '00000001', '00000001201803121547404328776155', '20180321', '0', '1', '5', '5', '2');
INSERT INTO `xy_c_moral_cla_item` VALUES ('00000001201803210410004529922311', '品德', '礼貌', '00000001', '00000001201803121547404328776155', '20180321', '1', '1', '10', '10', '0');
INSERT INTO `xy_c_moral_cla_item` VALUES ('00000001201803210410004529922311', '仪表', '红领巾', '00000001', '00000001201803121547404328776155', '20180321', '0', '1', '5', '5', '1');
INSERT INTO `xy_c_moral_cla_item` VALUES ('00000001201803210410004529922311', '仪表', '衣着', '00000001', '00000001201803121547404328776155', '20180321', '0', '1', '5', '5', '0');
INSERT INTO `xy_c_moral_cla_item` VALUES ('00000001201803210410004619924259', '品德', '公共清洁', '00000001', '00000001201803121547240560049970', '20180321', '1', '0', '10', '0', '1');
INSERT INTO `xy_c_moral_cla_item` VALUES ('00000001201803210410004619924259', '仪表', '其它', '00000001', '00000001201803121547240560049970', '20180321', '0', '1', '5', '5', '3');
INSERT INTO `xy_c_moral_cla_item` VALUES ('00000001201803210410004619924259', '仪表', '头发', '00000001', '00000001201803121547240560049970', '20180321', '0', '1', '5', '5', '2');
INSERT INTO `xy_c_moral_cla_item` VALUES ('00000001201803210410004619924259', '品德', '礼貌', '00000001', '00000001201803121547240560049970', '20180321', '1', '1', '10', '10', '0');
INSERT INTO `xy_c_moral_cla_item` VALUES ('00000001201803210410004619924259', '仪表', '红领巾', '00000001', '00000001201803121547240560049970', '20180321', '0', '1', '5', '5', '1');
INSERT INTO `xy_c_moral_cla_item` VALUES ('00000001201803210410004619924259', '仪表', '衣着', '00000001', '00000001201803121547240560049970', '20180321', '0', '1', '5', '5', '0');
INSERT INTO `xy_c_moral_cla_item` VALUES ('00000001201803210410004785367993', '品德', '公共清洁', '00000001', '00000001201803121547313803308326', '20180321', '1', '0', '10', '0', '1');
INSERT INTO `xy_c_moral_cla_item` VALUES ('00000001201803210410004785367993', '仪表', '其它', '00000001', '00000001201803121547313803308326', '20180321', '0', '1', '5', '5', '3');
INSERT INTO `xy_c_moral_cla_item` VALUES ('00000001201803210410004785367993', '仪表', '头发', '00000001', '00000001201803121547313803308326', '20180321', '0', '1', '5', '5', '2');
INSERT INTO `xy_c_moral_cla_item` VALUES ('00000001201803210410004785367993', '品德', '礼貌', '00000001', '00000001201803121547313803308326', '20180321', '1', '1', '10', '10', '0');
INSERT INTO `xy_c_moral_cla_item` VALUES ('00000001201803210410004785367993', '仪表', '红领巾', '00000001', '00000001201803121547313803308326', '20180321', '0', '1', '5', '5', '1');
INSERT INTO `xy_c_moral_cla_item` VALUES ('00000001201803210410004785367993', '仪表', '衣着', '00000001', '00000001201803121547313803308326', '20180321', '0', '1', '5', '5', '0');
INSERT INTO `xy_c_moral_cla_item` VALUES ('00000001201803210410004945000571', '品德', '公共清洁', '00000001', '00000001201803201423407664283897', '20180321', '1', '0', '10', '0', '1');
INSERT INTO `xy_c_moral_cla_item` VALUES ('00000001201803210410004945000571', '仪表', '其它', '00000001', '00000001201803201423407664283897', '20180321', '0', '1', '5', '5', '3');
INSERT INTO `xy_c_moral_cla_item` VALUES ('00000001201803210410004945000571', '仪表', '头发', '00000001', '00000001201803201423407664283897', '20180321', '0', '1', '5', '5', '2');
INSERT INTO `xy_c_moral_cla_item` VALUES ('00000001201803210410004945000571', '品德', '礼貌', '00000001', '00000001201803201423407664283897', '20180321', '1', '1', '10', '10', '0');
INSERT INTO `xy_c_moral_cla_item` VALUES ('00000001201803210410004945000571', '仪表', '红领巾', '00000001', '00000001201803201423407664283897', '20180321', '0', '1', '5', '5', '1');
INSERT INTO `xy_c_moral_cla_item` VALUES ('00000001201803210410004945000571', '仪表', '衣着', '00000001', '00000001201803201423407664283897', '20180321', '0', '1', '5', '5', '0');
INSERT INTO `xy_c_moral_cla_item` VALUES ('00000001201803210410005034735011', '品德', '公共清洁', '00000001', '00000001201803201422252956548236', '20180321', '1', '0', '10', '0', '1');
INSERT INTO `xy_c_moral_cla_item` VALUES ('00000001201803210410005034735011', '仪表', '其它', '00000001', '00000001201803201422252956548236', '20180321', '0', '1', '5', '5', '3');
INSERT INTO `xy_c_moral_cla_item` VALUES ('00000001201803210410005034735011', '仪表', '头发', '00000001', '00000001201803201422252956548236', '20180321', '0', '1', '5', '5', '2');
INSERT INTO `xy_c_moral_cla_item` VALUES ('00000001201803210410005034735011', '品德', '礼貌', '00000001', '00000001201803201422252956548236', '20180321', '1', '1', '10', '10', '0');
INSERT INTO `xy_c_moral_cla_item` VALUES ('00000001201803210410005034735011', '仪表', '红领巾', '00000001', '00000001201803201422252956548236', '20180321', '0', '1', '5', '5', '1');
INSERT INTO `xy_c_moral_cla_item` VALUES ('00000001201803210410005034735011', '仪表', '衣着', '00000001', '00000001201803201422252956548236', '20180321', '0', '1', '5', '5', '0');
INSERT INTO `xy_c_moral_cla_item` VALUES ('00000001201803220410000460253345', '品德', '公共清洁', '00000001', '00000001201803121547079170506088', '20180322', '1', '0', '10', '0', '1');
INSERT INTO `xy_c_moral_cla_item` VALUES ('00000001201803220410000460253345', '仪表', '其它', '00000001', '00000001201803121547079170506088', '20180322', '0', '1', '5', '5', '3');
INSERT INTO `xy_c_moral_cla_item` VALUES ('00000001201803220410000460253345', '仪表', '头发', '00000001', '00000001201803121547079170506088', '20180322', '0', '1', '5', '5', '2');
INSERT INTO `xy_c_moral_cla_item` VALUES ('00000001201803220410000460253345', '品德', '礼貌', '00000001', '00000001201803121547079170506088', '20180322', '1', '1', '10', '10', '0');
INSERT INTO `xy_c_moral_cla_item` VALUES ('00000001201803220410000460253345', '仪表', '红领巾', '00000001', '00000001201803121547079170506088', '20180322', '0', '1', '5', '5', '1');
INSERT INTO `xy_c_moral_cla_item` VALUES ('00000001201803220410000460253345', '仪表', '衣着', '00000001', '00000001201803121547079170506088', '20180322', '0', '1', '5', '5', '0');
INSERT INTO `xy_c_moral_cla_item` VALUES ('00000001201803220410000742768133', '品德', '公共清洁', '00000001', '00000001201803121547163726221280', '20180322', '1', '0', '10', '0', '1');
INSERT INTO `xy_c_moral_cla_item` VALUES ('00000001201803220410000742768133', '仪表', '其它', '00000001', '00000001201803121547163726221280', '20180322', '0', '1', '5', '5', '3');
INSERT INTO `xy_c_moral_cla_item` VALUES ('00000001201803220410000742768133', '仪表', '头发', '00000001', '00000001201803121547163726221280', '20180322', '0', '1', '5', '5', '2');
INSERT INTO `xy_c_moral_cla_item` VALUES ('00000001201803220410000742768133', '品德', '礼貌', '00000001', '00000001201803121547163726221280', '20180322', '1', '1', '10', '10', '0');
INSERT INTO `xy_c_moral_cla_item` VALUES ('00000001201803220410000742768133', '仪表', '红领巾', '00000001', '00000001201803121547163726221280', '20180322', '0', '1', '5', '5', '1');
INSERT INTO `xy_c_moral_cla_item` VALUES ('00000001201803220410000742768133', '仪表', '衣着', '00000001', '00000001201803121547163726221280', '20180322', '0', '1', '5', '5', '0');
INSERT INTO `xy_c_moral_cla_item` VALUES ('00000001201803220410000839601967', '品德', '公共清洁', '00000001', '00000001201803121547404328776155', '20180322', '1', '0', '10', '0', '1');
INSERT INTO `xy_c_moral_cla_item` VALUES ('00000001201803220410000839601967', '仪表', '其它', '00000001', '00000001201803121547404328776155', '20180322', '0', '1', '5', '5', '3');
INSERT INTO `xy_c_moral_cla_item` VALUES ('00000001201803220410000839601967', '仪表', '头发', '00000001', '00000001201803121547404328776155', '20180322', '0', '1', '5', '5', '2');
INSERT INTO `xy_c_moral_cla_item` VALUES ('00000001201803220410000839601967', '品德', '礼貌', '00000001', '00000001201803121547404328776155', '20180322', '1', '1', '10', '10', '0');
INSERT INTO `xy_c_moral_cla_item` VALUES ('00000001201803220410000839601967', '仪表', '红领巾', '00000001', '00000001201803121547404328776155', '20180322', '0', '1', '5', '5', '1');
INSERT INTO `xy_c_moral_cla_item` VALUES ('00000001201803220410000839601967', '仪表', '衣着', '00000001', '00000001201803121547404328776155', '20180322', '0', '1', '5', '5', '0');
INSERT INTO `xy_c_moral_cla_item` VALUES ('00000001201803220410000996614634', '品德', '公共清洁', '00000001', '00000001201803121547240560049970', '20180322', '1', '0', '10', '0', '1');
INSERT INTO `xy_c_moral_cla_item` VALUES ('00000001201803220410000996614634', '仪表', '其它', '00000001', '00000001201803121547240560049970', '20180322', '0', '1', '5', '5', '3');
INSERT INTO `xy_c_moral_cla_item` VALUES ('00000001201803220410000996614634', '仪表', '头发', '00000001', '00000001201803121547240560049970', '20180322', '0', '1', '5', '5', '2');
INSERT INTO `xy_c_moral_cla_item` VALUES ('00000001201803220410000996614634', '品德', '礼貌', '00000001', '00000001201803121547240560049970', '20180322', '1', '1', '10', '10', '0');
INSERT INTO `xy_c_moral_cla_item` VALUES ('00000001201803220410000996614634', '仪表', '红领巾', '00000001', '00000001201803121547240560049970', '20180322', '0', '1', '5', '5', '1');
INSERT INTO `xy_c_moral_cla_item` VALUES ('00000001201803220410000996614634', '仪表', '衣着', '00000001', '00000001201803121547240560049970', '20180322', '0', '1', '5', '5', '0');
INSERT INTO `xy_c_moral_cla_item` VALUES ('00000001201803220410001165386625', '品德', '公共清洁', '00000001', '00000001201803121547313803308326', '20180322', '1', '0', '10', '0', '1');
INSERT INTO `xy_c_moral_cla_item` VALUES ('00000001201803220410001165386625', '仪表', '其它', '00000001', '00000001201803121547313803308326', '20180322', '0', '1', '5', '5', '3');
INSERT INTO `xy_c_moral_cla_item` VALUES ('00000001201803220410001165386625', '仪表', '头发', '00000001', '00000001201803121547313803308326', '20180322', '0', '1', '5', '5', '2');
INSERT INTO `xy_c_moral_cla_item` VALUES ('00000001201803220410001165386625', '品德', '礼貌', '00000001', '00000001201803121547313803308326', '20180322', '1', '1', '10', '10', '0');
INSERT INTO `xy_c_moral_cla_item` VALUES ('00000001201803220410001165386625', '仪表', '红领巾', '00000001', '00000001201803121547313803308326', '20180322', '0', '1', '5', '5', '1');
INSERT INTO `xy_c_moral_cla_item` VALUES ('00000001201803220410001165386625', '仪表', '衣着', '00000001', '00000001201803121547313803308326', '20180322', '0', '1', '5', '5', '0');
INSERT INTO `xy_c_moral_cla_item` VALUES ('00000001201803220410001334646462', '品德', '公共清洁', '00000001', '00000001201803201423407664283897', '20180322', '1', '0', '10', '0', '1');
INSERT INTO `xy_c_moral_cla_item` VALUES ('00000001201803220410001334646462', '仪表', '其它', '00000001', '00000001201803201423407664283897', '20180322', '0', '1', '5', '5', '3');
INSERT INTO `xy_c_moral_cla_item` VALUES ('00000001201803220410001334646462', '仪表', '头发', '00000001', '00000001201803201423407664283897', '20180322', '0', '1', '5', '5', '2');
INSERT INTO `xy_c_moral_cla_item` VALUES ('00000001201803220410001334646462', '品德', '礼貌', '00000001', '00000001201803201423407664283897', '20180322', '1', '1', '10', '10', '0');
INSERT INTO `xy_c_moral_cla_item` VALUES ('00000001201803220410001334646462', '仪表', '红领巾', '00000001', '00000001201803201423407664283897', '20180322', '0', '1', '5', '5', '1');
INSERT INTO `xy_c_moral_cla_item` VALUES ('00000001201803220410001334646462', '仪表', '衣着', '00000001', '00000001201803201423407664283897', '20180322', '0', '1', '5', '5', '0');
INSERT INTO `xy_c_moral_cla_item` VALUES ('00000001201803220410001508980079', '品德', '公共清洁', '00000001', '00000001201803201422252956548236', '20180322', '1', '0', '10', '0', '1');
INSERT INTO `xy_c_moral_cla_item` VALUES ('00000001201803220410001508980079', '仪表', '其它', '00000001', '00000001201803201422252956548236', '20180322', '0', '1', '5', '5', '3');
INSERT INTO `xy_c_moral_cla_item` VALUES ('00000001201803220410001508980079', '仪表', '头发', '00000001', '00000001201803201422252956548236', '20180322', '0', '1', '5', '5', '2');
INSERT INTO `xy_c_moral_cla_item` VALUES ('00000001201803220410001508980079', '品德', '礼貌', '00000001', '00000001201803201422252956548236', '20180322', '1', '1', '10', '10', '0');
INSERT INTO `xy_c_moral_cla_item` VALUES ('00000001201803220410001508980079', '仪表', '红领巾', '00000001', '00000001201803201422252956548236', '20180322', '0', '1', '5', '5', '1');
INSERT INTO `xy_c_moral_cla_item` VALUES ('00000001201803220410001508980079', '仪表', '衣着', '00000001', '00000001201803201422252956548236', '20180322', '0', '1', '5', '5', '0');
INSERT INTO `xy_c_moral_cla_item` VALUES ('00000001201803230410000607599359', '品德', '公共清洁', '00000001', '00000001201803121547079170506088', '20180323', '1', '0', '10', '0', '1');
INSERT INTO `xy_c_moral_cla_item` VALUES ('00000001201803230410000607599359', '仪表', '其它', '00000001', '00000001201803121547079170506088', '20180323', '0', '1', '5', '5', '3');
INSERT INTO `xy_c_moral_cla_item` VALUES ('00000001201803230410000607599359', '仪表', '头发', '00000001', '00000001201803121547079170506088', '20180323', '0', '1', '5', '5', '2');
INSERT INTO `xy_c_moral_cla_item` VALUES ('00000001201803230410000607599359', '品德', '礼貌', '00000001', '00000001201803121547079170506088', '20180323', '1', '1', '10', '10', '0');
INSERT INTO `xy_c_moral_cla_item` VALUES ('00000001201803230410000607599359', '仪表', '红领巾', '00000001', '00000001201803121547079170506088', '20180323', '0', '1', '5', '5', '1');
INSERT INTO `xy_c_moral_cla_item` VALUES ('00000001201803230410000607599359', '仪表', '衣着', '00000001', '00000001201803121547079170506088', '20180323', '0', '1', '5', '5', '0');
INSERT INTO `xy_c_moral_cla_item` VALUES ('00000001201803230410000842482358', '品德', '公共清洁', '00000001', '00000001201803121547163726221280', '20180323', '1', '0', '10', '0', '1');
INSERT INTO `xy_c_moral_cla_item` VALUES ('00000001201803230410000842482358', '仪表', '其它', '00000001', '00000001201803121547163726221280', '20180323', '0', '1', '5', '5', '3');
INSERT INTO `xy_c_moral_cla_item` VALUES ('00000001201803230410000842482358', '仪表', '头发', '00000001', '00000001201803121547163726221280', '20180323', '0', '1', '5', '5', '2');
INSERT INTO `xy_c_moral_cla_item` VALUES ('00000001201803230410000842482358', '品德', '礼貌', '00000001', '00000001201803121547163726221280', '20180323', '1', '1', '10', '10', '0');
INSERT INTO `xy_c_moral_cla_item` VALUES ('00000001201803230410000842482358', '仪表', '红领巾', '00000001', '00000001201803121547163726221280', '20180323', '0', '1', '5', '5', '1');
INSERT INTO `xy_c_moral_cla_item` VALUES ('00000001201803230410000842482358', '仪表', '衣着', '00000001', '00000001201803121547163726221280', '20180323', '0', '1', '5', '5', '0');
INSERT INTO `xy_c_moral_cla_item` VALUES ('00000001201803230410000931281803', '品德', '公共清洁', '00000001', '00000001201803121547404328776155', '20180323', '1', '0', '10', '0', '1');
INSERT INTO `xy_c_moral_cla_item` VALUES ('00000001201803230410000931281803', '仪表', '其它', '00000001', '00000001201803121547404328776155', '20180323', '0', '1', '5', '5', '3');
INSERT INTO `xy_c_moral_cla_item` VALUES ('00000001201803230410000931281803', '仪表', '头发', '00000001', '00000001201803121547404328776155', '20180323', '0', '1', '5', '5', '2');
INSERT INTO `xy_c_moral_cla_item` VALUES ('00000001201803230410000931281803', '品德', '礼貌', '00000001', '00000001201803121547404328776155', '20180323', '1', '1', '10', '10', '0');
INSERT INTO `xy_c_moral_cla_item` VALUES ('00000001201803230410000931281803', '仪表', '红领巾', '00000001', '00000001201803121547404328776155', '20180323', '0', '1', '5', '5', '1');
INSERT INTO `xy_c_moral_cla_item` VALUES ('00000001201803230410000931281803', '仪表', '衣着', '00000001', '00000001201803121547404328776155', '20180323', '0', '1', '5', '5', '0');
INSERT INTO `xy_c_moral_cla_item` VALUES ('00000001201803230410001019412622', '品德', '公共清洁', '00000001', '00000001201803121547240560049970', '20180323', '1', '0', '10', '0', '1');
INSERT INTO `xy_c_moral_cla_item` VALUES ('00000001201803230410001019412622', '仪表', '其它', '00000001', '00000001201803121547240560049970', '20180323', '0', '1', '5', '5', '3');
INSERT INTO `xy_c_moral_cla_item` VALUES ('00000001201803230410001019412622', '仪表', '头发', '00000001', '00000001201803121547240560049970', '20180323', '0', '1', '5', '5', '2');
INSERT INTO `xy_c_moral_cla_item` VALUES ('00000001201803230410001019412622', '品德', '礼貌', '00000001', '00000001201803121547240560049970', '20180323', '1', '1', '10', '10', '0');
INSERT INTO `xy_c_moral_cla_item` VALUES ('00000001201803230410001019412622', '仪表', '红领巾', '00000001', '00000001201803121547240560049970', '20180323', '0', '1', '5', '5', '1');
INSERT INTO `xy_c_moral_cla_item` VALUES ('00000001201803230410001019412622', '仪表', '衣着', '00000001', '00000001201803121547240560049970', '20180323', '0', '1', '5', '5', '0');
INSERT INTO `xy_c_moral_cla_item` VALUES ('00000001201803230410001099680326', '品德', '公共清洁', '00000001', '00000001201803121547313803308326', '20180323', '1', '0', '10', '0', '1');
INSERT INTO `xy_c_moral_cla_item` VALUES ('00000001201803230410001099680326', '仪表', '其它', '00000001', '00000001201803121547313803308326', '20180323', '0', '1', '5', '5', '3');
INSERT INTO `xy_c_moral_cla_item` VALUES ('00000001201803230410001099680326', '仪表', '头发', '00000001', '00000001201803121547313803308326', '20180323', '0', '1', '5', '5', '2');
INSERT INTO `xy_c_moral_cla_item` VALUES ('00000001201803230410001099680326', '品德', '礼貌', '00000001', '00000001201803121547313803308326', '20180323', '1', '1', '10', '10', '0');
INSERT INTO `xy_c_moral_cla_item` VALUES ('00000001201803230410001099680326', '仪表', '红领巾', '00000001', '00000001201803121547313803308326', '20180323', '0', '1', '5', '5', '1');
INSERT INTO `xy_c_moral_cla_item` VALUES ('00000001201803230410001099680326', '仪表', '衣着', '00000001', '00000001201803121547313803308326', '20180323', '0', '1', '5', '5', '0');
INSERT INTO `xy_c_moral_cla_item` VALUES ('00000001201803230410001186764847', '品德', '公共清洁', '00000001', '00000001201803201423407664283897', '20180323', '1', '0', '10', '0', '1');
INSERT INTO `xy_c_moral_cla_item` VALUES ('00000001201803230410001186764847', '仪表', '其它', '00000001', '00000001201803201423407664283897', '20180323', '0', '1', '5', '5', '3');
INSERT INTO `xy_c_moral_cla_item` VALUES ('00000001201803230410001186764847', '仪表', '头发', '00000001', '00000001201803201423407664283897', '20180323', '0', '1', '5', '5', '2');
INSERT INTO `xy_c_moral_cla_item` VALUES ('00000001201803230410001186764847', '品德', '礼貌', '00000001', '00000001201803201423407664283897', '20180323', '1', '1', '10', '10', '0');
INSERT INTO `xy_c_moral_cla_item` VALUES ('00000001201803230410001186764847', '仪表', '红领巾', '00000001', '00000001201803201423407664283897', '20180323', '0', '1', '5', '5', '1');
INSERT INTO `xy_c_moral_cla_item` VALUES ('00000001201803230410001186764847', '仪表', '衣着', '00000001', '00000001201803201423407664283897', '20180323', '0', '1', '5', '5', '0');
INSERT INTO `xy_c_moral_cla_item` VALUES ('00000001201803230410001262964995', '品德', '公共清洁', '00000001', '00000001201803201422252956548236', '20180323', '1', '0', '10', '0', '1');
INSERT INTO `xy_c_moral_cla_item` VALUES ('00000001201803230410001262964995', '仪表', '其它', '00000001', '00000001201803201422252956548236', '20180323', '0', '1', '5', '5', '3');
INSERT INTO `xy_c_moral_cla_item` VALUES ('00000001201803230410001262964995', '仪表', '头发', '00000001', '00000001201803201422252956548236', '20180323', '0', '1', '5', '5', '2');
INSERT INTO `xy_c_moral_cla_item` VALUES ('00000001201803230410001262964995', '品德', '礼貌', '00000001', '00000001201803201422252956548236', '20180323', '1', '1', '10', '10', '0');
INSERT INTO `xy_c_moral_cla_item` VALUES ('00000001201803230410001262964995', '仪表', '红领巾', '00000001', '00000001201803201422252956548236', '20180323', '0', '1', '5', '5', '1');
INSERT INTO `xy_c_moral_cla_item` VALUES ('00000001201803230410001262964995', '仪表', '衣着', '00000001', '00000001201803201422252956548236', '20180323', '0', '1', '5', '5', '0');
INSERT INTO `xy_c_moral_cla_item` VALUES ('00000001201803240410000386285451', '品德', '公共清洁', '00000001', '00000001201803121547079170506088', '20180324', '1', '0', '10', '0', '1');
INSERT INTO `xy_c_moral_cla_item` VALUES ('00000001201803240410000386285451', '仪表', '其它', '00000001', '00000001201803121547079170506088', '20180324', '0', '1', '5', '5', '3');
INSERT INTO `xy_c_moral_cla_item` VALUES ('00000001201803240410000386285451', '仪表', '头发', '00000001', '00000001201803121547079170506088', '20180324', '0', '1', '5', '5', '2');
INSERT INTO `xy_c_moral_cla_item` VALUES ('00000001201803240410000386285451', '品德', '礼貌', '00000001', '00000001201803121547079170506088', '20180324', '1', '1', '10', '10', '0');
INSERT INTO `xy_c_moral_cla_item` VALUES ('00000001201803240410000386285451', '仪表', '红领巾', '00000001', '00000001201803121547079170506088', '20180324', '0', '1', '5', '5', '1');
INSERT INTO `xy_c_moral_cla_item` VALUES ('00000001201803240410000386285451', '仪表', '衣着', '00000001', '00000001201803121547079170506088', '20180324', '0', '1', '5', '5', '0');
INSERT INTO `xy_c_moral_cla_item` VALUES ('00000001201803240410000637790548', '品德', '公共清洁', '00000001', '00000001201803121547163726221280', '20180324', '1', '0', '10', '0', '1');
INSERT INTO `xy_c_moral_cla_item` VALUES ('00000001201803240410000637790548', '仪表', '其它', '00000001', '00000001201803121547163726221280', '20180324', '0', '1', '5', '5', '3');
INSERT INTO `xy_c_moral_cla_item` VALUES ('00000001201803240410000637790548', '仪表', '头发', '00000001', '00000001201803121547163726221280', '20180324', '0', '1', '5', '5', '2');
INSERT INTO `xy_c_moral_cla_item` VALUES ('00000001201803240410000637790548', '品德', '礼貌', '00000001', '00000001201803121547163726221280', '20180324', '1', '1', '10', '10', '0');
INSERT INTO `xy_c_moral_cla_item` VALUES ('00000001201803240410000637790548', '仪表', '红领巾', '00000001', '00000001201803121547163726221280', '20180324', '0', '1', '5', '5', '1');
INSERT INTO `xy_c_moral_cla_item` VALUES ('00000001201803240410000637790548', '仪表', '衣着', '00000001', '00000001201803121547163726221280', '20180324', '0', '1', '5', '5', '0');
INSERT INTO `xy_c_moral_cla_item` VALUES ('00000001201803240410000718233554', '品德', '公共清洁', '00000001', '00000001201803121547404328776155', '20180324', '1', '0', '10', '0', '1');
INSERT INTO `xy_c_moral_cla_item` VALUES ('00000001201803240410000718233554', '仪表', '其它', '00000001', '00000001201803121547404328776155', '20180324', '0', '1', '5', '5', '3');
INSERT INTO `xy_c_moral_cla_item` VALUES ('00000001201803240410000718233554', '仪表', '头发', '00000001', '00000001201803121547404328776155', '20180324', '0', '1', '5', '5', '2');
INSERT INTO `xy_c_moral_cla_item` VALUES ('00000001201803240410000718233554', '品德', '礼貌', '00000001', '00000001201803121547404328776155', '20180324', '1', '1', '10', '10', '0');
INSERT INTO `xy_c_moral_cla_item` VALUES ('00000001201803240410000718233554', '仪表', '红领巾', '00000001', '00000001201803121547404328776155', '20180324', '0', '1', '5', '5', '1');
INSERT INTO `xy_c_moral_cla_item` VALUES ('00000001201803240410000718233554', '仪表', '衣着', '00000001', '00000001201803121547404328776155', '20180324', '0', '1', '5', '5', '0');
INSERT INTO `xy_c_moral_cla_item` VALUES ('00000001201803240410000801466704', '品德', '公共清洁', '00000001', '00000001201803121547240560049970', '20180324', '1', '0', '10', '0', '1');
INSERT INTO `xy_c_moral_cla_item` VALUES ('00000001201803240410000801466704', '仪表', '其它', '00000001', '00000001201803121547240560049970', '20180324', '0', '1', '5', '5', '3');
INSERT INTO `xy_c_moral_cla_item` VALUES ('00000001201803240410000801466704', '仪表', '头发', '00000001', '00000001201803121547240560049970', '20180324', '0', '1', '5', '5', '2');
INSERT INTO `xy_c_moral_cla_item` VALUES ('00000001201803240410000801466704', '品德', '礼貌', '00000001', '00000001201803121547240560049970', '20180324', '1', '1', '10', '10', '0');
INSERT INTO `xy_c_moral_cla_item` VALUES ('00000001201803240410000801466704', '仪表', '红领巾', '00000001', '00000001201803121547240560049970', '20180324', '0', '1', '5', '5', '1');
INSERT INTO `xy_c_moral_cla_item` VALUES ('00000001201803240410000801466704', '仪表', '衣着', '00000001', '00000001201803121547240560049970', '20180324', '0', '1', '5', '5', '0');
INSERT INTO `xy_c_moral_cla_item` VALUES ('00000001201803240410000885156679', '品德', '公共清洁', '00000001', '00000001201803121547313803308326', '20180324', '1', '0', '10', '0', '1');
INSERT INTO `xy_c_moral_cla_item` VALUES ('00000001201803240410000885156679', '仪表', '其它', '00000001', '00000001201803121547313803308326', '20180324', '0', '1', '5', '5', '3');
INSERT INTO `xy_c_moral_cla_item` VALUES ('00000001201803240410000885156679', '仪表', '头发', '00000001', '00000001201803121547313803308326', '20180324', '0', '1', '5', '5', '2');
INSERT INTO `xy_c_moral_cla_item` VALUES ('00000001201803240410000885156679', '品德', '礼貌', '00000001', '00000001201803121547313803308326', '20180324', '1', '1', '10', '10', '0');
INSERT INTO `xy_c_moral_cla_item` VALUES ('00000001201803240410000885156679', '仪表', '红领巾', '00000001', '00000001201803121547313803308326', '20180324', '0', '1', '5', '5', '1');
INSERT INTO `xy_c_moral_cla_item` VALUES ('00000001201803240410000885156679', '仪表', '衣着', '00000001', '00000001201803121547313803308326', '20180324', '0', '1', '5', '5', '0');
INSERT INTO `xy_c_moral_cla_item` VALUES ('00000001201803240410000979886677', '品德', '公共清洁', '00000001', '00000001201803201423407664283897', '20180324', '1', '0', '10', '0', '1');
INSERT INTO `xy_c_moral_cla_item` VALUES ('00000001201803240410000979886677', '仪表', '其它', '00000001', '00000001201803201423407664283897', '20180324', '0', '1', '5', '5', '3');
INSERT INTO `xy_c_moral_cla_item` VALUES ('00000001201803240410000979886677', '仪表', '头发', '00000001', '00000001201803201423407664283897', '20180324', '0', '1', '5', '5', '2');
INSERT INTO `xy_c_moral_cla_item` VALUES ('00000001201803240410000979886677', '品德', '礼貌', '00000001', '00000001201803201423407664283897', '20180324', '1', '1', '10', '10', '0');
INSERT INTO `xy_c_moral_cla_item` VALUES ('00000001201803240410000979886677', '仪表', '红领巾', '00000001', '00000001201803201423407664283897', '20180324', '0', '1', '5', '5', '1');
INSERT INTO `xy_c_moral_cla_item` VALUES ('00000001201803240410000979886677', '仪表', '衣着', '00000001', '00000001201803201423407664283897', '20180324', '0', '1', '5', '5', '0');
INSERT INTO `xy_c_moral_cla_item` VALUES ('00000001201803240410001137159610', '品德', '公共清洁', '00000001', '00000001201803201422252956548236', '20180324', '1', '0', '10', '0', '1');
INSERT INTO `xy_c_moral_cla_item` VALUES ('00000001201803240410001137159610', '仪表', '其它', '00000001', '00000001201803201422252956548236', '20180324', '0', '1', '5', '5', '3');
INSERT INTO `xy_c_moral_cla_item` VALUES ('00000001201803240410001137159610', '仪表', '头发', '00000001', '00000001201803201422252956548236', '20180324', '0', '1', '5', '5', '2');
INSERT INTO `xy_c_moral_cla_item` VALUES ('00000001201803240410001137159610', '品德', '礼貌', '00000001', '00000001201803201422252956548236', '20180324', '1', '1', '10', '10', '0');
INSERT INTO `xy_c_moral_cla_item` VALUES ('00000001201803240410001137159610', '仪表', '红领巾', '00000001', '00000001201803201422252956548236', '20180324', '0', '1', '5', '5', '1');
INSERT INTO `xy_c_moral_cla_item` VALUES ('00000001201803240410001137159610', '仪表', '衣着', '00000001', '00000001201803201422252956548236', '20180324', '0', '1', '5', '5', '0');
INSERT INTO `xy_c_moral_cla_item` VALUES ('00000001201803250410000392986933', '品德', '公共清洁', '00000001', '00000001201803121547079170506088', '20180325', '1', '0', '10', '0', '1');
INSERT INTO `xy_c_moral_cla_item` VALUES ('00000001201803250410000392986933', '仪表', '其它', '00000001', '00000001201803121547079170506088', '20180325', '0', '1', '5', '5', '3');
INSERT INTO `xy_c_moral_cla_item` VALUES ('00000001201803250410000392986933', '仪表', '头发', '00000001', '00000001201803121547079170506088', '20180325', '0', '1', '5', '5', '2');
INSERT INTO `xy_c_moral_cla_item` VALUES ('00000001201803250410000392986933', '品德', '礼貌', '00000001', '00000001201803121547079170506088', '20180325', '1', '1', '10', '10', '0');
INSERT INTO `xy_c_moral_cla_item` VALUES ('00000001201803250410000392986933', '仪表', '红领巾', '00000001', '00000001201803121547079170506088', '20180325', '0', '1', '5', '5', '1');
INSERT INTO `xy_c_moral_cla_item` VALUES ('00000001201803250410000392986933', '仪表', '衣着', '00000001', '00000001201803121547079170506088', '20180325', '0', '1', '5', '5', '0');
INSERT INTO `xy_c_moral_cla_item` VALUES ('00000001201803250410000711884417', '品德', '公共清洁', '00000001', '00000001201803121547163726221280', '20180325', '1', '0', '10', '0', '1');
INSERT INTO `xy_c_moral_cla_item` VALUES ('00000001201803250410000711884417', '仪表', '其它', '00000001', '00000001201803121547163726221280', '20180325', '0', '1', '5', '5', '3');
INSERT INTO `xy_c_moral_cla_item` VALUES ('00000001201803250410000711884417', '仪表', '头发', '00000001', '00000001201803121547163726221280', '20180325', '0', '1', '5', '5', '2');
INSERT INTO `xy_c_moral_cla_item` VALUES ('00000001201803250410000711884417', '品德', '礼貌', '00000001', '00000001201803121547163726221280', '20180325', '1', '1', '10', '10', '0');
INSERT INTO `xy_c_moral_cla_item` VALUES ('00000001201803250410000711884417', '仪表', '红领巾', '00000001', '00000001201803121547163726221280', '20180325', '0', '1', '5', '5', '1');
INSERT INTO `xy_c_moral_cla_item` VALUES ('00000001201803250410000711884417', '仪表', '衣着', '00000001', '00000001201803121547163726221280', '20180325', '0', '1', '5', '5', '0');
INSERT INTO `xy_c_moral_cla_item` VALUES ('00000001201803250410000886584385', '品德', '公共清洁', '00000001', '00000001201803121547404328776155', '20180325', '1', '0', '10', '0', '1');
INSERT INTO `xy_c_moral_cla_item` VALUES ('00000001201803250410000886584385', '仪表', '其它', '00000001', '00000001201803121547404328776155', '20180325', '0', '1', '5', '5', '3');
INSERT INTO `xy_c_moral_cla_item` VALUES ('00000001201803250410000886584385', '仪表', '头发', '00000001', '00000001201803121547404328776155', '20180325', '0', '1', '5', '5', '2');
INSERT INTO `xy_c_moral_cla_item` VALUES ('00000001201803250410000886584385', '品德', '礼貌', '00000001', '00000001201803121547404328776155', '20180325', '1', '1', '10', '10', '0');
INSERT INTO `xy_c_moral_cla_item` VALUES ('00000001201803250410000886584385', '仪表', '红领巾', '00000001', '00000001201803121547404328776155', '20180325', '0', '1', '5', '5', '1');
INSERT INTO `xy_c_moral_cla_item` VALUES ('00000001201803250410000886584385', '仪表', '衣着', '00000001', '00000001201803121547404328776155', '20180325', '0', '1', '5', '5', '0');
INSERT INTO `xy_c_moral_cla_item` VALUES ('00000001201803250410000961324249', '品德', '公共清洁', '00000001', '00000001201803121547240560049970', '20180325', '1', '0', '10', '0', '1');
INSERT INTO `xy_c_moral_cla_item` VALUES ('00000001201803250410000961324249', '仪表', '其它', '00000001', '00000001201803121547240560049970', '20180325', '0', '1', '5', '5', '3');
INSERT INTO `xy_c_moral_cla_item` VALUES ('00000001201803250410000961324249', '仪表', '头发', '00000001', '00000001201803121547240560049970', '20180325', '0', '1', '5', '5', '2');
INSERT INTO `xy_c_moral_cla_item` VALUES ('00000001201803250410000961324249', '品德', '礼貌', '00000001', '00000001201803121547240560049970', '20180325', '1', '1', '10', '10', '0');
INSERT INTO `xy_c_moral_cla_item` VALUES ('00000001201803250410000961324249', '仪表', '红领巾', '00000001', '00000001201803121547240560049970', '20180325', '0', '1', '5', '5', '1');
INSERT INTO `xy_c_moral_cla_item` VALUES ('00000001201803250410000961324249', '仪表', '衣着', '00000001', '00000001201803121547240560049970', '20180325', '0', '1', '5', '5', '0');
INSERT INTO `xy_c_moral_cla_item` VALUES ('00000001201803250410001133331124', '品德', '公共清洁', '00000001', '00000001201803121547313803308326', '20180325', '1', '0', '10', '0', '1');
INSERT INTO `xy_c_moral_cla_item` VALUES ('00000001201803250410001133331124', '仪表', '其它', '00000001', '00000001201803121547313803308326', '20180325', '0', '1', '5', '5', '3');
INSERT INTO `xy_c_moral_cla_item` VALUES ('00000001201803250410001133331124', '仪表', '头发', '00000001', '00000001201803121547313803308326', '20180325', '0', '1', '5', '5', '2');
INSERT INTO `xy_c_moral_cla_item` VALUES ('00000001201803250410001133331124', '品德', '礼貌', '00000001', '00000001201803121547313803308326', '20180325', '1', '1', '10', '10', '0');
INSERT INTO `xy_c_moral_cla_item` VALUES ('00000001201803250410001133331124', '仪表', '红领巾', '00000001', '00000001201803121547313803308326', '20180325', '0', '1', '5', '5', '1');
INSERT INTO `xy_c_moral_cla_item` VALUES ('00000001201803250410001133331124', '仪表', '衣着', '00000001', '00000001201803121547313803308326', '20180325', '0', '1', '5', '5', '0');
INSERT INTO `xy_c_moral_cla_item` VALUES ('00000001201803250410001212013240', '品德', '公共清洁', '00000001', '00000001201803201423407664283897', '20180325', '1', '0', '10', '0', '1');
INSERT INTO `xy_c_moral_cla_item` VALUES ('00000001201803250410001212013240', '仪表', '其它', '00000001', '00000001201803201423407664283897', '20180325', '0', '1', '5', '5', '3');
INSERT INTO `xy_c_moral_cla_item` VALUES ('00000001201803250410001212013240', '仪表', '头发', '00000001', '00000001201803201423407664283897', '20180325', '0', '1', '5', '5', '2');
INSERT INTO `xy_c_moral_cla_item` VALUES ('00000001201803250410001212013240', '品德', '礼貌', '00000001', '00000001201803201423407664283897', '20180325', '1', '1', '10', '10', '0');
INSERT INTO `xy_c_moral_cla_item` VALUES ('00000001201803250410001212013240', '仪表', '红领巾', '00000001', '00000001201803201423407664283897', '20180325', '0', '1', '5', '5', '1');
INSERT INTO `xy_c_moral_cla_item` VALUES ('00000001201803250410001212013240', '仪表', '衣着', '00000001', '00000001201803201423407664283897', '20180325', '0', '1', '5', '5', '0');
INSERT INTO `xy_c_moral_cla_item` VALUES ('00000001201803250410001295276755', '品德', '公共清洁', '00000001', '00000001201803201422252956548236', '20180325', '1', '0', '10', '0', '1');
INSERT INTO `xy_c_moral_cla_item` VALUES ('00000001201803250410001295276755', '仪表', '其它', '00000001', '00000001201803201422252956548236', '20180325', '0', '1', '5', '5', '3');
INSERT INTO `xy_c_moral_cla_item` VALUES ('00000001201803250410001295276755', '仪表', '头发', '00000001', '00000001201803201422252956548236', '20180325', '0', '1', '5', '5', '2');
INSERT INTO `xy_c_moral_cla_item` VALUES ('00000001201803250410001295276755', '品德', '礼貌', '00000001', '00000001201803201422252956548236', '20180325', '1', '1', '10', '10', '0');
INSERT INTO `xy_c_moral_cla_item` VALUES ('00000001201803250410001295276755', '仪表', '红领巾', '00000001', '00000001201803201422252956548236', '20180325', '0', '1', '5', '5', '1');
INSERT INTO `xy_c_moral_cla_item` VALUES ('00000001201803250410001295276755', '仪表', '衣着', '00000001', '00000001201803201422252956548236', '20180325', '0', '1', '5', '5', '0');
INSERT INTO `xy_c_moral_cla_item` VALUES ('00000001201803260410000290995664', '品德', '公共清洁', '00000001', '00000001201803121547079170506088', '20180326', '1', '0', '10', '0', '1');
INSERT INTO `xy_c_moral_cla_item` VALUES ('00000001201803260410000290995664', '仪表', '其它', '00000001', '00000001201803121547079170506088', '20180326', '0', '1', '5', '5', '3');
INSERT INTO `xy_c_moral_cla_item` VALUES ('00000001201803260410000290995664', '仪表', '头发', '00000001', '00000001201803121547079170506088', '20180326', '0', '1', '5', '5', '2');
INSERT INTO `xy_c_moral_cla_item` VALUES ('00000001201803260410000290995664', '品德', '礼貌', '00000001', '00000001201803121547079170506088', '20180326', '1', '1', '10', '10', '0');
INSERT INTO `xy_c_moral_cla_item` VALUES ('00000001201803260410000290995664', '仪表', '红领巾', '00000001', '00000001201803121547079170506088', '20180326', '0', '1', '5', '5', '1');
INSERT INTO `xy_c_moral_cla_item` VALUES ('00000001201803260410000290995664', '仪表', '衣着', '00000001', '00000001201803121547079170506088', '20180326', '0', '1', '5', '5', '0');
INSERT INTO `xy_c_moral_cla_item` VALUES ('00000001201803260410000590857756', '品德', '公共清洁', '00000001', '00000001201803121547163726221280', '20180326', '1', '0', '10', '0', '1');
INSERT INTO `xy_c_moral_cla_item` VALUES ('00000001201803260410000590857756', '仪表', '其它', '00000001', '00000001201803121547163726221280', '20180326', '0', '1', '5', '5', '3');
INSERT INTO `xy_c_moral_cla_item` VALUES ('00000001201803260410000590857756', '仪表', '头发', '00000001', '00000001201803121547163726221280', '20180326', '0', '1', '5', '5', '2');
INSERT INTO `xy_c_moral_cla_item` VALUES ('00000001201803260410000590857756', '品德', '礼貌', '00000001', '00000001201803121547163726221280', '20180326', '1', '1', '10', '10', '0');
INSERT INTO `xy_c_moral_cla_item` VALUES ('00000001201803260410000590857756', '仪表', '红领巾', '00000001', '00000001201803121547163726221280', '20180326', '0', '1', '5', '5', '1');
INSERT INTO `xy_c_moral_cla_item` VALUES ('00000001201803260410000590857756', '仪表', '衣着', '00000001', '00000001201803121547163726221280', '20180326', '0', '1', '5', '5', '0');
INSERT INTO `xy_c_moral_cla_item` VALUES ('00000001201803260410000671101110', '品德', '公共清洁', '00000001', '00000001201803121547404328776155', '20180326', '1', '0', '10', '0', '1');
INSERT INTO `xy_c_moral_cla_item` VALUES ('00000001201803260410000671101110', '仪表', '其它', '00000001', '00000001201803121547404328776155', '20180326', '0', '1', '5', '5', '3');
INSERT INTO `xy_c_moral_cla_item` VALUES ('00000001201803260410000671101110', '仪表', '头发', '00000001', '00000001201803121547404328776155', '20180326', '0', '1', '5', '5', '2');
INSERT INTO `xy_c_moral_cla_item` VALUES ('00000001201803260410000671101110', '品德', '礼貌', '00000001', '00000001201803121547404328776155', '20180326', '1', '1', '10', '10', '0');
INSERT INTO `xy_c_moral_cla_item` VALUES ('00000001201803260410000671101110', '仪表', '红领巾', '00000001', '00000001201803121547404328776155', '20180326', '0', '1', '5', '5', '1');
INSERT INTO `xy_c_moral_cla_item` VALUES ('00000001201803260410000671101110', '仪表', '衣着', '00000001', '00000001201803121547404328776155', '20180326', '0', '1', '5', '5', '0');
INSERT INTO `xy_c_moral_cla_item` VALUES ('00000001201803260410000868772626', '品德', '公共清洁', '00000001', '00000001201803121547240560049970', '20180326', '1', '0', '10', '0', '1');
INSERT INTO `xy_c_moral_cla_item` VALUES ('00000001201803260410000868772626', '仪表', '其它', '00000001', '00000001201803121547240560049970', '20180326', '0', '1', '5', '5', '3');
INSERT INTO `xy_c_moral_cla_item` VALUES ('00000001201803260410000868772626', '仪表', '头发', '00000001', '00000001201803121547240560049970', '20180326', '0', '1', '5', '5', '2');
INSERT INTO `xy_c_moral_cla_item` VALUES ('00000001201803260410000868772626', '品德', '礼貌', '00000001', '00000001201803121547240560049970', '20180326', '1', '1', '10', '10', '0');
INSERT INTO `xy_c_moral_cla_item` VALUES ('00000001201803260410000868772626', '仪表', '红领巾', '00000001', '00000001201803121547240560049970', '20180326', '0', '1', '5', '5', '1');
INSERT INTO `xy_c_moral_cla_item` VALUES ('00000001201803260410000868772626', '仪表', '衣着', '00000001', '00000001201803121547240560049970', '20180326', '0', '1', '5', '5', '0');
INSERT INTO `xy_c_moral_cla_item` VALUES ('00000001201803260410000948166670', '品德', '公共清洁', '00000001', '00000001201803121547313803308326', '20180326', '1', '0', '10', '0', '1');
INSERT INTO `xy_c_moral_cla_item` VALUES ('00000001201803260410000948166670', '仪表', '其它', '00000001', '00000001201803121547313803308326', '20180326', '0', '1', '5', '5', '3');
INSERT INTO `xy_c_moral_cla_item` VALUES ('00000001201803260410000948166670', '仪表', '头发', '00000001', '00000001201803121547313803308326', '20180326', '0', '1', '5', '5', '2');
INSERT INTO `xy_c_moral_cla_item` VALUES ('00000001201803260410000948166670', '品德', '礼貌', '00000001', '00000001201803121547313803308326', '20180326', '1', '1', '10', '10', '0');
INSERT INTO `xy_c_moral_cla_item` VALUES ('00000001201803260410000948166670', '仪表', '红领巾', '00000001', '00000001201803121547313803308326', '20180326', '0', '1', '5', '5', '1');
INSERT INTO `xy_c_moral_cla_item` VALUES ('00000001201803260410000948166670', '仪表', '衣着', '00000001', '00000001201803121547313803308326', '20180326', '0', '1', '5', '5', '0');
INSERT INTO `xy_c_moral_cla_item` VALUES ('00000001201803260410001034726347', '品德', '公共清洁', '00000001', '00000001201803201423407664283897', '20180326', '1', '0', '10', '0', '1');
INSERT INTO `xy_c_moral_cla_item` VALUES ('00000001201803260410001034726347', '仪表', '其它', '00000001', '00000001201803201423407664283897', '20180326', '0', '1', '5', '5', '3');
INSERT INTO `xy_c_moral_cla_item` VALUES ('00000001201803260410001034726347', '仪表', '头发', '00000001', '00000001201803201423407664283897', '20180326', '0', '1', '5', '5', '2');
INSERT INTO `xy_c_moral_cla_item` VALUES ('00000001201803260410001034726347', '品德', '礼貌', '00000001', '00000001201803201423407664283897', '20180326', '1', '1', '10', '10', '0');
INSERT INTO `xy_c_moral_cla_item` VALUES ('00000001201803260410001034726347', '仪表', '红领巾', '00000001', '00000001201803201423407664283897', '20180326', '0', '1', '5', '5', '1');
INSERT INTO `xy_c_moral_cla_item` VALUES ('00000001201803260410001034726347', '仪表', '衣着', '00000001', '00000001201803201423407664283897', '20180326', '0', '1', '5', '5', '0');
INSERT INTO `xy_c_moral_cla_item` VALUES ('00000001201803260410001110063122', '品德', '公共清洁', '00000001', '00000001201803201422252956548236', '20180326', '1', '0', '10', '0', '1');
INSERT INTO `xy_c_moral_cla_item` VALUES ('00000001201803260410001110063122', '仪表', '其它', '00000001', '00000001201803201422252956548236', '20180326', '0', '1', '5', '5', '3');
INSERT INTO `xy_c_moral_cla_item` VALUES ('00000001201803260410001110063122', '仪表', '头发', '00000001', '00000001201803201422252956548236', '20180326', '0', '1', '5', '5', '2');
INSERT INTO `xy_c_moral_cla_item` VALUES ('00000001201803260410001110063122', '品德', '礼貌', '00000001', '00000001201803201422252956548236', '20180326', '1', '1', '10', '10', '0');
INSERT INTO `xy_c_moral_cla_item` VALUES ('00000001201803260410001110063122', '仪表', '红领巾', '00000001', '00000001201803201422252956548236', '20180326', '0', '1', '5', '5', '1');
INSERT INTO `xy_c_moral_cla_item` VALUES ('00000001201803260410001110063122', '仪表', '衣着', '00000001', '00000001201803201422252956548236', '20180326', '0', '1', '5', '5', '0');

-- ----------------------------
-- Table structure for `xy_c_moral_cla_rates`
-- ----------------------------
DROP TABLE IF EXISTS `xy_c_moral_cla_rates`;
CREATE TABLE `xy_c_moral_cla_rates` (
  `id` varchar(32) NOT NULL DEFAULT '' COMMENT 'ID',
  `rid` varchar(32) DEFAULT NULL COMMENT '德育班级得分ID',
  `hid` varchar(8) DEFAULT NULL COMMENT '学校ID',
  `cid` varchar(32) DEFAULT NULL COMMENT '班级ID',
  `day` int(8) DEFAULT NULL COMMENT '日期',
  `item_pn` varchar(200) DEFAULT NULL COMMENT '父项名称',
  `item_cn` varchar(200) DEFAULT NULL COMMENT '子项名称',
  `item_point` int(11) DEFAULT NULL COMMENT '分数',
  `rater_ut` varchar(8) DEFAULT NULL COMMENT '评分员类型',
  `rater_id` varchar(32) DEFAULT NULL COMMENT '评分员ID',
  `rater_name` varchar(128) DEFAULT NULL COMMENT '评分员姓名',
  `remark` varchar(400) DEFAULT NULL,
  PRIMARY KEY (`id`),
  KEY `inx_rid` (`rid`),
  KEY `inx_cid_day` (`cid`,`day`)
) ENGINE=InnoDB DEFAULT CHARSET=utf8 COMMENT='德育班级得分记录明细';

-- ----------------------------
-- Records of xy_c_moral_cla_rates
-- ----------------------------
INSERT INTO `xy_c_moral_cla_rates` VALUES ('00000001201803121553290374124117', '00000001201803121552590558284854', '00000001', '00000001201803121547079170506088', '20180312', '仪表', '衣着', '-2', 'TCH', '00000001201803091827031237956118', '虚拟评分人', '张三3和李四4衣服不洁扣2分');
INSERT INTO `xy_c_moral_cla_rates` VALUES ('00000001201803121554320282924659', '00000001201803121552590749704687', '00000001', '00000001201803121547163726221280', '20180312', '品德', '公共清洁', '2', 'TCH', '00000001201803091827031237956118', '虚拟评分人', '张三3和李四5捡起了地上的钱+2分');
INSERT INTO `xy_c_moral_cla_rates` VALUES ('00000001201803131133357250149126', '00000001201803131133282816197645', '00000001', '00000001201803121547163726221280', '20180313', '品德', '公共清洁', '1', 'TCH', '00000001201803091827031237956118', '虚拟评分人', '张9捡起了地上的钱+1分');
INSERT INTO `xy_c_moral_cla_rates` VALUES ('00000001201803131529105248634570', '00000001201803131133282816197645', '00000001', '00000001201803121547163726221280', '20180313', '仪表', '红领巾', '-1', 'TCH', '00000001201803121547163726221281', 'aaaaaaa', '测试aaaaaaaaa1');
INSERT INTO `xy_c_moral_cla_rates` VALUES ('00000001201803141519055147204876', '00000001201803140410004764116992', '00000001', '00000001201803121547163726221280', '20180314', '仪表', '衣着', '-1', 'TCH', '00000001201801051715494924647560', '何老师', '小明穿短裤');
INSERT INTO `xy_c_moral_cla_rates` VALUES ('00000001201803141638521479638191', '00000001201803140410004764116992', '00000001', '00000001201803121547163726221280', '20180314', '仪表', '其它', '-1', 'TCH', '00000001201801051715494924647560', '何老师', '试试扣分会怎样');
INSERT INTO `xy_c_moral_cla_rates` VALUES ('00000001201803141652589525826256', '00000001201803140410004496001888', '00000001', '00000001201803121547079170506088', '20180314', '品德', '公共清洁', '2', 'TCH', '00000001201801051715494924647560', '何老师', '地板擦得像镜子一样');
INSERT INTO `xy_c_moral_cla_rates` VALUES ('00000001201803161422242797966679', '00000001201803161421373936059997', '00000001', '00000001201803121547079170506088', '20180316', '仪表', '衣着', '-1', 'TCH', '00000001201801051715494924647560', '何老师', '刚刚');

-- ----------------------------
-- Table structure for `xy_c_moral_grp`
-- ----------------------------
DROP TABLE IF EXISTS `xy_c_moral_grp`;
CREATE TABLE `xy_c_moral_grp` (
  `id` varchar(32) NOT NULL DEFAULT '',
  `hid` varchar(8) DEFAULT NULL COMMENT '学校ID',
  `name` varchar(128) DEFAULT NULL COMMENT '名称',
  `status` varchar(16) DEFAULT NULL COMMENT '状态',
  `alldays` tinyint(1) DEFAULT '0' COMMENT '是否每天评分(非每天评分仅评工作日)',
  `ut` datetime DEFAULT NULL COMMENT '更新时间',
  `items` text COMMENT '项目',
  PRIMARY KEY (`id`),
  KEY `inx_hid` (`hid`) USING BTREE
) ENGINE=InnoDB DEFAULT CHARSET=utf8 COMMENT='德育评价体系';

-- ----------------------------
-- Records of xy_c_moral_grp
-- ----------------------------
INSERT INTO `xy_c_moral_grp` VALUES ('00000001201803081151455179807054', '00000001', '测试考评', 'NORMAL', '1', null, '[{\"name\":\"仪表\",\"score\":20,\"children\":[{\"name\":\"衣着\",\"deduction\":true,\"score\":5,\"point\":1,\"remark\":\"衣服不整洁扣1分\"},{\"name\":\"红领巾\",\"deduction\":true,\"score\":5,\"point\":1,\"remark\":\"未佩戴红领巾扣1分\"},{\"name\":\"头发\",\"deduction\":true,\"score\":5,\"point\":1,\"remark\":\"头发脏乱扣1分\"},{\"name\":\"其它\",\"deduction\":true,\"score\":5,\"point\":1,\"remark\":\"其它个人仪表影响颜值的扣1分\"}]},{\"name\":\"品德\",\"score\":30,\"children\":[{\"name\":\"礼貌\",\"deduction\":true,\"score\":10,\"point\":2,\"remark\":\"发生不礼貌事件扣2分\"},{\"name\":\"公共清洁\",\"deduction\":false,\"score\":10,\"point\":2,\"remark\":\"捡起地上的钱上交国家➕2分\"}]}]');
INSERT INTO `xy_c_moral_grp` VALUES ('00000001201803141349000697986669', '00000001', '卫生', 'NORMAL', '1', '2018-03-14 13:49:00', null);

-- ----------------------------
-- Table structure for `xy_c_moral_grp_grd`
-- ----------------------------
DROP TABLE IF EXISTS `xy_c_moral_grp_grd`;
CREATE TABLE `xy_c_moral_grp_grd` (
  `grp` varchar(32) NOT NULL DEFAULT '' COMMENT '群组ID',
  `grd` varchar(32) NOT NULL DEFAULT '' COMMENT '年级ID',
  PRIMARY KEY (`grp`,`grd`)
) ENGINE=InnoDB DEFAULT CHARSET=utf8 COMMENT='德育评价体系-年级关系';

-- ----------------------------
-- Records of xy_c_moral_grp_grd
-- ----------------------------
INSERT INTO `xy_c_moral_grp_grd` VALUES ('00000001201803081151455179807054', '00000001201803121143504510146393');
INSERT INTO `xy_c_moral_grp_grd` VALUES ('00000001201803081151455179807054', '00000001201803121144008720003056');
INSERT INTO `xy_c_moral_grp_grd` VALUES ('00000001201803081151455179807054', '00000001201803121144094337710726');
INSERT INTO `xy_c_moral_grp_grd` VALUES ('00000001201803081151455179807054', '00000001201803121144180817536383');
INSERT INTO `xy_c_moral_grp_grd` VALUES ('00000001201803081151455179807054', '00000001201803121144260258660552');
INSERT INTO `xy_c_moral_grp_grd` VALUES ('00000001201803081151455179807054', '00000001201803121144354370965512');

-- ----------------------------
-- Table structure for `xy_c_moral_rater_stu`
-- ----------------------------
DROP TABLE IF EXISTS `xy_c_moral_rater_stu`;
CREATE TABLE `xy_c_moral_rater_stu` (
  `hid` varchar(8) NOT NULL DEFAULT '' COMMENT '学校ID',
  `sids` varchar(4000) DEFAULT NULL COMMENT '学生ID组合',
  PRIMARY KEY (`hid`)
) ENGINE=InnoDB DEFAULT CHARSET=utf8 COMMENT='德育学生评分员';

-- ----------------------------
-- Records of xy_c_moral_rater_stu
-- ----------------------------
INSERT INTO `xy_c_moral_rater_stu` VALUES ('00000001', '00000001201803081056000000000003,00000001201803081056000000000004,00000001201803121618335955574121');

-- ----------------------------
-- Table structure for `xy_c_notice`
-- ----------------------------
DROP TABLE IF EXISTS `xy_c_notice`;
CREATE TABLE `xy_c_notice` (
  `id` varchar(32) NOT NULL DEFAULT '' COMMENT 'ID',
  `hid` varchar(8) DEFAULT NULL COMMENT '学校ID',
  `rtime` datetime DEFAULT NULL COMMENT '发布时间',
  `title` varchar(256) DEFAULT NULL COMMENT '标题',
  `content` varchar(4000) DEFAULT NULL COMMENT '内容',
  `imgs` varchar(800) DEFAULT NULL COMMENT '图片组合',
  `tall` tinyint(1) DEFAULT '0' COMMENT '发布对象是否全校(1:是,0:否)',
  `author_id` varchar(32) DEFAULT NULL COMMENT '发布人ID',
  `author_name` varchar(64) DEFAULT NULL COMMENT '发布人姓名',
  `deleted` tinyint(1) DEFAULT '0' COMMENT '删除标识',
  `ut` datetime DEFAULT NULL COMMENT '更新时间',
  PRIMARY KEY (`id`),
  KEY `inx_hid_rtime` (`hid`,`rtime`)
) ENGINE=InnoDB DEFAULT CHARSET=utf8 COMMENT='校园通知公告';

-- ----------------------------
-- Records of xy_c_notice
-- ----------------------------
INSERT INTO `xy_c_notice` VALUES ('00000001201802231724083391297758', '00000001', '2018-02-23 17:16:30', '放假通知', '明天还要上班！', null, '0', '00012017123100000000000000000001', '模拟SA用户', '0', '2018-02-23 17:24:08');
INSERT INTO `xy_c_notice` VALUES ('00000001201802231743562733447565', '00000001', '2018-02-23 17:43:56', '高伟光245若干 问过', '哥哥3天4 二个如果 个人色鬼个 ', null, '0', '00012017123100000000000000000001', '模拟SA用户', '0', '2018-02-23 17:43:56');
INSERT INTO `xy_c_notice` VALUES ('00000001201802231744052243625794', '00000001', '2018-02-23 17:43:59', '高伟光245若干 问过', '哥哥3天4 二个如果 个人色鬼个 个人股', null, '1', '00012017123100000000000000000001', '模拟SA用户', '0', '2018-02-23 17:44:05');
INSERT INTO `xy_c_notice` VALUES ('00000001201803021743395908890423', '00000001', '2018-03-02 17:43:39', '陨落星辰', '陨落星辰', null, '1', '00012017123100000000000000000001', '模拟SA用户', '0', '2018-03-02 17:43:39');
INSERT INTO `xy_c_notice` VALUES ('00000001201803141730090414888751', '00000001', '2018-03-14 17:30:09', '十三届全国人大一次会议举行第四次全体会议', '央视网消息（新闻联播）：十三届全国人大一次会议13日上午在人民大会堂举行第四次全体会议，听取全国人大常委会关于监察法草案的说明、国务院关于国务院机构改革方案的说明。', null, '1', '00000001201712310000000000000001', '模拟教师', '0', '2018-03-14 17:30:09');
INSERT INTO `xy_c_notice` VALUES ('00000001201803151443525227600486', '00000001', '2018-03-15 12:00:00', '哀悼！剑桥大学降半旗师生追忆霍金 众人都希望“天才”能够转世', '剑桥大学降半旗。斯蒂芬·霍金曾经所在的剑桥大学学院，散发着悲伤肃穆的气氛，学生，学者和崇拜者都前来向周三去世的世界著名物理学家哀悼致敬。  在有着14世纪历史的剑桥冈维尔与凯斯学院，降半旗以纪念霍金，霍金自1965年以来一直是该校的学生。  该学院在教堂里设了一本吊唁书，并在街上的一张告示牌上贴上了霍金黑白照片，宣布他去世的消息。  中国的一位老师，剑桥英语系访问学者Hu Xiaohua看着这张照片时泪流满面。  “我读了他的书，深受启发，他说\'永不放弃\'，而且他从不放弃，”49岁的她说，用手帕擦了擦眼睛。  Hu说，霍金因为运动神经元疾病被困在轮椅上五十年了，这也是她来到剑桥并激发她对量子物理学兴趣的原因之一。  “他是21世纪最伟大的科学家......我每天都为他祷告，我希望他能站起来，”她告诉法新社记者。\'最伟大的人\'  “他是一个了不起的人，”来自斯洛文尼亚26岁的分子生物学博士生Edo Dzafic说，他来签署吊唁簿。  Dzafic说他“让跳出圈子外思考问题，这是我们所有人都想知道的。”  Justin Hayward，从1991年到1995年为霍金的博士生，说开创性的理论物理学家曾于2006年参加他的婚礼。  “他是一个很有趣的人，并且很有幽默感，对于在黑板前，学生有时会有点怕他。” Hayward。  其他以前的学生，邻居和受其鼓励追求科学的人们，在吊唁簿中向宇宙学巨人致敬。', null, '1', 'wsdemo', '模拟WS账号', '0', '2018-03-15 14:43:52');
INSERT INTO `xy_c_notice` VALUES ('00000001201803151443525227600488', '00000001', '2018-03-22 12:00:00', '哀悼！剑桥大学降半旗师生追忆霍金 众人都希望“天才”能够转世', '剑桥大学降半旗。斯蒂芬·霍金曾经所在的剑桥大学学院，散发着悲伤肃穆的气氛，学生，学者和崇拜者都前来向周三去世的世界著名物理学家哀悼致敬。  在有着14世纪历史的剑桥冈维尔与凯斯学院，降半旗以纪念霍金，霍金自1965年以来一直是该校的学生。  该学院在教堂里设了一本吊唁书，并在街上的一张告示牌上贴上了霍金黑白照片，宣布他去世的消息。  中国的一位老师，剑桥英语系访问学者Hu Xiaohua看着这张照片时泪流满面。  “我读了他的书，深受启发，他说\'永不放弃\'，而且他从不放弃，”49岁的她说，用手帕擦了擦眼睛。  Hu说，霍金因为运动神经元疾病被困在轮椅上五十年了，这也是她来到剑桥并激发她对量子物理学兴趣的原因之一。  “他是21世纪最伟大的科学家......我每天都为他祷告，我希望他能站起来，”她告诉法新社记者。\'最伟大的人\'  “他是一个了不起的人，”来自斯洛文尼亚26岁的分子生物学博士生Edo Dzafic说，他来签署吊唁簿。  Dzafic说他“让跳出圈子外思考问题，这是我们所有人都想知道的。”  Justin Hayward，从1991年到1995年为霍金的博士生，说开创性的理论物理学家曾于2006年参加他的婚礼。  “他是一个很有趣的人，并且很有幽默感，对于在黑板前，学生有时会有点怕他。” Hayward。  其他以前的学生，邻居和受其鼓励追求科学的人们，在吊唁簿中向宇宙学巨人致敬。', null, '0', 'wsdemo', '模拟教师', '1', '2018-03-21 14:02:19');

-- ----------------------------
-- Table structure for `xy_c_notice_cla`
-- ----------------------------
DROP TABLE IF EXISTS `xy_c_notice_cla`;
CREATE TABLE `xy_c_notice_cla` (
  `nid` varchar(32) NOT NULL DEFAULT '' COMMENT '公告ID',
  `cid` varchar(32) NOT NULL DEFAULT '' COMMENT '班级ID',
  PRIMARY KEY (`nid`,`cid`)
) ENGINE=InnoDB DEFAULT CHARSET=utf8 COMMENT='公告发布对象班级ID';

-- ----------------------------
-- Records of xy_c_notice_cla
-- ----------------------------
INSERT INTO `xy_c_notice_cla` VALUES ('00000001201802231724083391297758', '00000001201802231715226211718942');
INSERT INTO `xy_c_notice_cla` VALUES ('00000001201802231724083391297758', '00000001201802231715226211718946');

-- ----------------------------
-- Table structure for `xy_c_play_affiche`
-- ----------------------------
DROP TABLE IF EXISTS `xy_c_play_affiche`;
CREATE TABLE `xy_c_play_affiche` (
  `id` varchar(32) NOT NULL DEFAULT '' COMMENT 'ID',
  `hid` varchar(8) NOT NULL COMMENT '学校ID',
  `time_begin` datetime NOT NULL COMMENT '开始显示时间',
  `time_end` datetime NOT NULL COMMENT '截止显示时间',
  `content` varchar(400) DEFAULT NULL COMMENT '内容',
  `bgimg` varchar(200) DEFAULT NULL COMMENT '背景图片',
  `author_id` varchar(32) DEFAULT NULL COMMENT '发布人ID',
  `author_name` varchar(64) DEFAULT NULL COMMENT '发布人姓名',
  `dcodes` varchar(2000) DEFAULT NULL COMMENT '发布的设备编号组合(#ALL表示所有设备,#{dtype}表示所有指定类型设备)',
  `dnames` varchar(2000) DEFAULT NULL COMMENT '发布的设备名称组合',
  PRIMARY KEY (`id`),
  KEY `inx_hid` (`hid`) USING BTREE,
  KEY `inx_hid_times` (`hid`,`time_end`)
) ENGINE=InnoDB DEFAULT CHARSET=utf8 COMMENT='校园公播-紧急公告';

-- ----------------------------
-- Records of xy_c_play_affiche
-- ----------------------------
INSERT INTO `xy_c_play_affiche` VALUES ('00000001201803151029335326892284', '00000001', '2018-03-15 10:30:00', '2018-03-15 11:30:00', '中山市2018年慈善万人行集结巡游方案', null, '00000001201712310000000000000001', '模拟教师', 'CPAD0001,HPAD0001,HPAD0002', '小一（1）班班牌,希望小学校牌,实验小学校牌');
INSERT INTO `xy_c_play_affiche` VALUES ('00000001201803151029582924524743', '00000001', '2018-03-15 11:00:00', '2018-03-15 12:30:00', '5月1日起我市建筑施工现场人员将实行实名制管理', null, '00000001201712310000000000000001', '模拟教师', 'CPAD0001,HPAD0001,HPAD0002', '小一（1）班班牌,希望小学校牌,实验小学校牌');
INSERT INTO `xy_c_play_affiche` VALUES ('00000001201803151049396088712113', '00000001', '2018-03-15 14:00:00', '2018-03-15 18:00:00', '谷歌将屏蔽一切与加密货币相关的广告 6月正式生效', '00000001/xy/play/affiche/00000001201803151049396088712113.png', '00000001201712310000000000000001', '模拟教师', 'CPAD0001,HPAD0001,HPAD0002', '小一（1）班班牌,希望小学校牌,实验小学校牌');
INSERT INTO `xy_c_play_affiche` VALUES ('00000001201803151612315253506216', '00000001', '2018-03-15 17:00:00', '2018-03-15 18:00:00', '5月1日起我市建筑施工现场人员将实行实名制管理', null, '00000001201712310000000000000001', '模拟教师', 'CPAD0001', '班牌0001');
INSERT INTO `xy_c_play_affiche` VALUES ('00000001201803151615528178401541', '00000001', '2018-03-15 17:00:00', '2018-03-15 18:00:00', '所有设备发布测试', null, '00000001201712310000000000000001', '模拟教师', '#ALL#', 'ALL');
INSERT INTO `xy_c_play_affiche` VALUES ('00000001201803191635077164552834', '00000001', '2018-03-19 00:00:00', '2018-03-24 00:00:00', '因为台风的原因，明天停课一天。', null, '00000001201712310000000000000001', '模拟教师', '#ALL#', 'All');
INSERT INTO `xy_c_play_affiche` VALUES ('00000001201803201701065951802529', '00000001', '2018-03-21 11:00:00', '2018-03-21 12:00:00', '图片上传测试', '00000001/xy/play/affiche/00000001201803201701065951802529.png', '00000001201712310000000000000001', '模拟教师', '#ALL#', 'All');

-- ----------------------------
-- Table structure for `xy_c_play_exam`
-- ----------------------------
DROP TABLE IF EXISTS `xy_c_play_exam`;
CREATE TABLE `xy_c_play_exam` (
  `hid` varchar(8) NOT NULL COMMENT '学校ID',
  `dcode` varchar(64) NOT NULL COMMENT '设备编号',
  `json` longtext COMMENT '考试信息json',
  `status` varchar(16) DEFAULT NULL COMMENT '状态',
  `author_id` varchar(32) DEFAULT NULL COMMENT '发布人ID',
  `author_name` varchar(64) DEFAULT NULL COMMENT '发布人姓名',
  `ut` datetime DEFAULT NULL COMMENT '更新时间',
  PRIMARY KEY (`hid`,`dcode`)
) ENGINE=InnoDB DEFAULT CHARSET=utf8 COMMENT='校园公播-考试信息';

-- ----------------------------
-- Records of xy_c_play_exam
-- ----------------------------
INSERT INTO `xy_c_play_exam` VALUES ('00000001', 'CPAD0001', '[{\"day\":\"20180316\",\"details\":[{\"tb\":\"0900\",\"te\":\"1100\",\"np\":\"第一考场\",\"nr\":\"101考室\",\"cur\":\"语文\",\"tns\":\"张三、李四\",\"nos\":\"20180100001~20180100050\"},{\"tb\":\"1400\",\"te\":\"1600\",\"np\":\"第一考场\",\"nr\":\"101考室\",\"cur\":\"数学\",\"tns\":\"Tom、Miss \",\"nos\":\"20180100001~20180100050\"}],\"mmdd\":\"0316\"},{\"day\":\"20180317\",\"details\":[{\"tb\":\"0900\",\"te\":\"1100\",\"np\":\"第一考场\",\"nr\":\"101考室\",\"cur\":\"英语\",\"tns\":\"张三、李四\",\"nos\":\"20180100001~20180100050\"},{\"tb\":\"1400\",\"te\":\"1600\",\"np\":\"第一考场\",\"nr\":\"101考室\",\"cur\":\"物理\",\"tns\":\"Tom、Miss \",\"nos\":\"20180100001~20180100050\"}],\"mmdd\":\"0317\"}]', 'NORMAL', 'CPad0001', '模拟电子班牌', '2018-03-15 16:42:54');
INSERT INTO `xy_c_play_exam` VALUES ('00000001', 'CPAD0002', '[{\"day\":\"20180316\",\"details\":[{\"tb\":\"0900\",\"te\":\"1100\",\"np\":\"第一考场\",\"nr\":\"102考室\",\"cur\":\"语文\",\"tns\":\"Liu文章、乔PangP\",\"nos\":\"20180100051~20180100100\"},{\"tb\":\"1400\",\"te\":\"1600\",\"np\":\"第一考场\",\"nr\":\"102考室\",\"cur\":\"数学\",\"tns\":\"Xiao乌龟、G子健 \",\"nos\":\"20180100051~20180100100\"}],\"mmdd\":\"0316\"},{\"day\":\"20180317\",\"details\":[{\"tb\":\"0900\",\"te\":\"1100\",\"np\":\"第一考场\",\"nr\":\"102考室\",\"cur\":\"英语\",\"tns\":\"Liu文章、乔PangP\",\"nos\":\"20180100051~20180100100\"},{\"tb\":\"1400\",\"te\":\"1600\",\"np\":\"第一考场\",\"nr\":\"102考室\",\"cur\":\"物理\",\"tns\":\"Xiao乌龟、G子健 \",\"nos\":\"20180100051~20180100100\"}],\"mmdd\":\"0317\"}]', 'NORMAL', '00000001201712310000000000000001', '模拟教师', '2018-03-15 14:55:03');

-- ----------------------------
-- Table structure for `xy_c_play_video`
-- ----------------------------
DROP TABLE IF EXISTS `xy_c_play_video`;
CREATE TABLE `xy_c_play_video` (
  `hid` varchar(8) NOT NULL COMMENT '学校ID',
  `dcode` varchar(64) NOT NULL COMMENT '设备编号(#表示所有设备)',
  `urls` varchar(4000) DEFAULT NULL COMMENT '视频地址组合',
  `times` varchar(400) DEFAULT NULL COMMENT '播放时间组合',
  `status` varchar(16) DEFAULT NULL COMMENT '状态',
  `author_id` varchar(32) DEFAULT NULL COMMENT '发布人ID',
  `author_name` varchar(64) DEFAULT NULL COMMENT '发布人姓名',
  `ut` datetime DEFAULT NULL COMMENT '更新时间',
  PRIMARY KEY (`hid`,`dcode`)
) ENGINE=InnoDB DEFAULT CHARSET=utf8 COMMENT='校园公播-轮播视频';

-- ----------------------------
-- Records of xy_c_play_video
-- ----------------------------
INSERT INTO `xy_c_play_video` VALUES ('00000001', '0', 'http://edu-res-dev.integrated.cn/00000001/xy/video/test1.wmv,http://edu-res-dev.integrated.cn/00000001/xy/video/test2.wmv', null, 'NORMAL', '00000001201712310000000000000001', '模拟教师', '2018-03-16 11:46:18');
INSERT INTO `xy_c_play_video` VALUES ('00000001', 'CPAD0001', 'http://edu-res-dev.integrated.cn/00000001/xy/video/test3.wmv', '09:00-10:00,15:00-17:00', 'NORMAL', '00000001201712310000000000000001', '模拟教师', '2018-03-16 11:46:14');

-- ----------------------------
-- Table structure for `xy_c_recipes`
-- ----------------------------
DROP TABLE IF EXISTS `xy_c_recipes`;
CREATE TABLE `xy_c_recipes` (
  `hid` varchar(8) NOT NULL DEFAULT '' COMMENT '学校ID',
  `num` tinyint(1) NOT NULL DEFAULT '1' COMMENT '食谱编号(1~5)',
  `name` varchar(128) DEFAULT NULL COMMENT '食谱名称',
  PRIMARY KEY (`hid`,`num`)
) ENGINE=InnoDB DEFAULT CHARSET=utf8 COMMENT='食谱';

-- ----------------------------
-- Records of xy_c_recipes
-- ----------------------------

-- ----------------------------
-- Table structure for `xy_c_recipes_detail`
-- ----------------------------
DROP TABLE IF EXISTS `xy_c_recipes_detail`;
CREATE TABLE `xy_c_recipes_detail` (
  `hid` varchar(8) NOT NULL DEFAULT '' COMMENT '学校ID',
  `num` tinyint(1) NOT NULL DEFAULT '1' COMMENT '食谱编号',
  `day` int(8) NOT NULL COMMENT '日期(yyyyMMdd)',
  `breakfast` varchar(1024) DEFAULT NULL,
  `lunch` varchar(1024) DEFAULT NULL,
  `lunch_snack` varchar(1024) DEFAULT NULL,
  `dinner` varchar(1024) DEFAULT NULL,
  PRIMARY KEY (`hid`,`num`,`day`)
) ENGINE=InnoDB DEFAULT CHARSET=utf8;

-- ----------------------------
-- Records of xy_c_recipes_detail
-- ----------------------------
INSERT INTO `xy_c_recipes_detail` VALUES ('00000001', '1', '20180320', '面包、牛奶、鸡蛋', '不吃哦', '乔胖胖芝麻蛋糕、刘老板大闸蟹', '苹果3个，无穷爱辣鸡翅2个，安慕希一瓶');
INSERT INTO `xy_c_recipes_detail` VALUES ('00000001', '1', '20180321', '面包、牛奶、鸡蛋、大白菜', '烧鸭、烧鸡、胡萝卜', '刘老板焖鸡翅', '苹果2个，无穷爱辣鸡翅3个，安慕希一瓶');
INSERT INTO `xy_c_recipes_detail` VALUES ('00000001', '1', '20180324', '面包200g、鸡蛋1个、牛奶200ml', '麦肯基套餐+可乐', '薯条', null);
INSERT INTO `xy_c_recipes_detail` VALUES ('00000001', '1', '20180325', '面包200g、鸡蛋1个、牛奶200ml', '麦肯基套餐+咖啡', '辣翅', null);

-- ----------------------------
-- Table structure for `xy_pad_modules`
-- ----------------------------
DROP TABLE IF EXISTS `xy_pad_modules`;
CREATE TABLE `xy_pad_modules` (
  `hid` varchar(8) NOT NULL DEFAULT '' COMMENT '学校ID',
  `dtype` varchar(32) NOT NULL DEFAULT '' COMMENT '设备类型',
  `modules` varchar(4000) DEFAULT NULL COMMENT '模块ID组合(XX,XX,...)',
  `ut` datetime DEFAULT NULL,
  PRIMARY KEY (`hid`,`dtype`)
) ENGINE=InnoDB DEFAULT CHARSET=utf8 COMMENT='校园模块';

-- ----------------------------
-- Records of xy_pad_modules
-- ----------------------------

-- ----------------------------
-- Table structure for `xy_sys_func`
-- ----------------------------
DROP TABLE IF EXISTS `xy_sys_func`;
CREATE TABLE `xy_sys_func` (
  `id` varchar(64) NOT NULL COMMENT 'ID',
  `name` varchar(64) NOT NULL COMMENT '资源名称',
  `menu` tinyint(1) NOT NULL DEFAULT '0' COMMENT '是否菜单，1：菜单；其它：非菜单',
  `url` varchar(200) DEFAULT NULL COMMENT '链接地址',
  `url_target` varchar(32) DEFAULT NULL COMMENT '链接打开目标(默认、_blank、...)',
  `sort` int(11) NOT NULL DEFAULT '0' COMMENT '排序(asc)',
  `pid` varchar(64) NOT NULL COMMENT '父id',
  `readonly` tinyint(1) NOT NULL DEFAULT '0' COMMENT '是否只读',
  `url_p` varchar(200) DEFAULT NULL COMMENT 'url权限匹配规则',
  `ut` datetime NOT NULL COMMENT '更新时间',
  PRIMARY KEY (`id`)
) ENGINE=InnoDB DEFAULT CHARSET=utf8 COMMENT='校园平台资源表';

-- ----------------------------
-- Records of xy_sys_func
-- ----------------------------
INSERT INTO `xy_sys_func` VALUES ('P_APP', '应用管理', '1', null, null, '3', 'P', '0', null, '2018-03-08 14:11:40');
INSERT INTO `xy_sys_func` VALUES ('P_APP_LEAVE', '请假管理', '1', null, null, '1', 'P_APP', '0', null, '2018-03-08 14:11:40');
INSERT INTO `xy_sys_func` VALUES ('P_APP_LEAVE_APPLY', '发起请假', '1', null, null, '2', 'P_APP_LEAVE', '0', null, '2018-03-08 14:11:40');
INSERT INTO `xy_sys_func` VALUES ('P_APP_LEAVE_APPLY_APPLY', '发起请假', '1', null, null, '0', 'P_APP_LEAVE_APPLY', '0', null, '2018-03-08 14:11:40');
INSERT INTO `xy_sys_func` VALUES ('P_APP_LEAVE_RECORD', '请假记录', '1', null, null, '1', 'P_APP_LEAVE', '0', null, '2018-03-08 14:11:40');
INSERT INTO `xy_sys_func` VALUES ('P_APP_LEAVE_RECORD_APPROVE', '请假审批', '1', null, null, '0', 'P_APP_LEAVE_RECORD', '0', null, '2018-03-08 14:11:40');
INSERT INTO `xy_sys_func` VALUES ('P_APP_LEAVE_RECORD_RECORD', '请假记录', '1', null, null, '0', 'P_APP_LEAVE_RECORD', '0', null, '2018-03-08 14:11:40');
INSERT INTO `xy_sys_func` VALUES ('P_CENTER', '操作中心', '1', null, null, '5', 'P', '0', null, '2018-03-08 14:11:40');
INSERT INTO `xy_sys_func` VALUES ('P_CENTER_DEVICE', '设备管理', '1', null, null, '2', 'P_CENTER', '0', null, '2018-03-08 14:11:40');
INSERT INTO `xy_sys_func` VALUES ('P_CENTER_DEVICE_CPAD', '电子班牌', '1', null, null, '0', 'P_CENTER_DEVICE', '0', null, '2018-03-08 14:11:40');
INSERT INTO `xy_sys_func` VALUES ('P_CENTER_DEVICE_CPAD_KGJ', '定时开关机', '1', null, null, '0', 'P_CENTER_DEVICE_CPAD', '0', null, '2018-03-08 14:11:40');
INSERT INTO `xy_sys_func` VALUES ('P_CENTER_DEVICE_CPAD_LIST', '设备列表', '1', null, null, '0', 'P_CENTER_DEVICE_CPAD', '0', null, '2018-03-08 14:11:40');
INSERT INTO `xy_sys_func` VALUES ('P_CENTER_DEVICE_CPAD_PWD', '密码管理', '1', null, null, '0', 'P_CENTER_DEVICE_CPAD', '0', null, '2018-03-08 14:11:40');
INSERT INTO `xy_sys_func` VALUES ('P_CENTER_DEVICE_DEVICE', '设备管理', '1', null, null, '0', 'P_CENTER_DEVICE', '0', null, '2018-03-08 14:11:40');
INSERT INTO `xy_sys_func` VALUES ('P_CENTER_DEVICE_DEVICE_LIST', '设备列表', '1', null, null, '0', 'P_CENTER_DEVICE_DEVICE', '0', null, '2018-03-08 14:11:40');
INSERT INTO `xy_sys_func` VALUES ('P_CENTER_LOG', '系统日志', '1', null, null, '3', 'P_CENTER', '0', null, '2018-03-08 14:11:40');
INSERT INTO `xy_sys_func` VALUES ('P_CENTER_LOG_IMP', '数据导入日志', '1', null, null, '0', 'P_CENTER_LOG', '0', null, '2018-03-08 14:11:40');
INSERT INTO `xy_sys_func` VALUES ('P_CENTER_LOG_IMP_DATA', '数据导入日志', '1', null, null, '0', 'P_CENTER_LOG_IMP', '0', null, '2018-03-08 14:11:40');
INSERT INTO `xy_sys_func` VALUES ('P_CENTER_LOG_PF', '校园平台日志', '1', null, null, '0', 'P_CENTER_LOG', '0', null, '2018-03-08 14:11:40');
INSERT INTO `xy_sys_func` VALUES ('P_CENTER_LOG_PF_PF', '平台日志', '1', null, null, '0', 'P_CENTER_LOG_PF', '0', null, '2018-03-08 14:11:40');
INSERT INTO `xy_sys_func` VALUES ('P_CONTENT', '内容发布', '1', null, null, '4', 'P', '0', null, '2018-03-08 14:11:40');
INSERT INTO `xy_sys_func` VALUES ('P_CONTENT_CONTENT', '内容管理', '1', null, null, '1', 'P_CONTENT', '0', null, '2018-03-08 14:11:40');
INSERT INTO `xy_sys_func` VALUES ('P_CONTENT_CONTENT_ACT', '校园活动', '1', null, null, '0', 'P_CONTENT_CONTENT', '0', null, '2018-03-08 14:11:40');
INSERT INTO `xy_sys_func` VALUES ('P_CONTENT_CONTENT_ACT_LIST', '活动列表', '1', null, null, '0', 'P_CONTENT_CONTENT_ACT', '0', null, '2018-03-08 14:11:40');
INSERT INTO `xy_sys_func` VALUES ('P_CONTENT_CONTENT_DY', '德育管理', '1', null, null, '0', 'P_CONTENT_CONTENT', '0', null, '2018-03-08 14:11:40');
INSERT INTO `xy_sys_func` VALUES ('P_CONTENT_CONTENT_DY_COMMENT', '德育评分', '1', null, null, '0', 'P_CONTENT_CONTENT_DY', '0', null, '2018-03-08 14:11:40');
INSERT INTO `xy_sys_func` VALUES ('P_CONTENT_CONTENT_DY_COMMENTTX', '评分体系', '1', null, null, '0', 'P_CONTENT_CONTENT_DY', '0', null, '2018-03-08 14:11:40');
INSERT INTO `xy_sys_func` VALUES ('P_CONTENT_CONTENT_GB', '校园公播', '1', null, null, '0', 'P_CONTENT_CONTENT', '0', null, '2018-03-08 14:11:40');
INSERT INTO `xy_sys_func` VALUES ('P_CONTENT_CONTENT_GB_EXAM', '考试信息', '1', null, null, '0', 'P_CONTENT_CONTENT_GB', '0', null, '2018-03-08 14:11:40');
INSERT INTO `xy_sys_func` VALUES ('P_CONTENT_CONTENT_GB_JJ', '紧急公告', '1', null, null, '0', 'P_CONTENT_CONTENT_GB', '0', null, '2018-03-08 14:11:40');
INSERT INTO `xy_sys_func` VALUES ('P_CONTENT_CONTENT_GB_VIDEO', '视频播放', '1', null, null, '0', 'P_CONTENT_CONTENT_GB', '0', null, '2018-03-08 14:11:40');
INSERT INTO `xy_sys_func` VALUES ('P_CONTENT_CONTENT_NOTICE', '通知公告', '1', null, null, '0', 'P_CONTENT_CONTENT', '0', null, '2018-03-08 14:11:40');
INSERT INTO `xy_sys_func` VALUES ('P_CONTENT_CONTENT_NOTICE_LIST', '通知公告列表', '0', 'sv-xy/notice/paging', null, '0', 'P_CONTENT_CONTENT_NOTICE', '0', 'sv-xy/notice/*', '2018-03-08 14:11:40');
INSERT INTO `xy_sys_func` VALUES ('P_CONTENT_CONTENT_RY', '荣誉管理', '1', null, null, '0', 'P_CONTENT_CONTENT', '0', null, '2018-03-08 14:11:40');
INSERT INTO `xy_sys_func` VALUES ('P_CONTENT_CONTENT_RY_BJDP', '班级点评', '1', null, null, '0', 'P_CONTENT_CONTENT_RY', '0', null, '2018-03-08 14:11:40');
INSERT INTO `xy_sys_func` VALUES ('P_CONTENT_CONTENT_RY_XSGRB', '学生光荣榜', '1', null, null, '0', 'P_CONTENT_CONTENT_RY', '0', null, '2018-03-08 14:11:40');
INSERT INTO `xy_sys_func` VALUES ('P_CONTENT_CONTENT_VIEW', '风采展示', '1', null, null, '0', 'P_CONTENT_CONTENT', '0', null, '2018-03-08 14:11:40');
INSERT INTO `xy_sys_func` VALUES ('P_CONTENT_CONTENT_VIEW_CLA', '按班级发布', '1', null, null, '0', 'P_CONTENT_CONTENT_VIEW', '0', null, '2018-03-08 14:11:40');
INSERT INTO `xy_sys_func` VALUES ('P_CONTENT_CONTENT_VIEW_DEVICE', '按设备发布', '1', null, null, '0', 'P_CONTENT_CONTENT_VIEW', '0', null, '2018-03-08 14:11:40');
INSERT INTO `xy_sys_func` VALUES ('P_CONTENT_COURSE', '课程管理', '1', null, null, '2', 'P_CONTENT', '0', null, '2018-03-08 14:11:40');
INSERT INTO `xy_sys_func` VALUES ('P_CONTENT_COURSE_KB', '课表管理', '1', null, null, '0', 'P_CONTENT_COURSE', '0', null, '2018-03-08 14:11:40');
INSERT INTO `xy_sys_func` VALUES ('P_CONTENT_COURSE_KB_CLA', '班级列表', '1', null, null, '0', 'P_CONTENT_COURSE_KB', '0', null, '2018-03-08 14:11:40');
INSERT INTO `xy_sys_func` VALUES ('P_CONTENT_COURSE_KB_IMP', '导入课表', '1', null, null, '0', 'P_CONTENT_COURSE_KB', '0', null, '2018-03-08 14:11:40');
INSERT INTO `xy_sys_func` VALUES ('P_CONTENT_COURSE_KB_IMPTCH', '导入授课教师', '1', null, null, '0', 'P_CONTENT_COURSE_KB', '0', null, '2018-03-08 14:11:40');
INSERT INTO `xy_sys_func` VALUES ('P_CONTENT_COURSE_KB_IMPZW', '导入座位表', '1', null, null, '0', 'P_CONTENT_COURSE_KB', '0', null, '2018-03-08 14:11:40');
INSERT INTO `xy_sys_func` VALUES ('P_CONTENT_COURSE_KM', '科目管理', '1', null, null, '0', 'P_CONTENT_COURSE', '0', null, '2018-03-08 14:11:40');
INSERT INTO `xy_sys_func` VALUES ('P_CONTENT_COURSE_KM_LIST', '科目列表', '1', null, null, '0', 'P_CONTENT_COURSE_KM', '0', null, '2018-03-08 14:11:40');
INSERT INTO `xy_sys_func` VALUES ('P_DATA', '数据管理', '1', '', '', '1', 'P', '0', '', '2018-03-08 14:11:40');
INSERT INTO `xy_sys_func` VALUES ('P_DATA_CARD', '智能卡管理', '1', null, null, '4', 'P_DATA', '0', null, '2018-03-08 14:11:40');
INSERT INTO `xy_sys_func` VALUES ('P_DATA_CARD_CARD', '智能卡', '1', null, null, '1', 'P_DATA_CARD', '0', null, '2018-03-08 14:11:40');
INSERT INTO `xy_sys_func` VALUES ('P_DATA_CARD_FILL', '批量补卡', '1', null, null, '2', 'P_DATA_CARD', '0', null, '2018-03-08 14:11:40');
INSERT INTO `xy_sys_func` VALUES ('P_DATA_CARD_RECORD', '卡操作记录', '1', null, null, '3', 'P_DATA_CARD', '0', null, '2018-03-08 14:11:40');
INSERT INTO `xy_sys_func` VALUES ('P_DATA_SCH', '学校管理', '1', null, null, '1', 'P_DATA', '0', null, '2018-03-08 14:11:40');
INSERT INTO `xy_sys_func` VALUES ('P_DATA_SCH_CLA', '年級管理', '1', null, null, '1', 'P_DATA_SCH', '0', null, '2018-03-08 14:11:40');
INSERT INTO `xy_sys_func` VALUES ('P_DATA_SCH_CLA_BJ', '班级管理', '1', null, null, '0', 'P_DATA_SCH_CLA', '0', '/sv-data/data/sch/cla_paging', '2018-03-08 14:11:40');
INSERT INTO `xy_sys_func` VALUES ('P_DATA_SCH_CLA_NJ', '年级管理', '1', null, null, '1', 'P_DATA_SCH_CLA', '0', '/sv-data/data/sch/grd_list', '2018-03-08 14:11:40');
INSERT INTO `xy_sys_func` VALUES ('P_DATA_SCH_ROOM', '教室管理', '1', null, null, '2', 'P_DATA_SCH', '0', null, '2018-03-08 14:11:40');
INSERT INTO `xy_sys_func` VALUES ('P_DATA_SCH_ROOM_IMP', '批量导入', '1', null, null, '0', 'P_DATA_SCH_ROOM', '0', null, '2018-03-08 14:11:40');
INSERT INTO `xy_sys_func` VALUES ('P_DATA_SCH_ROOM_LIST', '教室列表', '1', null, null, '0', 'P_DATA_SCH_ROOM', '0', null, '2018-03-08 14:11:40');
INSERT INTO `xy_sys_func` VALUES ('P_DATA_STU', '学生管理', '1', null, null, '2', 'P_DATA', '0', null, '2018-03-08 14:11:40');
INSERT INTO `xy_sys_func` VALUES ('P_DATA_STU_FAM', '家长数据', '1', null, null, '2', 'P_DATA_STU', '0', null, '2018-03-08 14:11:40');
INSERT INTO `xy_sys_func` VALUES ('P_DATA_STU_FAM_MD', '家长名单', '1', null, null, '0', 'P_DATA_STU_FAM', '0', null, '2018-03-08 14:11:40');
INSERT INTO `xy_sys_func` VALUES ('P_DATA_STU_FAM_UPD', '批量修改', '1', null, null, '0', 'P_DATA_STU_FAM', '0', null, '2018-03-08 14:11:40');
INSERT INTO `xy_sys_func` VALUES ('P_DATA_STU_STU', '学生数据', '1', null, null, '1', 'P_DATA_STU', '0', null, '2018-03-08 14:11:40');
INSERT INTO `xy_sys_func` VALUES ('P_DATA_STU_STU_IMP', '批量导入', '1', null, null, '0', 'P_DATA_STU_STU', '0', null, '2018-03-08 14:11:40');
INSERT INTO `xy_sys_func` VALUES ('P_DATA_STU_STU_MD', '学生名单', '1', null, null, '1', 'P_DATA_STU_STU', '0', null, '2018-03-08 14:11:40');
INSERT INTO `xy_sys_func` VALUES ('P_DATA_STU_STU_UPD', '批量修改', '1', null, null, '0', 'P_DATA_STU_STU', '0', null, '2018-03-08 14:11:40');
INSERT INTO `xy_sys_func` VALUES ('P_DATA_TCH', '教职工管理', '1', null, null, '3', 'P_DATA', '0', null, '2018-03-08 14:11:40');
INSERT INTO `xy_sys_func` VALUES ('P_DATA_TCH_ROLE', '角色管理', '1', null, null, '2', 'P_DATA_TCH', '0', null, '2018-03-08 14:11:40');
INSERT INTO `xy_sys_func` VALUES ('P_DATA_TCH_ROLE_ROLE', '角色管理', '1', null, null, '0', 'P_DATA_TCH_ROLE', '0', null, '2018-03-08 14:11:40');
INSERT INTO `xy_sys_func` VALUES ('P_DATA_TCH_ROLE_ROLE_A', '新增', '0', null, null, '1', 'P_DATA_TCH_ROLE_ROLE', '0', null, '2018-03-12 09:34:50');
INSERT INTO `xy_sys_func` VALUES ('P_DATA_TCH_ROLE_ROLE_U', '修改', '0', null, null, '2', 'P_DATA_TCH_ROLE_ROLE', '0', null, '2018-03-12 09:34:52');
INSERT INTO `xy_sys_func` VALUES ('P_DATA_TCH_TCH', '教职工数据', '1', null, null, '1', 'P_DATA_TCH', '0', null, '2018-03-08 14:11:40');
INSERT INTO `xy_sys_func` VALUES ('P_DATA_TCH_TCH_IMP', '批量导入', '1', null, null, '0', 'P_DATA_TCH_TCH', '0', null, '2018-03-08 14:11:40');
INSERT INTO `xy_sys_func` VALUES ('P_DATA_TCH_TCH_MD', '职工名单', '1', null, null, '0', 'P_DATA_TCH_TCH', '0', null, '2018-03-08 14:11:40');
INSERT INTO `xy_sys_func` VALUES ('P_DATA_TCH_TCH_UPD', '批量修改', '1', null, null, '0', 'P_DATA_TCH_TCH', '0', null, '2018-03-08 14:11:40');
INSERT INTO `xy_sys_func` VALUES ('P_KQ', '考勤门禁', '1', null, null, '2', 'P', '0', null, '2018-03-08 14:11:40');
INSERT INTO `xy_sys_func` VALUES ('P_KQ_KQ', '考勤管理', '1', null, null, '1', 'P_KQ', '0', null, '2018-03-08 14:11:40');
INSERT INTO `xy_sys_func` VALUES ('P_KQ_KQ_STU', '学生考勤报表', '1', null, null, '1', 'P_KQ_KQ', '0', null, '2018-03-08 14:11:40');
INSERT INTO `xy_sys_func` VALUES ('P_KQ_KQ_STU_DETAIl', '考勤明细', '1', null, null, '0', 'P_KQ_KQ_STU', '0', null, '2018-03-08 14:11:40');
INSERT INTO `xy_sys_func` VALUES ('P_KQ_KQ_STU_STA', '考勤统计', '1', null, null, '0', 'P_KQ_KQ_STU', '0', null, '2018-03-08 14:11:40');
INSERT INTO `xy_sys_func` VALUES ('P_KQ_KQ_TCH', '教职工考勤报表', '1', null, null, '1', 'P_KQ_KQ', '0', null, '2018-03-08 14:11:40');
INSERT INTO `xy_sys_func` VALUES ('P_KQ_KQ_TCH_DETAIl', '考勤明细', '1', null, null, '0', 'P_KQ_KQ_TCH', '0', null, '2018-03-08 14:11:40');
INSERT INTO `xy_sys_func` VALUES ('P_KQ_KQ_TCH_STA', '考勤统计', '1', null, null, '0', 'P_KQ_KQ_TCH', '0', null, '2018-03-08 14:11:40');
INSERT INTO `xy_sys_func` VALUES ('P_KQ_MJ', '门禁管理', '1', null, null, '2', 'P_KQ', '0', null, '2018-03-08 14:11:40');
INSERT INTO `xy_sys_func` VALUES ('P_KQ_MJ_FAM', '家长门禁记录', '1', null, null, '1', 'P_KQ_MJ', '0', null, '2018-03-08 14:11:40');
INSERT INTO `xy_sys_func` VALUES ('P_KQ_MJ_STU', '学生门禁记录', '1', null, null, '1', 'P_KQ_MJ', '0', null, '2018-03-08 14:11:40');
INSERT INTO `xy_sys_func` VALUES ('P_KQ_MJ_TCH', '教师门禁记录', '1', null, null, '2', 'P_KQ_MJ', '0', null, '2018-03-08 14:11:40');
INSERT INTO `xy_sys_func` VALUES ('P_OTHER', '其他', '1', null, null, '6', 'P', '0', null, '2018-03-08 14:11:40');
INSERT INTO `xy_sys_func` VALUES ('P_OTHER_IMP', '导入模板', '1', null, null, '3', 'P_OTHER', '0', null, '2018-03-08 14:11:40');
INSERT INTO `xy_sys_func` VALUES ('P_OTHER_UI', '个人信息', '1', null, null, '1', 'P_OTHER', '0', null, '2018-03-08 14:11:40');
INSERT INTO `xy_sys_func` VALUES ('P_OTHER_UPD', '更新日志', '1', null, null, '2', 'P_OTHER', '0', null, '2018-03-08 14:11:40');

-- ----------------------------
-- Table structure for `xy_sys_func_sch`
-- ----------------------------
DROP TABLE IF EXISTS `xy_sys_func_sch`;
CREATE TABLE `xy_sys_func_sch` (
  `hid` varchar(8) NOT NULL DEFAULT '' COMMENT '学校id',
  `func_id` varchar(64) NOT NULL DEFAULT '' COMMENT '资源ID',
  PRIMARY KEY (`hid`,`func_id`)
) ENGINE=InnoDB DEFAULT CHARSET=utf8 COMMENT='学校-资源对应表';

-- ----------------------------
-- Records of xy_sys_func_sch
-- ----------------------------
INSERT INTO `xy_sys_func_sch` VALUES ('00000001', 'P_APP');
INSERT INTO `xy_sys_func_sch` VALUES ('00000001', 'P_APP_LEAVE');
INSERT INTO `xy_sys_func_sch` VALUES ('00000001', 'P_APP_LEAVE_APPLY');
INSERT INTO `xy_sys_func_sch` VALUES ('00000001', 'P_APP_LEAVE_APPLY_APPLY');
INSERT INTO `xy_sys_func_sch` VALUES ('00000001', 'P_APP_LEAVE_RECORD');
INSERT INTO `xy_sys_func_sch` VALUES ('00000001', 'P_APP_LEAVE_RECORD_APPROVE');
INSERT INTO `xy_sys_func_sch` VALUES ('00000001', 'P_APP_LEAVE_RECORD_P_APP_LEAVE_RECORD');
INSERT INTO `xy_sys_func_sch` VALUES ('00000001', 'P_CENTER');
INSERT INTO `xy_sys_func_sch` VALUES ('00000001', 'P_CENTER_DEVICE');
INSERT INTO `xy_sys_func_sch` VALUES ('00000001', 'P_CENTER_DEVICE_CPAD');
INSERT INTO `xy_sys_func_sch` VALUES ('00000001', 'P_CENTER_DEVICE_CPAD_KGJ');
INSERT INTO `xy_sys_func_sch` VALUES ('00000001', 'P_CENTER_DEVICE_CPAD_LIST');
INSERT INTO `xy_sys_func_sch` VALUES ('00000001', 'P_CENTER_DEVICE_CPAD_PWD');
INSERT INTO `xy_sys_func_sch` VALUES ('00000001', 'P_CENTER_DEVICE_DEVICE');
INSERT INTO `xy_sys_func_sch` VALUES ('00000001', 'P_CENTER_DEVICE_DEVICE_LIST');
INSERT INTO `xy_sys_func_sch` VALUES ('00000001', 'P_CENTER_LOG');
INSERT INTO `xy_sys_func_sch` VALUES ('00000001', 'P_CENTER_LOG_IMP');
INSERT INTO `xy_sys_func_sch` VALUES ('00000001', 'P_CENTER_LOG_IMP_DATA');
INSERT INTO `xy_sys_func_sch` VALUES ('00000001', 'P_CENTER_LOG_PF');
INSERT INTO `xy_sys_func_sch` VALUES ('00000001', 'P_CENTER_LOG_PF_PF');
INSERT INTO `xy_sys_func_sch` VALUES ('00000001', 'P_CONTENT');
INSERT INTO `xy_sys_func_sch` VALUES ('00000001', 'P_CONTENT_CONTENT');
INSERT INTO `xy_sys_func_sch` VALUES ('00000001', 'P_CONTENT_CONTENT_ACT');
INSERT INTO `xy_sys_func_sch` VALUES ('00000001', 'P_CONTENT_CONTENT_ACT_LIST');
INSERT INTO `xy_sys_func_sch` VALUES ('00000001', 'P_CONTENT_CONTENT_DY');
INSERT INTO `xy_sys_func_sch` VALUES ('00000001', 'P_CONTENT_CONTENT_DY_COMMENT');
INSERT INTO `xy_sys_func_sch` VALUES ('00000001', 'P_CONTENT_CONTENT_DY_COMMENTTX');
INSERT INTO `xy_sys_func_sch` VALUES ('00000001', 'P_CONTENT_CONTENT_GB');
INSERT INTO `xy_sys_func_sch` VALUES ('00000001', 'P_CONTENT_CONTENT_GB_EXAM');
INSERT INTO `xy_sys_func_sch` VALUES ('00000001', 'P_CONTENT_CONTENT_GB_JJ');
INSERT INTO `xy_sys_func_sch` VALUES ('00000001', 'P_CONTENT_CONTENT_GB_VIDEO');
INSERT INTO `xy_sys_func_sch` VALUES ('00000001', 'P_CONTENT_CONTENT_NOTICE');
INSERT INTO `xy_sys_func_sch` VALUES ('00000001', 'P_CONTENT_CONTENT_NOTICE_LIST');
INSERT INTO `xy_sys_func_sch` VALUES ('00000001', 'P_CONTENT_CONTENT_RY');
INSERT INTO `xy_sys_func_sch` VALUES ('00000001', 'P_CONTENT_CONTENT_RY_BJDP');
INSERT INTO `xy_sys_func_sch` VALUES ('00000001', 'P_CONTENT_CONTENT_RY_XSGRB');
INSERT INTO `xy_sys_func_sch` VALUES ('00000001', 'P_CONTENT_CONTENT_VIEW');
INSERT INTO `xy_sys_func_sch` VALUES ('00000001', 'P_CONTENT_CONTENT_VIEW_CLA');
INSERT INTO `xy_sys_func_sch` VALUES ('00000001', 'P_CONTENT_CONTENT_VIEW_DEVICE');
INSERT INTO `xy_sys_func_sch` VALUES ('00000001', 'P_CONTENT_COURSE');
INSERT INTO `xy_sys_func_sch` VALUES ('00000001', 'P_CONTENT_COURSE_KB');
INSERT INTO `xy_sys_func_sch` VALUES ('00000001', 'P_CONTENT_COURSE_KB_CLA');
INSERT INTO `xy_sys_func_sch` VALUES ('00000001', 'P_CONTENT_COURSE_KB_IMP');
INSERT INTO `xy_sys_func_sch` VALUES ('00000001', 'P_CONTENT_COURSE_KB_IMPTCH');
INSERT INTO `xy_sys_func_sch` VALUES ('00000001', 'P_CONTENT_COURSE_KB_IMPZW');
INSERT INTO `xy_sys_func_sch` VALUES ('00000001', 'P_CONTENT_COURSE_KM');
INSERT INTO `xy_sys_func_sch` VALUES ('00000001', 'P_CONTENT_COURSE_KM_LIST');
INSERT INTO `xy_sys_func_sch` VALUES ('00000001', 'P_DATA');
INSERT INTO `xy_sys_func_sch` VALUES ('00000001', 'P_DATA_CARD');
INSERT INTO `xy_sys_func_sch` VALUES ('00000001', 'P_DATA_CARD_CARD');
INSERT INTO `xy_sys_func_sch` VALUES ('00000001', 'P_DATA_CARD_FILL');
INSERT INTO `xy_sys_func_sch` VALUES ('00000001', 'P_DATA_CARD_RECORD');
INSERT INTO `xy_sys_func_sch` VALUES ('00000001', 'P_DATA_SCH');
INSERT INTO `xy_sys_func_sch` VALUES ('00000001', 'P_DATA_SCH_CLA');
INSERT INTO `xy_sys_func_sch` VALUES ('00000001', 'P_DATA_SCH_CLA_BJ');
INSERT INTO `xy_sys_func_sch` VALUES ('00000001', 'P_DATA_SCH_CLA_NJ');
INSERT INTO `xy_sys_func_sch` VALUES ('00000001', 'P_DATA_SCH_ROOM');
INSERT INTO `xy_sys_func_sch` VALUES ('00000001', 'P_DATA_SCH_ROOM_IMP');
INSERT INTO `xy_sys_func_sch` VALUES ('00000001', 'P_DATA_SCH_ROOM_LIST');
INSERT INTO `xy_sys_func_sch` VALUES ('00000001', 'P_DATA_STU');
INSERT INTO `xy_sys_func_sch` VALUES ('00000001', 'P_DATA_STU_FAM');
INSERT INTO `xy_sys_func_sch` VALUES ('00000001', 'P_DATA_STU_FAM_MD');
INSERT INTO `xy_sys_func_sch` VALUES ('00000001', 'P_DATA_STU_FAM_UPD');
INSERT INTO `xy_sys_func_sch` VALUES ('00000001', 'P_DATA_STU_STU');
INSERT INTO `xy_sys_func_sch` VALUES ('00000001', 'P_DATA_STU_STU_IMP');
INSERT INTO `xy_sys_func_sch` VALUES ('00000001', 'P_DATA_STU_STU_MD');
INSERT INTO `xy_sys_func_sch` VALUES ('00000001', 'P_DATA_STU_STU_UPD');
INSERT INTO `xy_sys_func_sch` VALUES ('00000001', 'P_DATA_TCH');
INSERT INTO `xy_sys_func_sch` VALUES ('00000001', 'P_DATA_TCH_ROLE');
INSERT INTO `xy_sys_func_sch` VALUES ('00000001', 'P_DATA_TCH_ROLE_ROLE');
INSERT INTO `xy_sys_func_sch` VALUES ('00000001', 'P_DATA_TCH_ROLE_ROLE_A');
INSERT INTO `xy_sys_func_sch` VALUES ('00000001', 'P_DATA_TCH_ROLE_ROLE_U');
INSERT INTO `xy_sys_func_sch` VALUES ('00000001', 'P_DATA_TCH_TCH');
INSERT INTO `xy_sys_func_sch` VALUES ('00000001', 'P_DATA_TCH_TCH_IMP');
INSERT INTO `xy_sys_func_sch` VALUES ('00000001', 'P_DATA_TCH_TCH_MD');
INSERT INTO `xy_sys_func_sch` VALUES ('00000001', 'P_DATA_TCH_TCH_UPD');
INSERT INTO `xy_sys_func_sch` VALUES ('00000001', 'P_KQ');
INSERT INTO `xy_sys_func_sch` VALUES ('00000001', 'P_KQ_KQ');
INSERT INTO `xy_sys_func_sch` VALUES ('00000001', 'P_KQ_KQ_STU');
INSERT INTO `xy_sys_func_sch` VALUES ('00000001', 'P_KQ_KQ_STU_DETAIl');
INSERT INTO `xy_sys_func_sch` VALUES ('00000001', 'P_KQ_KQ_STU_STA');
INSERT INTO `xy_sys_func_sch` VALUES ('00000001', 'P_KQ_KQ_TCH');
INSERT INTO `xy_sys_func_sch` VALUES ('00000001', 'P_KQ_KQ_TCH_DETAIl');
INSERT INTO `xy_sys_func_sch` VALUES ('00000001', 'P_KQ_KQ_TCH_STA');
INSERT INTO `xy_sys_func_sch` VALUES ('00000001', 'P_KQ_MJ');
INSERT INTO `xy_sys_func_sch` VALUES ('00000001', 'P_KQ_MJ_FAM');
INSERT INTO `xy_sys_func_sch` VALUES ('00000001', 'P_KQ_MJ_STU');
INSERT INTO `xy_sys_func_sch` VALUES ('00000001', 'P_KQ_MJ_TCH');
INSERT INTO `xy_sys_func_sch` VALUES ('00000001', 'P_OTHER');
INSERT INTO `xy_sys_func_sch` VALUES ('00000001', 'P_OTHER_IMP');
INSERT INTO `xy_sys_func_sch` VALUES ('00000001', 'P_OTHER_UI');
INSERT INTO `xy_sys_func_sch` VALUES ('00000001', 'P_OTHER_UPD');

-- ----------------------------
-- Table structure for `xy_sys_func_sch_role`
-- ----------------------------
DROP TABLE IF EXISTS `xy_sys_func_sch_role`;
CREATE TABLE `xy_sys_func_sch_role` (
  `role_id` varchar(32) NOT NULL COMMENT '角色ID',
  `func_id` varchar(64) NOT NULL COMMENT '资源id',
  PRIMARY KEY (`role_id`,`func_id`)
) ENGINE=InnoDB DEFAULT CHARSET=utf8 COMMENT='角色-资源对应表';

-- ----------------------------
-- Records of xy_sys_func_sch_role
-- ----------------------------
INSERT INTO `xy_sys_func_sch_role` VALUES ('00000001201801031740460184825309', 'P_CONTENT');
INSERT INTO `xy_sys_func_sch_role` VALUES ('00000001201801031740460184825309', 'P_CONTENT_CONTENT');
INSERT INTO `xy_sys_func_sch_role` VALUES ('00000001201801031740460184825309', 'P_CONTENT_CONTENT_ACT');
INSERT INTO `xy_sys_func_sch_role` VALUES ('00000001201801031740460184825309', 'P_CONTENT_CONTENT_ACT_LIST');
INSERT INTO `xy_sys_func_sch_role` VALUES ('00000001201801031740460184825309', 'P_CONTENT_CONTENT_DY');
INSERT INTO `xy_sys_func_sch_role` VALUES ('00000001201801031740460184825309', 'P_CONTENT_CONTENT_DY_COMMENT');
INSERT INTO `xy_sys_func_sch_role` VALUES ('00000001201801031740460184825309', 'P_CONTENT_CONTENT_DY_COMMENTTX');
INSERT INTO `xy_sys_func_sch_role` VALUES ('00000001201801031740460184825309', 'P_CONTENT_CONTENT_GB');
INSERT INTO `xy_sys_func_sch_role` VALUES ('00000001201801031740460184825309', 'P_CONTENT_CONTENT_GB_EXAM');
INSERT INTO `xy_sys_func_sch_role` VALUES ('00000001201801031740460184825309', 'P_CONTENT_CONTENT_GB_VIDEO');
INSERT INTO `xy_sys_func_sch_role` VALUES ('00000001201801031740460184825309', 'P_CONTENT_CONTENT_NOTICE');
INSERT INTO `xy_sys_func_sch_role` VALUES ('00000001201801031740460184825309', 'P_CONTENT_CONTENT_NOTICE_LIST');
INSERT INTO `xy_sys_func_sch_role` VALUES ('00000001201801031740460184825309', 'P_CONTENT_CONTENT_RY');
INSERT INTO `xy_sys_func_sch_role` VALUES ('00000001201801031740460184825309', 'P_CONTENT_CONTENT_RY_XSGRB');
INSERT INTO `xy_sys_func_sch_role` VALUES ('00000001201801031740460184825309', 'P_CONTENT_CONTENT_VIEW');
INSERT INTO `xy_sys_func_sch_role` VALUES ('00000001201801031740460184825309', 'P_CONTENT_CONTENT_VIEW_CLA');
INSERT INTO `xy_sys_func_sch_role` VALUES ('00000001201801031740460184825309', 'P_CONTENT_CONTENT_VIEW_DEVICE');
INSERT INTO `xy_sys_func_sch_role` VALUES ('00000001201801031740460184825309', 'P_CONTENT_COURSE');
INSERT INTO `xy_sys_func_sch_role` VALUES ('00000001201801031740460184825309', 'P_CONTENT_COURSE_KB');
INSERT INTO `xy_sys_func_sch_role` VALUES ('00000001201801031740460184825309', 'P_CONTENT_COURSE_KB_CLA');
INSERT INTO `xy_sys_func_sch_role` VALUES ('00000001201801031740460184825309', 'P_CONTENT_COURSE_KB_IMP');
INSERT INTO `xy_sys_func_sch_role` VALUES ('00000001201801031740460184825309', 'P_CONTENT_COURSE_KB_IMPTCH');
INSERT INTO `xy_sys_func_sch_role` VALUES ('00000001201801031740460184825309', 'P_CONTENT_COURSE_KB_IMPZW');
INSERT INTO `xy_sys_func_sch_role` VALUES ('00000001201801031740460184825309', 'P_CONTENT_COURSE_KM');
INSERT INTO `xy_sys_func_sch_role` VALUES ('00000001201801031740460184825309', 'P_CONTENT_COURSE_KM_LIST');
INSERT INTO `xy_sys_func_sch_role` VALUES ('00000001201801031740460184825309', 'P_DATA');
INSERT INTO `xy_sys_func_sch_role` VALUES ('00000001201801031740460184825309', 'P_DATA_CARD');
INSERT INTO `xy_sys_func_sch_role` VALUES ('00000001201801031740460184825309', 'P_DATA_CARD_CARD');
INSERT INTO `xy_sys_func_sch_role` VALUES ('00000001201801031740460184825309', 'P_DATA_CARD_RECORD');
INSERT INTO `xy_sys_func_sch_role` VALUES ('00000001201801031740460184825309', 'P_DATA_SCH');
INSERT INTO `xy_sys_func_sch_role` VALUES ('00000001201801031740460184825309', 'P_DATA_SCH_CLA');
INSERT INTO `xy_sys_func_sch_role` VALUES ('00000001201801031740460184825309', 'P_DATA_SCH_CLA_BJ');
INSERT INTO `xy_sys_func_sch_role` VALUES ('00000001201801031740460184825309', 'P_DATA_SCH_CLA_NJ');
INSERT INTO `xy_sys_func_sch_role` VALUES ('00000001201801031740460184825309', 'P_DATA_SCH_ROOM');
INSERT INTO `xy_sys_func_sch_role` VALUES ('00000001201801031740460184825309', 'P_DATA_SCH_ROOM_IMP');
INSERT INTO `xy_sys_func_sch_role` VALUES ('00000001201801031740460184825309', 'P_DATA_SCH_ROOM_LIST');
INSERT INTO `xy_sys_func_sch_role` VALUES ('00000001201801031740460184825309', 'P_DATA_STU');
INSERT INTO `xy_sys_func_sch_role` VALUES ('00000001201801031740460184825309', 'P_DATA_STU_FAM');
INSERT INTO `xy_sys_func_sch_role` VALUES ('00000001201801031740460184825309', 'P_DATA_STU_FAM_MD');
INSERT INTO `xy_sys_func_sch_role` VALUES ('00000001201801031740460184825309', 'P_DATA_STU_FAM_UPD');
INSERT INTO `xy_sys_func_sch_role` VALUES ('00000001201801031740460184825309', 'P_DATA_STU_STU');
INSERT INTO `xy_sys_func_sch_role` VALUES ('00000001201801031740460184825309', 'P_DATA_STU_STU_IMP');
INSERT INTO `xy_sys_func_sch_role` VALUES ('00000001201801031740460184825309', 'P_DATA_STU_STU_MD');
INSERT INTO `xy_sys_func_sch_role` VALUES ('00000001201801031740460184825309', 'P_DATA_STU_STU_UPD');
INSERT INTO `xy_sys_func_sch_role` VALUES ('00000001201801031740460184825309', 'P_DATA_TCH');
INSERT INTO `xy_sys_func_sch_role` VALUES ('00000001201801031740460184825309', 'P_DATA_TCH_ROLE');
INSERT INTO `xy_sys_func_sch_role` VALUES ('00000001201801031740460184825309', 'P_DATA_TCH_ROLE_ROLE');
INSERT INTO `xy_sys_func_sch_role` VALUES ('00000001201801031740460184825309', 'P_DATA_TCH_ROLE_ROLE_A');
INSERT INTO `xy_sys_func_sch_role` VALUES ('00000001201801031740460184825309', 'P_DATA_TCH_TCH');
INSERT INTO `xy_sys_func_sch_role` VALUES ('00000001201801031740460184825309', 'P_DATA_TCH_TCH_IMP');
INSERT INTO `xy_sys_func_sch_role` VALUES ('00000001201801031740460184825309', 'P_DATA_TCH_TCH_UPD');
INSERT INTO `xy_sys_func_sch_role` VALUES ('00000001201802261818372740143390', 'P_CENTER');
INSERT INTO `xy_sys_func_sch_role` VALUES ('00000001201802261818372740143390', 'P_CENTER_DEVICE');
INSERT INTO `xy_sys_func_sch_role` VALUES ('00000001201802261818372740143390', 'P_CENTER_DEVICE_CPAD');
INSERT INTO `xy_sys_func_sch_role` VALUES ('00000001201802261818372740143390', 'P_CENTER_DEVICE_CPAD_KGJ');
INSERT INTO `xy_sys_func_sch_role` VALUES ('00000001201802261818372740143390', 'P_CENTER_DEVICE_CPAD_LIST');
INSERT INTO `xy_sys_func_sch_role` VALUES ('00000001201802261818372740143390', 'P_CENTER_DEVICE_CPAD_PWD');
INSERT INTO `xy_sys_func_sch_role` VALUES ('00000001201802261818372740143390', 'P_CENTER_LOG');
INSERT INTO `xy_sys_func_sch_role` VALUES ('00000001201802261818372740143390', 'P_CENTER_LOG_IMP');
INSERT INTO `xy_sys_func_sch_role` VALUES ('00000001201802261818372740143390', 'P_CENTER_LOG_IMP_DATA');
INSERT INTO `xy_sys_func_sch_role` VALUES ('00000001201802261818372740143390', 'P_CENTER_LOG_PF');
INSERT INTO `xy_sys_func_sch_role` VALUES ('00000001201802261818372740143390', 'P_CENTER_LOG_PF_PF');
INSERT INTO `xy_sys_func_sch_role` VALUES ('00000001201802261818372740143390', 'P_DATA');
INSERT INTO `xy_sys_func_sch_role` VALUES ('00000001201802261818372740143390', 'P_DATA_CARD');
INSERT INTO `xy_sys_func_sch_role` VALUES ('00000001201802261818372740143390', 'P_DATA_CARD_CARD');
INSERT INTO `xy_sys_func_sch_role` VALUES ('00000001201802261818372740143390', 'P_DATA_CARD_FILL');
INSERT INTO `xy_sys_func_sch_role` VALUES ('00000001201802261818372740143390', 'P_DATA_CARD_RECORD');
INSERT INTO `xy_sys_func_sch_role` VALUES ('00000001201802261818372740143390', 'P_DATA_SCH');
INSERT INTO `xy_sys_func_sch_role` VALUES ('00000001201802261818372740143390', 'P_DATA_SCH_CLA');
INSERT INTO `xy_sys_func_sch_role` VALUES ('00000001201802261818372740143390', 'P_DATA_SCH_ROOM');
INSERT INTO `xy_sys_func_sch_role` VALUES ('00000001201802261818372740143390', 'P_DATA_STU');
INSERT INTO `xy_sys_func_sch_role` VALUES ('00000001201802261818372740143390', 'P_DATA_STU_FAM');
INSERT INTO `xy_sys_func_sch_role` VALUES ('00000001201802261818372740143390', 'P_DATA_STU_STU');
INSERT INTO `xy_sys_func_sch_role` VALUES ('00000001201802261818372740143390', 'P_DATA_TCH');
INSERT INTO `xy_sys_func_sch_role` VALUES ('00000001201802261818372740143390', 'P_DATA_TCH_ROLE');
INSERT INTO `xy_sys_func_sch_role` VALUES ('00000001201802261818372740143390', 'P_DATA_TCH_TCH');
INSERT INTO `xy_sys_func_sch_role` VALUES ('00000001201802261818372740143390', 'P_KQ');
INSERT INTO `xy_sys_func_sch_role` VALUES ('00000001201802261818372740143390', 'P_KQ_KQ');
INSERT INTO `xy_sys_func_sch_role` VALUES ('00000001201802261818372740143390', 'P_KQ_KQ_STU');
INSERT INTO `xy_sys_func_sch_role` VALUES ('00000001201802261818372740143390', 'P_KQ_KQ_TCH');
INSERT INTO `xy_sys_func_sch_role` VALUES ('00000001201802261818372740143390', 'P_KQ_MJ');
INSERT INTO `xy_sys_func_sch_role` VALUES ('00000001201802261818372740143390', 'P_KQ_MJ_FAM');
INSERT INTO `xy_sys_func_sch_role` VALUES ('00000001201802261818372740143390', 'P_KQ_MJ_STU');
INSERT INTO `xy_sys_func_sch_role` VALUES ('00000001201802261818372740143390', 'P_KQ_MJ_TCH');
INSERT INTO `xy_sys_func_sch_role` VALUES ('00000001201802261819005594031791', 'P_DATA');
INSERT INTO `xy_sys_func_sch_role` VALUES ('00000001201802261819005594031791', 'P_DATA_STU');
INSERT INTO `xy_sys_func_sch_role` VALUES ('00000001201802261819005594031791', 'P_DATA_STU_FAM');
INSERT INTO `xy_sys_func_sch_role` VALUES ('00000001201802261819005594031791', 'P_DATA_STU_FAM_MD');
INSERT INTO `xy_sys_func_sch_role` VALUES ('00000001201802261819005594031791', 'P_DATA_STU_FAM_UPD');
INSERT INTO `xy_sys_func_sch_role` VALUES ('00000001201802261819005594031791', 'P_DATA_STU_STU');
INSERT INTO `xy_sys_func_sch_role` VALUES ('00000001201802261819005594031791', 'P_DATA_STU_STU_IMP');
INSERT INTO `xy_sys_func_sch_role` VALUES ('00000001201802261819005594031791', 'P_DATA_STU_STU_MD');
INSERT INTO `xy_sys_func_sch_role` VALUES ('00000001201802261819005594031791', 'P_DATA_STU_STU_UPD');
INSERT INTO `xy_sys_func_sch_role` VALUES ('00000001201802261819005594031791', 'P_DATA_TCH');
INSERT INTO `xy_sys_func_sch_role` VALUES ('00000001201802261819005594031791', 'P_DATA_TCH_TCH');
INSERT INTO `xy_sys_func_sch_role` VALUES ('00000001201802261819005594031791', 'P_DATA_TCH_TCH_UPD');
INSERT INTO `xy_sys_func_sch_role` VALUES ('00000001201802261819179235577256', 'P_APP');
INSERT INTO `xy_sys_func_sch_role` VALUES ('00000001201802261819179235577256', 'P_APP_LEAVE');
INSERT INTO `xy_sys_func_sch_role` VALUES ('00000001201802261819179235577256', 'P_APP_LEAVE_APPLY');
INSERT INTO `xy_sys_func_sch_role` VALUES ('00000001201802261819179235577256', 'P_APP_LEAVE_APPLY_APPLY');
INSERT INTO `xy_sys_func_sch_role` VALUES ('00000001201802261819179235577256', 'P_APP_LEAVE_RECORD');
INSERT INTO `xy_sys_func_sch_role` VALUES ('00000001201802261819179235577256', 'P_APP_LEAVE_RECORD_APPROVE');
INSERT INTO `xy_sys_func_sch_role` VALUES ('00000001201802261819179235577256', 'P_CENTER');
INSERT INTO `xy_sys_func_sch_role` VALUES ('00000001201802261819179235577256', 'P_CENTER_DEVICE');
INSERT INTO `xy_sys_func_sch_role` VALUES ('00000001201802261819179235577256', 'P_CENTER_DEVICE_CPAD');
INSERT INTO `xy_sys_func_sch_role` VALUES ('00000001201802261819179235577256', 'P_CENTER_DEVICE_CPAD_KGJ');
INSERT INTO `xy_sys_func_sch_role` VALUES ('00000001201802261819179235577256', 'P_CENTER_DEVICE_CPAD_LIST');
INSERT INTO `xy_sys_func_sch_role` VALUES ('00000001201802261819179235577256', 'P_CENTER_DEVICE_CPAD_PWD');
INSERT INTO `xy_sys_func_sch_role` VALUES ('00000001201802261819179235577256', 'P_CENTER_DEVICE_DEVICE');
INSERT INTO `xy_sys_func_sch_role` VALUES ('00000001201802261819179235577256', 'P_CENTER_DEVICE_DEVICE_LIST');
INSERT INTO `xy_sys_func_sch_role` VALUES ('00000001201802261819179235577256', 'P_CENTER_LOG');
INSERT INTO `xy_sys_func_sch_role` VALUES ('00000001201802261819179235577256', 'P_CENTER_LOG_IMP');
INSERT INTO `xy_sys_func_sch_role` VALUES ('00000001201802261819179235577256', 'P_CENTER_LOG_IMP_DATA');
INSERT INTO `xy_sys_func_sch_role` VALUES ('00000001201802261819179235577256', 'P_CENTER_LOG_PF');
INSERT INTO `xy_sys_func_sch_role` VALUES ('00000001201802261819179235577256', 'P_CENTER_LOG_PF_PF');
INSERT INTO `xy_sys_func_sch_role` VALUES ('00000001201802261819179235577256', 'P_CONTENT');
INSERT INTO `xy_sys_func_sch_role` VALUES ('00000001201802261819179235577256', 'P_CONTENT_CONTENT');
INSERT INTO `xy_sys_func_sch_role` VALUES ('00000001201802261819179235577256', 'P_CONTENT_CONTENT_ACT');
INSERT INTO `xy_sys_func_sch_role` VALUES ('00000001201802261819179235577256', 'P_CONTENT_CONTENT_ACT_LIST');
INSERT INTO `xy_sys_func_sch_role` VALUES ('00000001201802261819179235577256', 'P_CONTENT_CONTENT_DY');
INSERT INTO `xy_sys_func_sch_role` VALUES ('00000001201802261819179235577256', 'P_CONTENT_CONTENT_DY_COMMENT');
INSERT INTO `xy_sys_func_sch_role` VALUES ('00000001201802261819179235577256', 'P_CONTENT_CONTENT_DY_COMMENTTX');
INSERT INTO `xy_sys_func_sch_role` VALUES ('00000001201802261819179235577256', 'P_CONTENT_CONTENT_GB');
INSERT INTO `xy_sys_func_sch_role` VALUES ('00000001201802261819179235577256', 'P_CONTENT_CONTENT_GB_EXAM');
INSERT INTO `xy_sys_func_sch_role` VALUES ('00000001201802261819179235577256', 'P_CONTENT_CONTENT_GB_JJ');
INSERT INTO `xy_sys_func_sch_role` VALUES ('00000001201802261819179235577256', 'P_CONTENT_CONTENT_GB_VIDEO');
INSERT INTO `xy_sys_func_sch_role` VALUES ('00000001201802261819179235577256', 'P_CONTENT_CONTENT_NOTICE');
INSERT INTO `xy_sys_func_sch_role` VALUES ('00000001201802261819179235577256', 'P_CONTENT_CONTENT_NOTICE_LIST');
INSERT INTO `xy_sys_func_sch_role` VALUES ('00000001201802261819179235577256', 'P_CONTENT_CONTENT_RY');
INSERT INTO `xy_sys_func_sch_role` VALUES ('00000001201802261819179235577256', 'P_CONTENT_CONTENT_RY_BJDP');
INSERT INTO `xy_sys_func_sch_role` VALUES ('00000001201802261819179235577256', 'P_CONTENT_CONTENT_RY_XSGRB');
INSERT INTO `xy_sys_func_sch_role` VALUES ('00000001201802261819179235577256', 'P_CONTENT_CONTENT_VIEW');
INSERT INTO `xy_sys_func_sch_role` VALUES ('00000001201802261819179235577256', 'P_CONTENT_CONTENT_VIEW_CLA');
INSERT INTO `xy_sys_func_sch_role` VALUES ('00000001201802261819179235577256', 'P_CONTENT_CONTENT_VIEW_DEVICE');
INSERT INTO `xy_sys_func_sch_role` VALUES ('00000001201802261819179235577256', 'P_CONTENT_COURSE');
INSERT INTO `xy_sys_func_sch_role` VALUES ('00000001201802261819179235577256', 'P_CONTENT_COURSE_KB');
INSERT INTO `xy_sys_func_sch_role` VALUES ('00000001201802261819179235577256', 'P_CONTENT_COURSE_KB_CLA');
INSERT INTO `xy_sys_func_sch_role` VALUES ('00000001201802261819179235577256', 'P_CONTENT_COURSE_KB_IMP');
INSERT INTO `xy_sys_func_sch_role` VALUES ('00000001201802261819179235577256', 'P_CONTENT_COURSE_KB_IMPTCH');
INSERT INTO `xy_sys_func_sch_role` VALUES ('00000001201802261819179235577256', 'P_CONTENT_COURSE_KB_IMPZW');
INSERT INTO `xy_sys_func_sch_role` VALUES ('00000001201802261819179235577256', 'P_CONTENT_COURSE_KM');
INSERT INTO `xy_sys_func_sch_role` VALUES ('00000001201802261819179235577256', 'P_CONTENT_COURSE_KM_LIST');
INSERT INTO `xy_sys_func_sch_role` VALUES ('00000001201802261819179235577256', 'P_DATA');
INSERT INTO `xy_sys_func_sch_role` VALUES ('00000001201802261819179235577256', 'P_DATA_CARD');
INSERT INTO `xy_sys_func_sch_role` VALUES ('00000001201802261819179235577256', 'P_DATA_CARD_CARD');
INSERT INTO `xy_sys_func_sch_role` VALUES ('00000001201802261819179235577256', 'P_DATA_CARD_FILL');
INSERT INTO `xy_sys_func_sch_role` VALUES ('00000001201802261819179235577256', 'P_DATA_CARD_RECORD');
INSERT INTO `xy_sys_func_sch_role` VALUES ('00000001201802261819179235577256', 'P_DATA_SCH');
INSERT INTO `xy_sys_func_sch_role` VALUES ('00000001201802261819179235577256', 'P_DATA_SCH_CLA');
INSERT INTO `xy_sys_func_sch_role` VALUES ('00000001201802261819179235577256', 'P_DATA_SCH_CLA_BJ');
INSERT INTO `xy_sys_func_sch_role` VALUES ('00000001201802261819179235577256', 'P_DATA_SCH_CLA_NJ');
INSERT INTO `xy_sys_func_sch_role` VALUES ('00000001201802261819179235577256', 'P_DATA_SCH_ROOM');
INSERT INTO `xy_sys_func_sch_role` VALUES ('00000001201802261819179235577256', 'P_DATA_SCH_ROOM_IMP');
INSERT INTO `xy_sys_func_sch_role` VALUES ('00000001201802261819179235577256', 'P_DATA_SCH_ROOM_LIST');
INSERT INTO `xy_sys_func_sch_role` VALUES ('00000001201802261819179235577256', 'P_DATA_STU');
INSERT INTO `xy_sys_func_sch_role` VALUES ('00000001201802261819179235577256', 'P_DATA_STU_FAM');
INSERT INTO `xy_sys_func_sch_role` VALUES ('00000001201802261819179235577256', 'P_DATA_STU_FAM_MD');
INSERT INTO `xy_sys_func_sch_role` VALUES ('00000001201802261819179235577256', 'P_DATA_STU_FAM_UPD');
INSERT INTO `xy_sys_func_sch_role` VALUES ('00000001201802261819179235577256', 'P_DATA_STU_STU');
INSERT INTO `xy_sys_func_sch_role` VALUES ('00000001201802261819179235577256', 'P_DATA_STU_STU_IMP');
INSERT INTO `xy_sys_func_sch_role` VALUES ('00000001201802261819179235577256', 'P_DATA_STU_STU_MD');
INSERT INTO `xy_sys_func_sch_role` VALUES ('00000001201802261819179235577256', 'P_DATA_STU_STU_UPD');
INSERT INTO `xy_sys_func_sch_role` VALUES ('00000001201802261819179235577256', 'P_DATA_TCH');
INSERT INTO `xy_sys_func_sch_role` VALUES ('00000001201802261819179235577256', 'P_DATA_TCH_ROLE');
INSERT INTO `xy_sys_func_sch_role` VALUES ('00000001201802261819179235577256', 'P_DATA_TCH_ROLE_ROLE');
INSERT INTO `xy_sys_func_sch_role` VALUES ('00000001201802261819179235577256', 'P_DATA_TCH_ROLE_ROLE_A');
INSERT INTO `xy_sys_func_sch_role` VALUES ('00000001201802261819179235577256', 'P_DATA_TCH_ROLE_ROLE_U');
INSERT INTO `xy_sys_func_sch_role` VALUES ('00000001201802261819179235577256', 'P_DATA_TCH_TCH');
INSERT INTO `xy_sys_func_sch_role` VALUES ('00000001201802261819179235577256', 'P_DATA_TCH_TCH_IMP');
INSERT INTO `xy_sys_func_sch_role` VALUES ('00000001201802261819179235577256', 'P_DATA_TCH_TCH_MD');
INSERT INTO `xy_sys_func_sch_role` VALUES ('00000001201802261819179235577256', 'P_DATA_TCH_TCH_UPD');
INSERT INTO `xy_sys_func_sch_role` VALUES ('00000001201802261819179235577256', 'P_KQ');
INSERT INTO `xy_sys_func_sch_role` VALUES ('00000001201802261819179235577256', 'P_KQ_KQ');
INSERT INTO `xy_sys_func_sch_role` VALUES ('00000001201802261819179235577256', 'P_KQ_KQ_STU');
INSERT INTO `xy_sys_func_sch_role` VALUES ('00000001201802261819179235577256', 'P_KQ_KQ_STU_DETAIl');
INSERT INTO `xy_sys_func_sch_role` VALUES ('00000001201802261819179235577256', 'P_KQ_KQ_STU_STA');
INSERT INTO `xy_sys_func_sch_role` VALUES ('00000001201802261819179235577256', 'P_KQ_KQ_TCH');
INSERT INTO `xy_sys_func_sch_role` VALUES ('00000001201802261819179235577256', 'P_KQ_KQ_TCH_DETAIl');
INSERT INTO `xy_sys_func_sch_role` VALUES ('00000001201802261819179235577256', 'P_KQ_KQ_TCH_STA');
INSERT INTO `xy_sys_func_sch_role` VALUES ('00000001201802261819179235577256', 'P_KQ_MJ');
INSERT INTO `xy_sys_func_sch_role` VALUES ('00000001201802261819179235577256', 'P_KQ_MJ_FAM');
INSERT INTO `xy_sys_func_sch_role` VALUES ('00000001201802261819179235577256', 'P_KQ_MJ_STU');
INSERT INTO `xy_sys_func_sch_role` VALUES ('00000001201802261819179235577256', 'P_KQ_MJ_TCH');
INSERT INTO `xy_sys_func_sch_role` VALUES ('00000001201802261819179235577256', 'P_OTHER');
INSERT INTO `xy_sys_func_sch_role` VALUES ('00000001201802261819179235577256', 'P_OTHER_IMP');
INSERT INTO `xy_sys_func_sch_role` VALUES ('00000001201802261819179235577256', 'P_OTHER_UI');
INSERT INTO `xy_sys_func_sch_role` VALUES ('00000001201802261819179235577256', 'P_OTHER_UPD');
